time_s,signal
0.0,4.515235853987722
0.001,4.416036409030449
0.002,4.412008718960427
0.003,4.2676954484629785
0.004,3.9111729453098825
0.005,3.6764960084250804
0.006,3.4294058806173537
0.007,3.041553069374971
0.008,2.6488797101299353
0.009000000000000001,2.163063002379457
0.01,1.7754579185448034
0.011,1.2724784431160105
0.012,0.722193431314695
0.013000000000000001,0.2508621441502578
0.014,-0.3089775352719006
0.015,-0.8973675012578195
0.016,-1.3460167899889584
0.017,-1.9034247088903555
0.018000000000000002,-2.276797576461876
0.019,-2.756265974852526
0.02,-3.1579157470176997
0.021,-3.5340471132513223
0.022,-3.74180135439298
0.023,-4.061026474252745
0.024,-4.269102089361075
0.025,-4.401035807402919
0.026000000000000002,-4.432068035977429
0.027,-4.4541644982982875
0.028,-4.403888334818083
0.029,-4.294093664865227
0.03,-4.040210389381156
0.031,-3.942165687084659
0.032,-3.668035463879872
0.033,-3.3535914844741184
0.034,-2.9070484922463056
0.035,-2.465998373614869
0.036000000000000004,-2.0781426480475154
0.037,-1.636068617866706
0.038,-1.1351247628055177
0.039,-0.5463399516289097
0.04,-0.018911464017571322
0.041,0.4944324968687074
0.042,0.9506864184077297
0.043000000000000003,1.498474754327851
0.044,1.9748959268192408
0.045,2.434842102592932
0.046,2.8887169937773036
0.047,3.2381617842312127
0.048,3.5981150704738805
0.049,3.855456785849918
0.05,4.101214745231153
0.051000000000000004,4.296563558679049
0.052000000000000005,4.311507550068273
0.053,4.427252877605355
0.054,4.417307584051396
0.055,4.345249744904111
0.056,4.23948456490314
0.057,4.1454515930329
0.058,3.7888317772637228
0.059000000000000004,3.5892247407798146
0.06,3.1166618260193046
0.061,2.8000704827225253
0.062,2.402289084174753
0.063,1.9679698003383894
0.064,1.4921912497101144
0.065,0.9943891270914036
0.066,0.42242585923865505
0.067,-0.103963084631851
0.068,-0.5573210825636702
0.069,-1.1206664626475893
0.07,-1.670234230099323
0.07100000000000001,-2.1361076468825146
0.07200000000000001,-2.5695424501815887
0.073,-2.9078607047468137
0.074,-3.294142681156129
0.075,-3.589617354117722
0.076,-3.9182821653008184
0.077,-4.107931106656925
0.078,-4.246681992132111
0.079,-4.396486151714558
0.08,-4.400795264415212
0.081,-4.438341280232596
0.082,-4.344283524326737
0.083,-4.206494672447263
0.084,-4.050805336052335
0.085,-3.7153307410795353
0.08600000000000001,-3.4603640100310757
0.08700000000000001,-3.0862281830329183
0.088,-2.6703646971109207
0.089,-2.2426430825081756
0.09,-1.7712223580797164
0.091,-1.3242536293236835
0.092,-0.8373468274737865
0.093,-0.305979379660731
0.094,0.13177576561164073
0.095,0.6587254042344796
0.096,1.1695893237136752
0.097,1.6732570431064495
0.098,2.206542758970156
0.099,2.5743752687128048
0.1,2.9975386594973306
0.101,3.436452959049869
0.10200000000000001,3.6620930082244043
0.10300000000000001,3.9743341808637065
0.10400000000000001,4.093937866237928
0.105,4.276337345617627
0.106,4.32594003081353
0.107,4.38299056141836
0.108,4.407787852294101
0.109,4.185062360339959
0.11,4.139957146244062
0.111,3.920218668835058
0.112,3.6149263102821325
0.113,3.258496886924271
0.114,2.9747839986362234
0.115,2.544269556149475
0.116,2.146671299164579
0.117,1.6711716957514207
0.11800000000000001,1.2623803594642555
0.11900000000000001,0.6664411486641512
0.12,0.11421028437784439
0.121,-0.3407394850175027
0.122,-0.8487543888993168
0.123,-1.2897786382864278
0.124,-1.7950387089466722
0.125,-2.272482880283851
0.126,-2.6389274634489506
0.127,-3.1557296154797414
0.128,-3.4696295985775354
0.129,-3.7777850518389835
0.13,-3.9931939478949574
0.131,-4.229899855170187
0.132,-4.259224960453795
0.133,-4.372798496680911
0.134,-4.445770517290398
0.135,-4.373269898130691
0.136,-4.197504936516797
0.137,-4.003924947890143
0.138,-3.722937871755913
0.139,-3.4014154873391678
0.14,-3.2019359402527403
0.14100000000000001,-2.903388266492779
0.14200000000000002,-2.552578066437279
0.14300000000000002,-1.991104467947513
0.14400000000000002,-1.5762019040634632
0.145,-1.0664145329633878
0.146,-0.5721332599969267
0.147,-0.037195627947967456
0.148,0.5347162793429371
0.149,0.9939911815062334
0.15,1.4691211741134143
0.151,1.8956148873364989
0.152,2.306962822226277
0.153,2.776535521548982
0.154,3.169529628286633
0.155,3.5880934124044224
0.156,3.7853027838546858
0.157,4.054804773679948
0.158,4.152262423237845
0.159,4.231878113193141
0.16,4.297560213667091
0.161,4.304309019563126
0.162,4.381909089352296
0.163,4.110414974047966
0.164,4.012225180172811
0.165,3.6893103755181613
0.166,3.4938054133267773
0.167,3.1318398214371275
0.168,2.7273547089071757
0.169,2.318192684871242
0.17,1.8407220587526179
0.171,1.4233548475602218
0.17200000000000001,0.8867746606519052
0.17300000000000001,0.3443834080205892
0.17400000000000002,-0.16747441931318047
0.17500000000000002,-0.6025475752268743
0.176,-1.031182711614502
0.177,-1.5855835904089766
0.178,-2.0607880739970783
0.179,-2.473314906292802
0.18,-2.820579127091058
0.181,-3.233229729172665
0.182,-3.5781883046950806
0.183,-3.7665916121601675
0.184,-4.011930724412841
0.185,-4.112348487697744
0.186,-4.277923446445727
0.187,-4.387112549305396
0.188,-4.373445901494159
0.189,-4.142297817093446
0.19,-4.000255136216635
0.191,-3.900729100708172
0.192,-3.6626553906520125
0.193,-3.2720399489499266
0.194,-3.056088553532765
0.195,-2.659871737747993
0.196,-2.161476566351597
0.197,-1.7618150531568886
0.198,-1.2669551754906119
0.199,-0.7822218084396756
0.2,-0.2540569651340207
0.201,0.3060763579300704
0.202,0.7434072193970244
0.203,1.2638528057279026
0.20400000000000001,1.6047380285692734
0.20500000000000002,2.156664850234834
0.20600000000000002,2.53883725113468
0.20700000000000002,2.906196053465923
0.20800000000000002,3.268298509854152
0.209,3.594760809604701
0.21,3.9066078751679387
0.211,3.9905071506056333
0.212,4.198360722243318
0.213,4.254704739705945
0.214,4.285587993176636
0.215,4.315849239287512
0.216,4.197562894208304
0.217,4.085014027891671
0.218,3.8025738098606205
0.219,3.5152135919659244
0.22,3.2296965503303268
0.221,2.8993424389905735
0.222,2.502718313682087
0.223,2.012125487288553
0.224,1.6150165299570691
0.225,1.144039006122623
0.226,0.7652225514947725
0.227,0.23130510246670005
0.228,-0.40876965487376904
0.229,-0.8787882253135583
0.23,-1.4237761826922082
0.231,-1.8475002252060233
0.232,-2.2442858262391963
0.233,-2.6105305939090075
0.234,-3.081040927069163
0.23500000000000001,-3.4089264300686035
0.23600000000000002,-3.7685304927538574
0.23700000000000002,-3.903652018869631
0.23800000000000002,-4.129188219526048
0.23900000000000002,-4.226817801384773
0.24,-4.310507022674247
0.241,-4.2788451320364524
0.242,-4.310558065394651
0.243,-4.186369372563371
0.244,-3.840242228805625
0.245,-3.7904218532030387
0.246,-3.5089596674132495
0.247,-3.0428383952691056
0.248,-2.6269122665560447
0.249,-2.430159324597628
0.25,-1.956881261122091
0.251,-1.4617360597425768
0.252,-0.9125293535573259
0.253,-0.55488678043424
0.254,-0.017625030412814727
0.255,0.5335524076564467
0.256,1.0094405509967739
0.257,1.4480871995193603
0.258,1.9189720706820521
0.259,2.288945881177528
0.26,2.745123764089666
0.261,3.1048773904017217
0.262,3.4478289528464
0.263,3.678970858126096
0.264,3.949614447455951
0.265,4.141755282808143
0.266,4.207501464548548
0.267,4.267983216758398
0.268,4.245099288060858
0.269,4.1760068617378705
0.27,4.015941375800373
0.271,3.888049597958965
0.272,3.634257302189624
0.273,3.4606039934039714
0.274,3.105289495221803
0.275,2.6750020711186244
0.276,2.2101877326519297
0.277,1.7545252216043556
0.278,1.4067366060117648
0.279,0.8789721227002184
0.28,0.3967623432508091
0.281,-0.2124855471420231
0.28200000000000003,-0.5749597807294131
0.28300000000000003,-1.0859118587181231
0.28400000000000003,-1.6359668101758618
0.28500000000000003,-2.0538470170001046
0.28600000000000003,-2.4387312389031077
0.28700000000000003,-2.836959716930469
0.28800000000000003,-3.2025469281805226
0.289,-3.4973713614809134
0.29,-3.7607815246909677
0.291,-3.944758494439517
0.292,-4.028440731746205
0.293,-4.323361772180659
0.294,-4.242011136673851
0.295,-4.198148877294092
0.296,-4.11099103586945
0.297,-4.006356652493901
0.298,-3.8826479675279826
0.299,-3.533226975831527
0.3,-3.169240202421006
0.301,-2.9935218320255927
0.302,-2.494787860352359
0.303,-2.140725299906714
0.304,-1.6845721329036332
0.305,-1.2683616013474048
0.306,-0.7500853791927875
0.307,-0.1760982920475971
0.308,0.2834115104189144
0.309,0.8325599737458267
0.31,1.285990228053538
0.311,1.7131294940020085
0.312,2.2189171948305515
0.313,2.564641519276684
0.314,2.9598353161518403
0.315,3.2389586626849622
0.316,3.5474667080311715
0.317,3.7506372970090456
0.318,4.024066558189612
0.319,4.049876080763765
0.32,4.225410549690185
0.321,4.196515453676537
0.322,4.226370435512868
0.323,4.109668251652791
0.324,4.01137373548732
0.325,3.7511128073892794
0.326,3.379080201520966
0.327,3.1498812960924814
0.328,2.7468312454240236
0.329,2.3931892756659296
0.33,2.0751476528052364
0.331,1.5845547859930131
0.332,1.0496051320064215
0.333,0.5509837632776861
0.334,0.11233457483915879
0.335,-0.44242663391476456
0.336,-0.9019821143268485
0.337,-1.3274741498501446
0.338,-1.7412429597819825
0.339,-2.1995109752732445
0.34,-2.7445299026036567
0.341,-2.978337526877996
0.342,-3.3121213414380066
0.343,-3.571348225692152
0.34400000000000003,-3.737914313918257
0.34500000000000003,-4.095826803429922
0.34600000000000003,-4.141042311052406
0.34700000000000003,-4.144031236311868
0.34800000000000003,-4.257180675768666
0.34900000000000003,-4.0512246940464385
0.35000000000000003,-3.9966782520850987
0.35100000000000003,-3.8075329298288776
0.352,-3.6601686880604394
0.353,-3.3227170543343854
0.354,-2.9955084969043346
0.355,-2.6809130139666757
0.356,-2.287490469808176
0.357,-1.8608140988064181
0.358,-1.4669572483137154
0.359,-0.9611852762635406
0.36,-0.4785015084253519
0.361,0.037516697286597386
0.362,0.5571022313895082
0.363,0.9357517152954428
0.364,1.450162953920191
0.365,1.9779458445306253
0.366,2.2877177124061685
0.367,2.672579734791163
0.368,3.0750271287425672
0.369,3.415948829864895
0.37,3.6364770867224876
0.371,3.9142935872161724
0.372,4.049487781756793
0.373,4.15223734692792
0.374,4.184642511646756
0.375,4.26278050474901
0.376,4.068441115275932
0.377,3.854621950227737
0.378,3.8566389239730876
0.379,3.5231806446595546
0.38,3.2723080107410776
0.381,3.008317863861258
0.382,2.4982183613335223
0.383,2.1158469299754246
0.384,1.668598393915283
0.385,1.2552610397311115
0.386,0.84559270887638
0.387,0.3673065270226037
0.388,-0.1321028160711969
0.389,-0.7013523008445495
0.39,-1.222117760722751
0.391,-1.5643373620955685
0.392,-2.0292887744682053
0.393,-2.393539877235909
0.394,-2.7587330142472912
0.395,-3.125564615851092
0.396,-3.389787990746801
0.397,-3.664270797839651
0.398,-3.8463853376019075
0.399,-4.051803145847543
0.4,-4.113796267781618
0.401,-4.12659508406082
0.402,-4.069985509493374
0.403,-4.048611319973636
0.404,-3.8652680052009196
0.405,-3.7134304929876394
0.406,-3.4638962363115997
0.40700000000000003,-3.126851501386888
0.40800000000000003,-2.93473035372388
0.40900000000000003,-2.527705026798748
0.41000000000000003,-2.130996575183782
0.41100000000000003,-1.7393872485146062
0.41200000000000003,-1.2002497065554785
0.41300000000000003,-0.6566067899906741
0.41400000000000003,-0.22669409502797117
0.41500000000000004,0.28179490068928537
0.41600000000000004,0.8067695544167737
0.417,1.2885228522414685
0.418,1.6714652369955707
0.419,2.172103603601778
0.42,2.509339856934566
0.421,2.828473269967325
0.422,3.166507362816113
0.423,3.4038831807892773
0.424,3.6671195148088285
0.425,3.875974587408468
0.426,4.062644473822965
0.427,4.18158387543859
0.428,4.043022619964744
0.429,4.091660587374827
0.43,3.923757560100742
0.431,3.8485134803172985
0.432,3.614551330488012
0.433,3.276050626174224
0.434,3.114180173355518
0.435,2.695516906011643
0.436,2.3196384204007026
0.437,1.8812239478423192
0.438,1.4638755196910835
0.439,1.05941358677977
0.44,0.555868157179532
0.441,0.10147935446375454
0.442,-0.3781125844942751
0.443,-0.8057661176018516
0.444,-1.3523102812096714
0.445,-1.8537837521698546
0.446,-2.1466237417171525
0.447,-2.6060968396341586
0.448,-2.887466401957277
0.449,-3.2369759315042246
0.45,-3.530628234879026
0.451,-3.725862083649335
0.452,-3.813280763782251
0.453,-3.9205259248738162
0.454,-4.078919803749889
0.455,-4.076087099515086
0.456,-3.9756863489681584
0.457,-3.9616534567868666
0.458,-3.7386008500425487
0.459,-3.540728642800682
0.46,-3.259215483296394
0.461,-3.0070163051617
0.462,-2.694511485288379
0.463,-2.3324625230639455
0.464,-1.8678974810621827
0.465,-1.393370481920506
0.466,-0.9247966678937924
0.467,-0.3406215981601597
0.468,0.0963033251017702
0.46900000000000003,0.4706196952465299
0.47000000000000003,1.0064782851693581
0.47100000000000003,1.4252739381153137
0.47200000000000003,1.8678228189210806
0.47300000000000003,2.301590474975366
0.47400000000000003,2.7017905614904896
0.47500000000000003,2.9953965778109146
0.47600000000000003,3.3654063240859693
0.47700000000000004,3.5091813946559314
0.47800000000000004,3.77138670187969
0.47900000000000004,4.053669099036316
0.48,4.033495740440246
0.481,4.137063492841606
0.482,4.056974107476048
0.483,4.01256943251824
0.484,3.856933943639378
0.485,3.6743345254408024
0.486,3.416263263682668
0.487,3.201594942424242
0.488,2.818618934508764
0.489,2.5362790546899623
0.49,2.1647109916118854
0.491,1.7072892637327184
0.492,1.2300584413074873
0.493,0.8055085344418025
0.494,0.2952175955973487
0.495,-0.1188149250953838
0.496,-0.730923200063488
0.497,-1.1208805139936329
0.498,-1.6529711856418032
0.499,-2.055909046014952
0.5,-2.3131955334498997
0.501,-2.7038630026219264
0.502,-3.1137818337505507
0.503,-3.4395481947809063
0.504,-3.7527607538509846
0.505,-3.82202570503167
0.506,-3.8117492371776693
0.507,-3.994667856617937
0.508,-4.072625452636179
0.509,-3.993854289811023
0.51,-4.012247453121882
0.511,-3.8119529828174934
0.512,-3.6027093271795074
0.513,-3.372926893547693
0.514,-3.0436791556572573
0.515,-2.7381978960183306
0.516,-2.3563745068623363
0.517,-2.025776801090149
0.518,-1.5207482789044373
0.519,-1.037067174505202
0.52,-0.7046638502904297
0.521,-0.22933157103179555
0.522,0.3554039136930535
0.523,0.7484311473343708
0.524,1.2869258359046862
0.525,1.6363772797704723
0.526,2.1499752029610497
0.527,2.473702652709574
0.528,2.835768494566457
0.529,3.217755003907229
0.53,3.3946767352265415
0.531,3.591790545111448
0.532,3.792238002908633
0.533,3.960437819159733
0.534,3.9283476628582963
0.535,4.052057351361748
0.536,3.951363550134875
0.537,3.938981855685507
0.538,3.6116944372859674
0.539,3.4905154766150166
0.54,3.1953771827461317
0.541,2.943135447460166
0.542,2.6605555036119597
0.543,2.26656839279451
0.544,1.8590032889547863
0.545,1.434221177430718
0.546,1.0031558411404038
0.547,0.4798644676394754
0.548,0.09582203262581063
0.549,-0.3768353907893994
0.55,-0.8553154596631725
0.551,-1.299087054221888
0.552,-1.7459557785923687
0.553,-2.0684288659339347
0.554,-2.553851995711296
0.555,-2.908858327434636
0.556,-3.235151729774667
0.557,-3.5088500916623078
0.558,-3.7314499434754222
0.559,-3.8749808764680904
0.56,-3.942512264690188
0.561,-3.976350537962213
0.562,-3.9895222063882514
0.5630000000000001,-3.9743337733480697
0.5640000000000001,-3.780784627484822
0.5650000000000001,-3.6258621316681903
0.5660000000000001,-3.457424942235141
0.5670000000000001,-3.2212320240974726
0.5680000000000001,-2.8564586615801555
0.5690000000000001,-2.530144608754402
0.5700000000000001,-2.232746105327738
0.5710000000000001,-1.7549109568643007
0.5720000000000001,-1.3056068392286844
0.5730000000000001,-0.9128914416060624
0.5740000000000001,-0.3958365221768469
0.5750000000000001,-0.010097990951298541
0.5760000000000001,0.5963641281271685
0.577,1.051367252522487
0.578,1.421931489424113
0.579,1.8783530695026458
0.58,2.139483184067728
0.581,2.5706357855238853
0.582,2.945846260366643
0.583,3.1980557831895737
0.584,3.533558253504562
0.585,3.795552992922166
0.586,3.7836735502901755
0.587,3.8944109706515113
0.588,3.987529524877119
0.589,4.040957601285912
0.59,3.8293342062062794
0.591,3.779349569826547
0.592,3.68252716288849
0.593,3.2839987584487784
0.594,3.0313387923751645
0.595,2.7604567680158034
0.596,2.4036352835457464
0.597,2.0849736435352773
0.598,1.6430829354157244
0.599,1.1065960334522849
0.6,0.7691621904136409
0.601,0.252503284171932
0.602,-0.12059409168370666
0.603,-0.6786558834649968
0.604,-1.1329492567283181
0.605,-1.5125327742801438
0.606,-1.9185042532162515
0.607,-2.32415637511593
0.608,-2.7882374217420414
0.609,-2.9970239098773486
0.61,-3.353785456355429
0.611,-3.522809945219612
0.612,-3.789437201814624
0.613,-3.828272381264768
0.614,-3.9701148039926593
0.615,-4.018901798448959
0.616,-3.889531409097343
0.617,-3.8294899397804802
0.618,-3.7356941168060422
0.619,-3.444837945405684
0.62,-3.303417366610719
0.621,-2.9986275726791423
0.622,-2.6643908967079795
0.623,-2.3496409114053165
0.624,-1.9041065380854312
0.625,-1.5369301955245829
0.626,-1.092787854668646
0.627,-0.5514241623451447
0.628,-0.21058452408675365
0.629,0.18379917374763383
0.63,0.8435869038236246
0.631,1.3383961053142441
0.632,1.6216733634740415
0.633,1.9532845265972163
0.634,2.4143563973415976
0.635,2.761664648274616
0.636,3.0741585340460005
0.637,3.293022306514642
0.638,3.596428778749695
0.639,3.763160649418407
0.64,3.7801091998391065
0.641,3.9544894758929954
0.642,4.03280035443422
0.643,3.895212958075559
0.644,3.7726330609098784
0.645,3.633080452406765
0.646,3.4715021624580733
0.647,3.1074125124540695
0.648,2.9114427481713268
0.649,2.5530739797876074
0.65,2.2990341617276315
0.651,1.8017118343659801
0.652,1.4727994611729875
0.653,0.8942244367491988
0.654,0.5258765355264344
0.655,0.05293069769767771
0.656,-0.466361156680043
0.657,-0.8678849383225076
0.658,-1.257696813371525
0.659,-1.7577198992735918
0.66,-2.2251487195089243
0.661,-2.5107707863008395
0.662,-2.889598177247095
0.663,-3.156822620299927
0.664,-3.395604048968281
0.665,-3.6817634235419887
0.666,-3.8325510011386372
0.667,-3.8311631244082824
0.668,-3.9317067617906467
0.669,-4.030247200299053
0.67,-3.805413443175342
0.671,-3.720702627675881
0.672,-3.608243507704815
0.673,-3.427434965436902
0.674,-3.062590784467214
0.675,-2.787010884357131
0.676,-2.3469075795956247
0.677,-2.072731673479781
0.678,-1.6733503641312595
0.679,-1.2769078549813233
0.68,-0.7862377186206373
0.681,-0.3431202148764949
0.682,0.14588502448838325
0.683,0.513565297690247
0.684,0.9665625009751989
0.685,1.399265098844601
0.686,1.8778439116731716
0.687,2.302788075100715
0.6880000000000001,2.563614792414805
0.6890000000000001,2.888195459048511
0.6900000000000001,3.2077688940605875
0.6910000000000001,3.418281818725009
0.6920000000000001,3.669281796783968
0.6930000000000001,3.6501890077380157
0.6940000000000001,3.8106066603266453
0.6950000000000001,3.8488429682195004
0.6960000000000001,3.7543513885224584
0.6970000000000001,3.751241284889569
0.6980000000000001,3.630368531392331
0.6990000000000001,3.4921451594566926
0.7000000000000001,3.3357127533093744
0.7010000000000001,3.0005482212065386
0.7020000000000001,2.652573660077105
0.7030000000000001,2.3554291093801356
0.704,2.032530888402442
0.705,1.5259302205301726
0.706,1.1023156187413443
0.707,0.7332425306179754
0.708,0.24217100629712218
0.709,-0.16974679192010728
0.71,-0.6551944519750127
0.711,-1.0626066322157754
0.712,-1.577302046339282
0.713,-1.932799094732467
0.714,-2.3225671593779604
0.715,-2.7206307067541027
0.716,-3.0489977301790097
0.717,-3.206436257120476
0.718,-3.4833796914734156
0.719,-3.6941782934290264
0.72,-3.7748059718481004
0.721,-3.788500531809387
0.722,-3.980803699102897
0.723,-3.9101457817172713
0.724,-3.79714293257123
0.725,-3.5419467612339357
0.726,-3.4151023441443193
0.727,-3.157892788316423
0.728,-2.976326319724463
0.729,-2.6582238532074784
0.73,-2.227042469473339
0.731,-1.8628419160683543
0.732,-1.4290800736045675
0.733,-1.0367535448249305
0.734,-0.5703321758337805
0.735,-0.12533424523552822
0.736,0.3582948663603023
0.737,0.807810043834867
0.738,1.1237504518188492
0.739,1.5128722427220498
0.74,2.073231707911087
0.741,2.4523803296389044
0.742,2.6786662874222933
0.743,2.9356347216832415
0.744,3.290627658781603
0.745,3.5438614053953357
0.746,3.750538193308254
0.747,3.7992761295538493
0.748,3.815608077751251
0.749,3.7973844961268877
0.75,3.797489182571913
0.751,3.6845017999486127
0.752,3.5002983706560387
0.753,3.4561820891811412
0.754,3.1995417842802527
0.755,2.8808472229844906
0.756,2.452950246384639
0.757,2.182375884818641
0.758,1.782891394184126
0.759,1.3603468460921175
0.76,0.9697362733328955
0.761,0.49572815304765455
0.762,0.0514566672535901
0.763,-0.40321291573765267
0.764,-0.8613461661603096
0.765,-1.3985977922613575
0.766,-1.7180344289954026
0.767,-2.1389066966056225
0.768,-2.5347028646017065
0.769,-2.7120202880226327
0.77,-2.996376479691028
0.771,-3.258958621415319
0.772,-3.5122833703096816
0.773,-3.606956024491486
0.774,-3.772606855848117
0.775,-3.8097311463857317
0.776,-3.8685238981816585
0.777,-3.735403033808264
0.778,-3.6418884562052805
0.779,-3.5494913927235086
0.78,-3.27840004408897
0.781,-3.026233316548167
0.782,-2.637215765651493
0.783,-2.3497570520163418
0.784,-2.0283977289238493
0.785,-1.6232140366171326
0.786,-1.2177414368356754
0.787,-0.7977521196906365
0.788,-0.3987053704779478
0.789,0.09545037620574673
0.79,0.5116770423140482
0.791,0.9246893616767965
0.792,1.4371953120459326
0.793,1.835986844706313
0.794,2.1066655595978663
0.795,2.5390095107918316
0.796,2.9088364323525693
0.797,3.186372097255691
0.798,3.4157483803653723
0.799,3.5509667888125143
0.8,3.6423274362213935
0.801,3.7150990216982596
0.802,3.819217735624802
0.803,3.8012252554389216
0.804,3.7747657799268093
0.805,3.6424130017783125
0.806,3.408411206156627
0.807,3.133412206434969
0.808,2.9163027691487136
0.809,2.6394403242306312
0.81,2.2786839329199484
0.811,1.8886910671519708
0.812,1.5327468015321484
0.8130000000000001,1.0766315035283294
0.8140000000000001,0.6371382032179836
0.8150000000000001,0.24179137329190553
0.8160000000000001,-0.23913669712755153
0.8170000000000001,-0.6488809296440633
0.8180000000000001,-1.0801753551200857
0.8190000000000001,-1.568294552896056
0.8200000000000001,-1.9318615691899939
0.8210000000000001,-2.20591874773905
0.8220000000000001,-2.6743613283666785
0.8230000000000001,-3.024328729710199
0.8240000000000001,-3.2734642137482544
0.8250000000000001,-3.3968363026456374
0.8260000000000001,-3.5677237847481944
0.8270000000000001,-3.6968485733805467
0.8280000000000001,-3.701020354907028
0.8290000000000001,-3.9142426499174694
0.8300000000000001,-3.7275462063189098
0.8310000000000001,-3.584364252428
0.8320000000000001,-3.5834620070358905
0.833,-3.3621310139197877
0.834,-3.1508400907692495
0.835,-2.8851441474205863
0.836,-2.544926341312816
0.837,-2.1106956265774572
0.838,-1.713719657469446
0.839,-1.4211704219648669
0.84,-0.8887120254441019
0.841,-0.5483889061204057
0.842,-0.021283151666475736
0.843,0.32888440763663
0.844,0.7778349844975088
0.845,1.2164714941989259
0.846,1.7673579331983271
0.847,2.03885036388882
0.848,2.321109061213114
0.849,2.732469675009644
0.85,2.956334917461097
0.851,3.199216975301661
0.852,3.4738642745750963
0.853,3.587366193837329
0.854,3.7076166025399115
0.855,3.7512947021393073
0.856,3.7726008195834813
0.857,3.7304151290452805
0.858,3.5145968672751824
0.859,3.497304137779562
0.86,3.2197107127770646
0.861,2.956549445174559
0.862,2.743942771928046
0.863,2.431510066653007
0.864,2.039753495233982
0.865,1.7346472877591192
0.866,1.2214721212416335
0.867,0.8461237404943102
0.868,0.4033489328242135
0.869,-0.009396752247803626
0.87,-0.4325021499346168
0.871,-0.9298785761886431
0.872,-1.2640015321785447
0.873,-1.6996952151189384
0.874,-2.1764269985106433
0.875,-2.52988336306592
0.876,-2.749018752935146
0.877,-3.037876465692549
0.878,-3.2685781923696373
0.879,-3.456295150223507
0.88,-3.5873956064531596
0.881,-3.6453952669510556
0.882,-3.7914872128049817
0.883,-3.7861612886239766
0.884,-3.722473181948787
0.885,-3.5430643735551
0.886,-3.335966820994068
0.887,-3.213702617003567
0.888,-3.0672203072636375
0.889,-2.736877911228826
0.89,-2.3664377094081424
0.891,-1.9938665706296477
0.892,-1.6006405281199128
0.893,-1.1709093064722662
0.894,-0.7650446950927026
0.895,-0.2634548161118271
0.896,0.08798632338136236
0.897,0.5145174599612157
0.898,1.0095524850280668
0.899,1.3230341663386609
0.9,1.8140359446400258
0.901,2.169507804493697
0.902,2.4968423237588535
0.903,2.8887955491742883
0.904,3.0445790334444816
0.905,3.4024972143399688
0.906,3.4664214073724624
0.907,3.544032847819908
0.908,3.691775648142416
0.909,3.6639812482913214
0.91,3.6584518693338652
0.911,3.6431912312624344
0.912,3.528495997826743
0.913,3.2987747564388887
0.914,3.1625840085018764
0.915,2.9115904662226426
0.916,2.6267977687524393
0.917,2.247622172881994
0.918,1.9250100745925423
0.919,1.3730395612004405
0.92,1.041362798646943
0.921,0.5896827256429145
0.922,0.2062199832599437
0.923,-0.2636672047622357
0.924,-0.6753321304465583
0.925,-0.9954676990577045
0.926,-1.5054157771292467
0.927,-1.8627850679195497
0.928,-2.2555042425044953
0.929,-2.5694345014908873
0.93,-2.8666347794280056
0.931,-3.0985865674317954
0.932,-3.2736702174955843
0.933,-3.414474475277785
0.934,-3.597993326261963
0.935,-3.6507610687372414
0.936,-3.753780146203265
0.937,-3.6656644445221795
0.9380000000000001,-3.5288284629404094
0.9390000000000001,-3.397854411528534
0.9400000000000001,-3.2484974309426633
0.9410000000000001,-2.9878285307105297
0.9420000000000001,-2.738972838392845
0.9430000000000001,-2.396872513416963
0.9440000000000001,-2.102053436400209
0.9450000000000001,-1.7649034181210186
0.9460000000000001,-1.3369920467699106
0.9470000000000001,-1.088480681434795
0.9480000000000001,-0.4981602726362177
0.9490000000000001,-0.26812530166946336
0.9500000000000001,0.2607224001140188
0.9510000000000001,0.7971201080037563
0.9520000000000001,1.2151866159476377
0.9530000000000001,1.5333681952974794
0.9540000000000001,1.9339549344385818
0.9550000000000001,2.388845428339747
0.9560000000000001,2.614738900003965
0.9570000000000001,3.0331929528016914
0.9580000000000001,3.1626680547821415
0.9590000000000001,3.3811780776550124
0.96,3.5932157815268493
0.961,3.62203229978995
0.962,3.6185845684062063
0.963,3.6658353800691073
0.964,3.621545490321213
0.965,3.457160454593221
0.966,3.366115736007482
0.967,3.148785805624668
0.968,2.9952601277896846
0.969,2.673362203482173
0.97,2.343365279558805
0.971,2.0056996324432466
0.972,1.6480892544899233
0.973,1.271287817751022
0.974,0.7770405382125106
0.975,0.35029762926704644
0.976,0.027592784767025456
0.977,-0.4777145622280821
0.978,-0.9509142626027618
0.979,-1.268545251095163
0.98,-1.6602639754777568
0.981,-2.129291298851768
0.982,-2.3821491604416822
0.983,-2.6645690240897175
0.984,-2.952982483751013
0.985,-3.1693735221843267
0.986,-3.4562304173155596
0.987,-3.5077503571131716
0.988,-3.6290729571570264
0.989,-3.6778598954793713
0.99,-3.5995823723305844
0.991,-3.508314976024033
0.992,-3.382367271259929
0.993,-3.248330876781726
0.994,-3.1159204446656834
0.995,-2.846363764339464
0.996,-2.5398436655637324
0.997,-2.2508868674468787
0.998,-1.898188061603021
0.999,-1.4852075475233248
1.0,-1.1301435154995811
1.0010000000000001,-0.7490557064702474
1.002,-0.30907695198498875
1.0030000000000001,0.17137751608718638
1.004,0.5657614972631516
1.0050000000000001,1.0005755168352646
1.006,1.4212867606783774
1.0070000000000001,1.753956127865963
1.008,2.170825109601968
1.0090000000000001,2.4827112908727327
1.01,2.6986793683632784
1.0110000000000001,3.091005076636275
1.012,3.2105940098939736
1.0130000000000001,3.3249189063069977
1.014,3.48041184059965
1.0150000000000001,3.557846627384543
1.016,3.637956379923285
1.0170000000000001,3.5979742559658465
1.018,3.52136201562226
1.0190000000000001,3.4469770133152604
1.02,3.2637307918628475
1.0210000000000001,3.048594517294613
1.022,2.7976169511212694
1.0230000000000001,2.5140862329824403
1.024,2.0499235055813765
1.025,1.779564350571714
1.026,1.3066058359854267
1.027,1.0158935203251849
1.028,0.5985209250163148
1.029,0.22761095085389077
1.03,-0.19094162509355056
1.031,-0.6622124572327888
1.032,-1.1099505562216114
1.033,-1.458125089460137
1.034,-1.8856259271997093
1.035,-2.2103560944802423
1.036,-2.481416575789433
1.037,-2.844024561401261
1.038,-3.022320208814642
1.039,-3.2328761878430305
1.04,-3.4735053030988086
1.041,-3.4887944309598558
1.042,-3.5654678015878774
1.043,-3.6085435949759304
1.044,-3.615174890904406
1.045,-3.5341381534956646
1.046,-3.3840851183945957
1.047,-3.1498686572426404
1.048,-3.0008520688670655
1.049,-2.666649200965466
1.05,-2.449112380284586
1.051,-2.06294575571771
1.052,-1.6848179357475783
1.053,-1.182450712213807
1.054,-0.9701544909795285
1.055,-0.41201326842989927
1.056,-0.055926802792818156
1.057,0.3800317848076996
1.058,0.7831492490009466
1.059,1.2063361440573699
1.06,1.5667880786863004
1.061,2.015677017500305
1.062,2.2617116045993697
1.063,2.651068415989747
1.064,2.8362612872950943
1.065,3.0998286990005086
1.066,3.2407291354644787
1.067,3.463066830734084
1.068,3.611069172887225
1.069,3.5846131568813924
1.07,3.578811387977659
1.071,3.483624522269804
1.072,3.4298158785904227
1.073,3.2161639707358973
1.074,3.059306506732661
1.075,2.8827102299622047
1.076,2.6642540888408885
1.077,2.4299896746122087
1.078,1.9199906861358935
1.079,1.6541443510121663
1.08,1.205965008645218
1.081,0.781318232083684
1.082,0.3949076994961521
1.083,-0.04420051000047598
1.084,-0.46152220482596756
1.085,-0.9005891840939927
1.086,-1.3509005828756155
1.087,-1.7411702081638942
1.088,-1.9912191750154709
1.089,-2.369555567348038
1.09,-2.684747709617993
1.091,-2.917012710910326
1.092,-3.0998546767539548
1.093,-3.3093690443318047
1.094,-3.4841519807115096
1.095,-3.4753587827381747
1.096,-3.4942442394454973
1.097,-3.53572852121969
1.098,-3.4499452037221774
1.099,-3.3264945905268903
1.1,-3.175381270833558
1.101,-2.99998438610937
1.102,-2.757877042337969
1.103,-2.480584533488529
1.104,-2.245768955706938
1.105,-1.8101281440586008
1.106,-1.5419240856627847
1.107,-1.1226651322000305
1.108,-0.6117930812667949
1.109,-0.21983391774810035
1.11,0.23108700120187797
1.111,0.5593590437343715
1.112,0.9234823539971145
1.113,1.3635277359266673
1.114,1.755976334646381
1.115,2.105853372960447
1.116,2.480491866744041
1.117,2.694097273222705
1.118,2.9806032314517004
1.119,3.123456166399201
1.12,3.3614583140219367
1.121,3.4590508060888143
1.122,3.493621272242925
1.123,3.542825096509526
1.124,3.519896876262669
1.125,3.441443767372441
1.1260000000000001,3.4217639580537713
1.127,3.1606180357468197
1.1280000000000001,2.9421177069757434
1.129,2.597571262560751
1.1300000000000001,2.3687133109980447
1.131,2.0780986168448963
1.1320000000000001,1.7060925356656795
1.133,1.4347569753109901
1.1340000000000001,0.9640406730795335
1.135,0.6300865023365202
1.1360000000000001,0.1544984750646801
1.137,-0.2628899183432926
1.1380000000000001,-0.6815309445421163
1.139,-1.0797332707682765
1.1400000000000001,-1.3817578005425433
1.141,-1.951055337708864
1.1420000000000001,-2.2770758478474393
1.143,-2.515924132543532
1.1440000000000001,-2.7653639910428294
1.145,-2.9706588513050556
1.1460000000000001,-3.1790523703482623
1.147,-3.3752246750149566
1.1480000000000001,-3.412033865344018
1.149,-3.4706626367778752
1.1500000000000001,-3.5235726534197016
1.151,-3.4465368062226953
1.1520000000000001,-3.394768362586609
1.153,-3.303252090166335
1.154,-3.061967170637343
1.155,-2.8703875321932966
1.156,-2.6153553531618656
1.157,-2.245330736748753
1.158,-2.1132320182033326
1.159,-1.7059758799679587
1.16,-1.3164556101425997
1.161,-0.8801032457718913
1.162,-0.46779155651456994
1.163,-0.117445526132314
1.164,0.3220514676719967
1.165,0.736363261764196
1.166,1.299455904752359
1.167,1.6474634081213375
1.168,1.8959498113554736
1.169,2.2309459669097507
1.17,2.4931056004644896
1.171,2.7213100410442674
1.172,3.0380789422671546
1.173,3.1791763472476227
1.174,3.365377169355381
1.175,3.383645933439509
1.176,3.4718029123141334
1.177,3.515169785278825
1.178,3.47552724196431
1.179,3.3799270502042806
1.18,3.1485973838554377
1.181,3.068666823471211
1.182,2.7555949250109384
1.183,2.558476530968966
1.184,2.2228065413330533
1.185,1.820499365885576
1.186,1.5135823216580493
1.187,1.1668000595954033
1.188,0.7826455211024838
1.189,0.33821234992471627
1.19,0.010526030323836658
1.191,-0.4259285394118829
1.192,-0.8926391249171493
1.193,-1.2335037990309712
1.194,-1.5478366602327485
1.195,-1.8971894729383774
1.196,-2.3796468303058016
1.197,-2.6555105118345916
1.198,-2.789781303278776
1.199,-3.1321928102550345
1.2,-3.3181145222305126
1.201,-3.4040998914763283
1.202,-3.439932487054359
1.203,-3.4994689790084745
1.204,-3.512093837640714
1.205,-3.450528031767106
1.206,-3.342606471628625
1.207,-3.1955916753237847
1.208,-2.83877666930688
1.209,-2.6985988122415665
1.21,-2.392443720863266
1.211,-2.1510643950761645
1.212,-1.7965489708661146
1.213,-1.459072047130089
1.214,-1.1726521633334706
1.215,-0.7114617114572431
1.216,-0.3268949409416748
1.217,0.06043210589557117
1.218,0.5198828077953518
1.219,1.0444658670785838
1.22,1.3609100523827313
1.221,1.7936194040930733
1.222,2.091607944772483
1.223,2.423458146229149
1.224,2.619553672830162
1.225,2.9342112609085844
1.226,3.1476711244227245
1.227,3.2426464220012075
1.228,3.4145297081579855
1.229,3.4831990126140027
1.23,3.4480894602231733
1.231,3.3921816110535192
1.232,3.3143377974047956
1.233,3.256615765725537
1.234,3.1026005288974936
1.235,2.8381044831263744
1.236,2.6309545576194777
1.237,2.373897559443678
1.238,2.0598106117046586
1.239,1.7621869318639622
1.24,1.3810537866785721
1.241,0.8817466440162379
1.242,0.61791242963389
1.243,0.10191505318661498
1.244,-0.22616260928751378
1.245,-0.6778679546582669
1.246,-1.0951743457785477
1.247,-1.5432716628905496
1.248,-1.8195959297264608
1.249,-2.22199980426357
1.25,-2.3989801434624827
1.2510000000000001,-2.640952291044027
1.252,-2.9885161456610714
1.2530000000000001,-3.1247015692243467
1.254,-3.3238321380023965
1.2550000000000001,-3.4213632852905627
1.256,-3.4068124783320326
1.2570000000000001,-3.4555371089018987
1.258,-3.3270842519025057
1.2590000000000001,-3.3515833730893445
1.26,-3.145072261155322
1.2610000000000001,-3.0137429976607186
1.262,-2.7608573790251656
1.2630000000000001,-2.5665172416660904
1.264,-2.2551830751221504
1.2650000000000001,-1.9360913583764672
1.266,-1.6232536540110014
1.2670000000000001,-1.1778249555210358
1.268,-0.7913559513386793
1.2690000000000001,-0.39593432083529995
1.27,0.055193033471932315
1.2710000000000001,0.4548977206595106
1.272,0.7623269246900537
1.2730000000000001,1.187434793809228
1.274,1.5090339647136684
1.2750000000000001,1.8914234853740985
1.276,2.1841030047508427
1.2770000000000001,2.5882682501651804
1.278,2.7839344327272664
1.2790000000000001,2.97509436296062
1.28,3.224664181035757
1.281,3.191730772043913
1.282,3.289278902194221
1.283,3.472724825365714
1.284,3.4315590740540114
1.285,3.3893951277505967
1.286,3.2123566668789847
1.287,3.134158266059883
1.288,3.0489740672848376
1.289,2.762911987211988
1.29,2.4656634082678273
1.291,2.136936696089147
1.292,1.8112338251946805
1.293,1.3714708191481064
1.294,1.1175537577733916
1.295,0.7586141143162316
1.296,0.23951447198359227
1.297,-0.11704095749905297
1.298,-0.54278232723053
1.299,-0.927262088651653
1.3,-1.2581221576473922
1.301,-1.7292757893479735
1.302,-1.936044844848305
1.303,-2.2435101349887714
1.304,-2.5766207385033044
1.305,-2.9354955339311855
1.306,-3.0698115115365643
1.307,-3.125153345716881
1.308,-3.4485012352835027
1.309,-3.4041014430366805
1.31,-3.476125650981492
1.311,-3.360174531044171
1.312,-3.3705636050458323
1.313,-3.2070389305369758
1.314,-3.044946105895249
1.315,-2.7850861243163236
1.316,-2.6511429468325236
1.317,-2.3499810811180857
1.318,-2.1382806408918316
1.319,-1.6714240438636603
1.32,-1.4121632471418282
1.321,-1.026573897238063
1.322,-0.6104383816166764
1.323,-0.2900229842358201
1.324,0.19976112936600443
1.325,0.6341329806763306
1.326,0.989600943811651
1.327,1.271099343557968
1.328,1.7011667581646526
1.329,2.0775833898483707
1.33,2.2514362779929606
1.331,2.5639892472938874
1.332,2.8977429261024548
1.333,3.0641640797803102
1.334,3.225860975334037
1.335,3.4085860133709542
1.336,3.403630837365597
1.337,3.4310612915796717
1.338,3.504811550828072
1.339,3.2832531238140925
1.34,3.1333380330211815
1.341,3.030213791031122
1.342,2.8249532624931115
1.343,2.532290548005331
1.344,2.227457234963524
1.345,2.0837170066127184
1.346,1.6467102939375953
1.347,1.2335620158217067
1.348,0.9384209510345219
1.349,0.4974677173005062
1.35,0.09381151490808977
1.351,-0.263201322672859
1.352,-0.7494963961344326
1.353,-1.0512505741532
1.354,-1.3423164866489712
1.355,-1.7637581869335934
1.356,-2.1301965581729525
1.357,-2.4318153305740924
1.358,-2.6887506557412553
1.359,-2.905809904888158
1.36,-3.0968999497448224
1.361,-3.17457933869222
1.362,-3.4049829484128975
1.363,-3.3273609595860516
1.364,-3.395095064902802
1.365,-3.3163660641942507
1.366,-3.3047018774559356
1.367,-3.050313078603024
1.368,-2.879941354442515
1.369,-2.6792324250286312
1.37,-2.5504301667253135
1.371,-2.1467055847815684
1.372,-1.851341361384113
1.373,-1.6096005298208809
1.374,-1.1673642256832255
1.375,-0.7688104309466753
1.3760000000000001,-0.36942991087295973
1.377,0.006745646361332798
1.3780000000000001,0.4074236792523561
1.379,0.8559401655354987
1.3800000000000001,1.2220106586342152
1.381,1.3796445742949561
1.3820000000000001,1.848264849045145
1.383,2.1712005439554303
1.3840000000000001,2.376945373861471
1.385,2.7202794605682192
1.3860000000000001,2.99148463451164
1.387,3.0477239001756784
1.3880000000000001,3.249038852757693
1.389,3.2719785603872875
1.3900000000000001,3.3239487655499027
1.391,3.424883254737096
1.3920000000000001,3.2711589429947123
1.393,3.223221088551379
1.3940000000000001,2.964296149102107
1.395,2.966622166991242
1.3960000000000001,2.679750014124976
1.397,2.3801686141736598
1.3980000000000001,2.124916506485466
1.399,1.7037184985268534
1.4000000000000001,1.4870813715483253
1.401,1.0459598832285464
1.4020000000000001,0.6716700983158531
1.403,0.26776429415083536
1.4040000000000001,-0.13007886526045043
1.405,-0.4581478711310512
1.4060000000000001,-0.8649615291260269
1.407,-1.2177821415764871
1.408,-1.6060272986295936
1.409,-1.9128610251167848
1.41,-2.2655317169660436
1.411,-2.408097440835358
1.412,-2.838123633871631
1.413,-2.8986755604467604
1.414,-3.054405815074977
1.415,-3.2833678082416533
1.416,-3.202526658524246
1.417,-3.2917272781350926
1.418,-3.2743771890991975
1.419,-3.2571616029438575
1.42,-3.1601555078132577
1.421,-3.0071243247890838
1.422,-2.7832378183633018
1.423,-2.5002566559629784
1.424,-2.293463873806236
1.425,-2.0486840452631334
1.426,-1.6349826541474146
1.427,-1.2802669295164442
1.428,-0.9255735203948615
1.429,-0.5399564414748838
1.43,-0.20190471121683692
1.431,0.15649882496827602
1.432,0.5478829427507775
1.433,0.8895488675730995
1.434,1.3496481839443588
1.435,1.6815095830759628
1.436,1.9881782018844185
1.437,2.159042674500546
1.438,2.5091762238440816
1.439,2.8567389347358025
1.44,2.957912425283837
1.441,3.158302812851177
1.442,3.1765125201510047
1.443,3.378959647822839
1.444,3.315182736166293
1.445,3.3064354464833423
1.446,3.3324003300318905
1.447,3.171804237331311
1.448,2.917892583993389
1.449,2.7004280378805046
1.45,2.4731269530675477
1.451,2.2399952132163374
1.452,1.9039204585028446
1.453,1.557908130983999
1.454,1.2979067558852084
1.455,0.8489806297424517
1.456,0.5881861334655775
1.457,0.0898956960371355
1.458,-0.21423755574339765
1.459,-0.6701520147133957
1.46,-1.0147376579466487
1.461,-1.4591730743817048
1.462,-1.8059187548155342
1.463,-2.0560821274811243
1.464,-2.31668074587547
1.465,-2.6183957232313677
1.466,-2.902795356990591
1.467,-3.085331588006453
1.468,-3.2258451620128166
1.469,-3.3364922244406947
1.47,-3.291440289535094
1.471,-3.243992454408544
1.472,-3.2587453716280956
1.473,-3.284025573671669
1.474,-3.0497926734610403
1.475,-2.875784903016835
1.476,-2.5507730642718167
1.477,-2.4798359886515957
1.478,-2.14483967838635
1.479,-1.7291576576884227
1.48,-1.4562115140590626
1.481,-1.0945596835288187
1.482,-0.7456820713351281
1.483,-0.3533966732604625
1.484,0.05544340047108801
1.485,0.36215475994876645
1.486,0.826885204605234
1.487,1.08373103887706
1.488,1.5221561051428678
1.489,1.8471240673641185
1.49,2.1143399461857277
1.491,2.4212848840235646
1.492,2.6350436231675074
1.493,2.819477580429222
1.494,3.0225776233337873
1.495,3.1102699682395607
1.496,3.2631270488983777
1.497,3.2262019167492975
1.498,3.3107378839327297
1.499,3.162348873452885
1.5,3.0950023439907786
1.5010000000000001,2.9509628237823726
1.502,2.866271545257
1.5030000000000001,2.5958240747714867
1.504,2.3125513279419354
1.5050000000000001,2.059982100129153
1.506,1.613659467469637
1.5070000000000001,1.3772688402532587
1.508,1.1208328380336694
1.5090000000000001,0.6551811820901534
1.51,0.2707812013730025
1.5110000000000001,-0.08991259660693471
1.512,-0.45546435346357983
1.5130000000000001,-0.9759861420358926
1.514,-1.3238609784639277
1.5150000000000001,-1.5756175263646688
1.516,-1.9462507221572987
1.5170000000000001,-2.142805056734459
1.518,-2.491493220070152
1.5190000000000001,-2.8055452951646846
1.52,-2.9678607566434283
1.5210000000000001,-3.19746072630567
1.522,-3.1849484471128813
1.5230000000000001,-3.252131214653223
1.524,-3.2886702204869613
1.5250000000000001,-3.1931812233903716
1.526,-3.1221193750948415
1.5270000000000001,-3.0816430968676567
1.528,-3.028614841692874
1.5290000000000001,-2.6995536231899737
1.53,-2.4736247780376277
1.5310000000000001,-2.222509062270154
1.532,-1.8947472635107194
1.5330000000000001,-1.6812303298351619
1.534,-1.1794782437246356
1.5350000000000001,-0.9673130102446903
1.536,-0.5087830086672703
1.537,-0.2501399551126221
1.538,0.17031143589418202
1.539,0.6720904367696138
1.54,0.9542945198964208
1.541,1.3669111237106761
1.542,1.67592217866747
1.543,1.9749017685852976
1.544,2.336985438546525
1.545,2.51420334991205
1.546,2.659309581694661
1.547,2.8925112988656565
1.548,3.1040510581189285
1.549,3.197610710551981
1.55,3.156972402868602
1.551,3.2119703551807834
1.552,3.1871771008517316
1.553,3.1217378274863985
1.554,2.951706076919563
1.555,2.8279817410426054
1.556,2.6225148905067934
1.557,2.460493866848701
1.558,2.1920548719623634
1.559,1.8444404181348757
1.56,1.5068581489894373
1.561,1.1872776222388108
1.562,0.7771473555096032
1.563,0.38720433451666014
1.564,0.01813278916372868
1.565,-0.34673768668256977
1.566,-0.7488092701182325
1.567,-1.0484919838900808
1.568,-1.3713481619760288
1.569,-1.8188712780408234
1.57,-2.045821256708586
1.571,-2.33728466329121
1.572,-2.556234051395678
1.573,-2.785397424505412
1.574,-3.0303907520199056
1.575,-3.152941500827572
1.576,-3.1778088545895127
1.577,-3.1734303340364933
1.578,-3.336689348668048
1.579,-3.1653288705381764
1.58,-3.0359104614930508
1.581,-2.9731812845617998
1.582,-2.767328600067769
1.583,-2.6208415950590918
1.584,-2.3469461493931174
1.585,-2.1451421220976123
1.586,-1.8760918560076296
1.587,-1.3823941172170344
1.588,-1.1298699425367662
1.589,-0.7397329389507445
1.59,-0.4128834081841917
1.591,-0.03608482101929777
1.592,0.40306357928087233
1.593,0.7467832952303034
1.594,1.1627129659865978
1.595,1.5110730213870294
1.596,1.8284551170967323
1.597,2.1231863774672743
1.598,2.459756166201081
1.599,2.5641624824994915
1.6,2.815283762721236
1.601,3.036218418396273
1.602,3.1632185213605433
1.603,3.1065224145129213
1.604,3.195771227116403
1.605,3.268785516228876
1.606,3.171649425529434
1.607,3.0580219161799063
1.608,2.897404206025489
1.609,2.709091780000324
1.61,2.5251483441529334
1.611,2.246051363561273
1.612,1.9734405497764578
1.613,1.6692815517158854
1.614,1.29840109994025
1.615,1.007636261167689
1.616,0.7620896960838671
1.617,0.1545312480138442
1.618,-0.11661441363555147
1.619,-0.5450311429852404
1.62,-0.8452109300177726
1.621,-1.2266079703585433
1.622,-1.5286061810748894
1.623,-1.823945569833992
1.624,-2.163033022862948
1.625,-2.3759096421122003
1.6260000000000001,-2.7759404255004427
1.627,-2.768666729390409
1.6280000000000001,-2.979553981477937
1.629,-3.0531335237033828
1.6300000000000001,-3.233857475736506
1.631,-3.2364699058885775
1.6320000000000001,-3.1656460901138717
1.633,-3.108072004462272
1.6340000000000001,-2.984533750052925
1.635,-2.7946327188614752
1.6360000000000001,-2.7480779693893225
1.637,-2.385494339465589
1.6380000000000001,-2.1746754311076266
1.639,-1.8963048183880729
1.6400000000000001,-1.6448161291450383
1.641,-1.2097226351055097
1.6420000000000001,-1.0023118316611592
1.643,-0.48391219966423327
1.6440000000000001,-0.21869763585786461
1.645,0.23265032638301733
1.6460000000000001,0.5947611077385847
1.647,1.0215010876819086
1.6480000000000001,1.302967201237101
1.649,1.6078358290052897
1.6500000000000001,1.9250716929748208
1.651,2.294886583934453
1.6520000000000001,2.508018999990675
1.653,2.6775723207073514
1.6540000000000001,2.8634104870548245
1.655,2.935538693532036
1.6560000000000001,3.1303767274166314
1.657,3.0770878493681915
1.6580000000000001,3.213136048402116
1.659,3.148660889347928
1.6600000000000001,3.1849546801467263
1.661,2.891745831316461
1.6620000000000001,2.782189580433774
1.663,2.6794467190193365
1.6640000000000001,2.4156939790527727
1.665,2.0555214007039417
1.666,1.807031166207321
1.667,1.476799001646477
1.668,1.1514385898950932
1.669,0.7475111097514526
1.67,0.41244530574696
1.671,-0.03411934699981012
1.672,-0.3190639589502486
1.673,-0.6702745472037737
1.674,-1.0613969739640317
1.675,-1.4734027922474355
1.676,-1.6665042796821443
1.677,-1.9971928469075482
1.678,-2.323296782279169
1.679,-2.5409593108241677
1.68,-2.8069578042200343
1.681,-2.950440181080486
1.682,-3.053266004332405
1.683,-3.050383673598949
1.684,-3.1862724490943193
1.685,-3.1212746567123753
1.686,-3.135716923888896
1.687,-3.0090787592065698
1.688,-2.8996020788336065
1.689,-2.680111941238301
1.69,-2.544257539668671
1.691,-2.3552744907000727
1.692,-2.073590811579249
1.693,-1.7314118862476933
1.694,-1.4442180563316178
1.695,-1.0192874781726409
1.696,-0.7069279470274008
1.697,-0.19947524222071428
1.698,-0.035423845157011094
1.699,0.43044629179048616
1.7,0.726720894586762
1.701,1.1103535754171174
1.702,1.4782039608664612
1.703,1.670550878762022
1.704,2.089580699361141
1.705,2.4350378355684006
1.706,2.5470046504202792
1.707,2.7769277727700623
1.708,2.9712577343450897
1.709,3.027566019514235
1.71,3.080566623301155
1.711,3.0267770942922674
1.712,3.160252408939526
1.713,3.0670616895058114
1.714,2.924264452399386
1.715,2.8424347057828183
1.716,2.629085450659932
1.717,2.417439251679465
1.718,2.2261639994696703
1.719,1.8507503089323407
1.72,1.6655340779961079
1.721,1.2166708377272462
1.722,0.909206987263115
1.723,0.6814292366834855
1.724,0.2766704894863242
1.725,-0.142680165355618
1.726,-0.560261183783905
1.727,-0.898143344925617
1.728,-1.2142931083907413
1.729,-1.5454211108748561
1.73,-1.8597111377145263
1.731,-2.138874023038302
1.732,-2.4006311803603855
1.733,-2.6815368436803677
1.734,-2.818721776440405
1.735,-2.892042119536428
1.736,-3.110504725939888
1.737,-3.1138969814571142
1.738,-3.1649129046090416
1.739,-3.094787560121857
1.74,-3.053483522494059
1.741,-2.8520779027097256
1.742,-2.7522210218495475
1.743,-2.656512600236554
1.744,-2.335091965821851
1.745,-2.152554820523034
1.746,-1.858805742492784
1.747,-1.5052892138824376
1.748,-1.2157525540277179
1.749,-0.8004239264526277
1.75,-0.5261885884775236
1.7510000000000001,-0.15423654219206404
1.752,0.2096129152035874
1.7530000000000001,0.5763743495629972
1.754,1.0133525064705609
1.7550000000000001,1.3302079802104414
1.756,1.7065922287909607
1.7570000000000001,2.034319560823912
1.758,2.1426349433902585
1.7590000000000001,2.4405605660002303
1.76,2.5873982227081957
1.7610000000000001,2.779926836926822
1.762,2.9209679929821863
1.7630000000000001,2.992519029296936
1.764,3.043663020610522
1.7650000000000001,3.0972159150942615
1.766,3.008964361448541
1.7670000000000001,3.0349695743930027
1.768,2.8288097459714066
1.7690000000000001,2.8574277232314493
1.77,2.4992409726100586
1.7710000000000001,2.29558704849839
1.772,1.9658931586487298
1.7730000000000001,1.8267529309379804
1.774,1.4843244998040332
1.7750000000000001,1.1105359420172252
1.776,0.6807246790299205
1.7770000000000001,0.40080559848141273
1.778,-0.028822089600678794
1.7790000000000001,-0.2628788026846142
1.78,-0.6539981159813136
1.7810000000000001,-1.038422534682241
1.782,-1.4992214833522854
1.7830000000000001,-1.7416518374539254
1.784,-1.9497056560990933
1.7850000000000001,-2.1875860787590264
1.786,-2.4258022237414307
1.7870000000000001,-2.759586107448182
1.788,-2.826601567381234
1.7890000000000001,-2.913352491806665
1.79,-3.12857778276102
1.7910000000000001,-3.085565795488563
1.792,-3.0684377765591986
1.793,-3.0516370015225736
1.794,-3.041830846164661
1.795,-2.837508924382332
1.796,-2.6707495504287047
1.797,-2.458423596571701
1.798,-2.2421236977890247
1.799,-1.9686078496290433
1.8,-1.6542271975888039
1.801,-1.3132487365544145
1.802,-1.015445371466989
1.803,-0.6719102081855995
1.804,-0.28917935498173414
1.805,-0.02831189389234144
1.806,0.452030994726755
1.807,0.782541978935413
1.808,1.128008003707388
1.809,1.5018451161659754
1.81,1.663772153791149
1.811,1.9459129122032401
1.812,2.3131796536237403
1.813,2.52220957546208
1.814,2.7192792477488306
1.815,2.838418012878521
1.816,3.0059823593872497
1.817,3.0896062496069447
1.818,3.0954016621355325
1.819,3.044036433061903
1.82,2.895428278007273
1.821,2.9416624252127077
1.822,2.8266909815558403
1.823,2.6221662236850527
1.824,2.334657563576844
1.825,2.168326440517016
1.826,1.904333571517322
1.827,1.6403721618455005
1.828,1.1983351866490146
1.829,0.8935370309387235
1.83,0.5926092356450149
1.831,0.20099393286103476
1.832,-0.21744661983507918
1.833,-0.4981744276467217
1.834,-0.8399932397034569
1.835,-1.2024228411610405
1.836,-1.5169567026659854
1.837,-1.8407865060174837
1.838,-2.0285269506176977
1.839,-2.3929646264110547
1.84,-2.5903123969231783
1.841,-2.7380175361900694
1.842,-2.8344097770904493
1.843,-3.053275680808146
1.844,-3.1028676373889814
1.845,-3.156285841720263
1.846,-3.027694691424487
1.847,-3.01842151166926
1.848,-2.874096016161262
1.849,-2.6748484965618373
1.85,-2.555772489925944
1.851,-2.2931936774973374
1.852,-2.0691045320447814
1.853,-1.7416976861135303
1.854,-1.4483546614381075
1.855,-1.183347494173235
1.856,-0.8181216922431214
1.857,-0.4074198417961485
1.858,-0.08366671517676919
1.859,0.18436282262468665
1.86,0.6408835004790532
1.861,0.8992315395135942
1.862,1.3561572893297413
1.863,1.65094374456929
1.864,1.9062535339103064
1.865,2.165438032349152
1.866,2.383084900022338
1.867,2.6303253029940064
1.868,2.7448423961054846
1.869,2.9039745733686884
1.87,3.024680273920128
1.871,3.000744725051394
1.872,3.00399988108139
1.873,2.939223854921564
1.874,2.868521302548922
1.875,2.7128798177159923
1.8760000000000001,2.6847335576603792
1.877,2.5461859688086097
1.8780000000000001,2.3007296280043974
1.879,1.8912404583409816
1.8800000000000001,1.7247823500088186
1.881,1.4524801039552546
1.8820000000000001,1.0324541412198198
1.883,0.7198749901266023
1.8840000000000001,0.2642043077118271
1.885,0.022852628027169468
1.8860000000000001,-0.3987273935363381
1.887,-0.6857198761629743
1.8880000000000001,-1.11417568227986
1.889,-1.3349592022409906
1.8900000000000001,-1.6179475753585626
1.891,-1.9922623290095935
1.8920000000000001,-2.266833942554114
1.893,-2.5440976175462247
1.8940000000000001,-2.6422428074693785
1.895,-2.81430301989014
1.8960000000000001,-2.9806114227962355
1.897,-2.958174172036932
1.8980000000000001,-3.039960541155784
1.899,-3.0662701626433613
1.9000000000000001,-2.993703871118475
1.901,-2.8250310754676105
1.9020000000000001,-2.7214214826857024
1.903,-2.5931605542163307
1.9040000000000001,-2.3552032380333285
1.905,-2.2108907866180902
1.9060000000000001,-1.8883311935731872
1.907,-1.5937427276699567
1.9080000000000001,-1.3138074449291397
1.909,-0.9400910709409696
1.9100000000000001,-0.6593112290518296
1.911,-0.24481590996306904
1.9120000000000001,0.11084822414612584
1.913,0.2896632600185364
1.9140000000000001,0.8411502812232761
1.915,0.9644457758681636
1.9160000000000001,1.4056794889989914
1.917,1.7874656192702871
1.9180000000000001,1.9959882390197652
1.919,2.1863455144228925
1.92,2.4215134536464404
1.921,2.709862066729105
1.922,2.7080298754964205
1.923,2.9674231014349495
1.924,2.9749099266195387
1.925,2.9436572208882916
1.926,2.9583178113042483
1.927,2.8796288114468047
1.928,2.8764405327056237
1.929,2.733371905050993
1.93,2.4372922648969064
1.931,2.294856632804216
1.932,2.0318340993031274
1.933,1.8711199628350053
1.934,1.445598843605136
1.935,1.2792373890418096
1.936,0.8668848669036799
1.937,0.4681410812292831
1.938,0.1429510629054978
1.939,-0.21498012615724962
1.94,-0.5877851271786034
1.941,-0.8610964089368083
1.942,-1.2569366989355006
1.943,-1.6176416518901915
1.944,-1.8197595097816286
1.945,-2.1581218013775136
1.946,-2.3441679836959173
1.947,-2.558696503832165
1.948,-2.7287480378498317
1.949,-2.7199934669415784
1.95,-2.913140351950234
1.951,-2.95937056816225
1.952,-3.075145393139271
1.953,-2.992532905842974
1.954,-2.881784304333682
1.955,-2.8366407418529618
1.956,-2.5945199381816573
1.957,-2.5182325357473236
1.958,-2.25677847063746
1.959,-2.0253001157204715
1.96,-1.7139045795019574
1.961,-1.4566412144634744
1.962,-1.1211419636512472
1.963,-0.787247608727551
1.964,-0.4694531854724877
1.965,-0.05994982785791039
1.966,0.27725870632035815
1.967,0.6066475263403582
1.968,0.9267244442749835
1.969,1.3120291235195514
1.97,1.566689549841083
1.971,1.8475354241545372
1.972,2.126691970889316
1.973,2.4355179657614294
1.974,2.4803980004887056
1.975,2.747433325005527
1.976,2.738392006971642
1.977,2.9289143922444363
1.978,3.041539699058808
1.979,2.9910886333589604
1.98,2.9381547475490133
1.981,2.8241956557078227
1.982,2.737075574760427
1.983,2.5685609200772266
1.984,2.3519857224125156
1.985,2.1540235956477907
1.986,1.925866575262446
1.987,1.5987086860800443
1.988,1.2954251454714554
1.989,0.9481081490875478
1.99,0.7021631441661742
1.991,0.3671286424407224
1.992,0.004139510970557926
1.993,-0.30624251946825654
1.994,-0.6921321393590624
1.995,-1.0092031949046039
1.996,-1.33156697942568
1.997,-1.6505903811050198
1.998,-1.9489906069257343
1.999,-2.061558126033715
2.0,-2.4146267439794245
2.001,-2.612016570449234
2.0020000000000002,-2.7080857754289256
2.003,-2.8305595454439745
2.004,-2.987513172463889
2.005,-2.895010947445502
2.0060000000000002,-2.9490257261442587
2.007,-2.952444797910481
2.008,-2.7501231595361726
2.009,-2.652245401693331
2.0100000000000002,-2.5837795914737676
2.011,-2.2340355462148738
2.012,-2.0603554696341226
2.013,-1.8354430270297877
2.0140000000000002,-1.4718713799849645
2.015,-1.2385974923212517
2.016,-0.9260888844057714
2.017,-0.62320909659516
2.0180000000000002,-0.21861468544382529
2.019,0.12188102096377916
2.02,0.44304599512497944
2.021,0.7408313004810356
2.0220000000000002,1.1139457890354072
2.023,1.4156728446116547
2.024,1.6445064014499822
2.025,1.9058930582121834
2.0260000000000002,2.2486421235815497
2.027,2.3004783707661165
2.028,2.6174343366639925
2.029,2.723832912113652
2.0300000000000002,2.9157819945864705
2.031,2.888989186848078
2.032,2.9697340072238267
2.033,2.8995140193436364
2.0340000000000003,2.8674066409078334
2.035,2.801491745361694
2.036,2.6063787833077052
2.037,2.5079960674529875
2.0380000000000003,2.203327637548156
2.039,2.031611412758118
2.04,1.7991764462418178
2.041,1.498151497000434
2.0420000000000003,1.2529986603760777
2.043,0.7952071747680381
2.044,0.42927100209550567
2.045,0.1066329493283136
2.0460000000000003,-0.15451888026086152
2.047,-0.5038056407391782
2.048,-0.8573175383163547
2.049,-1.2402767903966103
2.05,-1.4510240828217504
2.051,-1.8351798854340775
2.052,-1.9759984135611628
2.053,-2.1229250819985506
2.054,-2.4479908301060043
2.055,-2.6035883810709177
2.056,-2.7874510162765422
2.057,-2.9452389157242225
2.058,-2.937389182176817
2.059,-2.9743200910211147
2.06,-2.9641904057116952
2.061,-2.7380304140196277
2.062,-2.7039068733109235
2.063,-2.554546516565927
2.064,-2.4095434486758323
2.065,-2.1903665573582543
2.066,-1.8911370338276499
2.067,-1.6719877434024828
2.068,-1.3519269258571918
2.069,-1.077471012997317
2.07,-0.759398698686243
2.071,-0.47716006715398174
2.072,-0.1647574485837964
2.073,0.2627612218186613
2.074,0.6164271223069994
2.075,0.8784575092661588
2.076,1.257066373454933
2.077,1.560016860315939
2.078,1.7264724960856384
2.079,2.0400558657944408
2.08,2.328852860987066
2.081,2.518600714560557
2.082,2.5977862084374475
2.083,2.7829393451821014
2.084,2.9073763725208805
2.085,2.936936893000594
2.086,2.8951742537978973
2.087,2.8384142965337458
2.088,2.752782131929247
2.089,2.6917241560628784
2.09,2.5254339242457533
2.091,2.3598762269697318
2.092,2.1157051290747875
2.093,1.9017699055903914
2.094,1.5917315374658583
2.095,1.3306423607548352
2.096,1.021675229132581
2.097,0.611280444301402
2.098,0.22562742701929125
2.099,0.053520988760527695
2.1,-0.3500402611134938
2.101,-0.7826718489995865
2.102,-1.0569641491118527
2.103,-1.2927891274565966
2.104,-1.6369910474044111
2.105,-1.9177366247451453
2.106,-2.0650169345350995
2.107,-2.400815870499377
2.108,-2.569283177436019
2.109,-2.6647830205795597
2.11,-2.7648614386766646
2.111,-2.830166228820403
2.112,-2.8406308516781844
2.113,-2.867669647146043
2.114,-2.8048668538387735
2.115,-2.7550476623546833
2.116,-2.6139363343490465
2.117,-2.450650881118967
2.118,-2.2504366683723234
2.119,-1.9966365072426546
2.12,-1.753613882656605
2.121,-1.500815756936647
2.122,-1.2445337778417147
2.123,-0.8852703272143714
2.124,-0.5625122302816324
2.125,-0.21631150065253488
2.126,0.22247105682962237
2.1270000000000002,0.4223834628950662
2.128,0.7997883622024592
2.129,1.1513250366675938
2.13,1.4067597984160307
2.1310000000000002,1.80325537932155
2.132,1.928596098550399
2.133,2.1978786637524657
2.134,2.345734109847194
2.1350000000000002,2.539122636010944
2.136,2.7048503462552906
2.137,2.8332478738142304
2.138,2.866897916357566
2.1390000000000002,2.934579745733278
2.14,2.847958290127389
2.141,2.777859838167256
2.142,2.832927798063317
2.1430000000000002,2.583549139872591
2.144,2.3586818216138274
2.145,2.157818513564203
2.146,1.9131310846218064
2.1470000000000002,1.7478992994314515
2.148,1.400314774927655
2.149,1.122926623769823
2.15,0.7961413161543721
2.1510000000000002,0.507763067885606
2.152,0.09436469444502729
2.153,-0.2533074470101352
2.154,-0.5216527112568918
2.1550000000000002,-0.8286720142641684
2.156,-1.1559702080884564
2.157,-1.5106485700626668
2.158,-1.7134871913238252
2.1590000000000003,-2.0375336694941586
2.16,-2.2517128565183633
2.161,-2.4673506083036822
2.162,-2.516164948051094
2.1630000000000003,-2.6749681045899885
2.164,-2.7644381333697496
2.165,-2.781809966395085
2.166,-2.713788926565453
2.1670000000000003,-2.910776812678013
2.168,-2.794189516074423
2.169,-2.6820501314303713
2.17,-2.551246280461988
2.1710000000000003,-2.3855220164428306
2.172,-2.1374922607951277
2.173,-1.9450324243036423
2.174,-1.6032662992942401
2.1750000000000003,-1.3310262601862506
2.176,-1.0048869611626352
2.177,-0.684821685200717
2.178,-0.35167004594386686
2.179,-0.06697705032771527
2.18,0.39179028350655243
2.181,0.627414864466163
2.182,0.8439024674924548
2.183,1.1951880809992983
2.184,1.4492640310268683
2.185,1.8068360143696158
2.186,2.0445479196086382
2.187,2.243511968469988
2.188,2.5524307726134188
2.189,2.6304043005140314
2.19,2.754381734402096
2.191,2.7491237439123695
2.192,2.7847456344300405
2.193,2.8364716476994527
2.194,2.8041306596340427
2.195,2.6249902558475973
2.196,2.59367965033437
2.197,2.45245410198934
2.198,2.2563109056568367
2.199,2.0105393628685855
2.2,1.7801843319085193
2.201,1.529458423880981
2.202,1.2528868106143634
2.203,0.9715432592014939
2.204,0.6754550259324715
2.205,0.27837060311403916
2.206,-0.06194683192281529
2.207,-0.34880415438486656
2.208,-0.6664429185693241
2.209,-1.035247422608566
2.21,-1.2764639246844127
2.211,-1.5511807443835348
2.212,-1.7975721951385795
2.213,-2.009454377662794
2.214,-2.3488767998262996
2.215,-2.4801741468876295
2.216,-2.621342164817574
2.217,-2.7316406372007638
2.218,-2.8263948846517133
2.219,-2.8968579137454435
2.22,-2.8076684412637216
2.221,-2.801675356047617
2.222,-2.671838052769416
2.223,-2.591862116180517
2.224,-2.4480318218293187
2.225,-2.1892980393621153
2.226,-1.9711673469396138
2.227,-1.700263640189389
2.228,-1.3467136611245842
2.229,-1.1489630003042186
2.23,-0.8294858255506837
2.231,-0.5868901371090208
2.232,-0.26941591564538936
2.233,0.20470195056592216
2.234,0.4081476379554349
2.235,0.7244840245663935
2.236,1.0862428190359394
2.237,1.3800714532135334
2.238,1.6166261006993907
2.239,1.9006470243073528
2.24,2.204988551149843
2.241,2.301196986549958
2.242,2.43742581044257
2.243,2.6852181219931555
2.244,2.7572573348876763
2.245,2.7584573762584244
2.246,2.7287347454694744
2.247,2.7502537301654173
2.248,2.7259704166535714
2.249,2.690615414945606
2.25,2.4478787575409156
2.251,2.3284514215077263
2.2520000000000002,2.1673149311659627
2.253,1.7860439720711532
2.254,1.7021774897022461
2.255,1.314098987220407
2.2560000000000002,1.0937391591234793
2.257,0.7786657764014296
2.258,0.49931866788946594
2.259,0.1453919739744093
2.2600000000000002,-0.3297496279501934
2.261,-0.5758095224019218
2.262,-0.8478115808191159
2.263,-1.1707049062907362
2.2640000000000002,-1.4271753613233218
2.265,-1.6815607836978652
2.266,-1.9367394368432898
2.267,-2.19678508539577
2.2680000000000002,-2.467067348072868
2.269,-2.553385036055711
2.27,-2.6306993724830496
2.271,-2.790341076948577
2.2720000000000002,-2.7508031983386063
2.273,-2.7451168932123617
2.274,-2.7538877204636583
2.275,-2.8450734239926114
2.2760000000000002,-2.6503592940251797
2.277,-2.3511020211826352
2.278,-2.2980405768884653
2.279,-2.1639912612344783
2.2800000000000002,-1.7687125073254872
2.281,-1.5703604544398964
2.282,-1.23478455937877
2.283,-0.9775199967191478
2.2840000000000003,-0.6562342567748554
2.285,-0.33957387566781566
2.286,0.0033847375941236033
2.287,0.40891364656337575
2.2880000000000003,0.6659195356316733
2.289,0.8520326491775825
2.29,1.2540954703807574
2.291,1.5724412698692234
2.2920000000000003,1.8380964368401553
2.293,1.9946032135602767
2.294,2.2842601938705527
2.295,2.4517024982701074
2.2960000000000003,2.680007528906148
2.297,2.62471193724077
2.298,2.7109232855959506
2.299,2.757313686732004
2.3000000000000003,2.746194932309057
2.301,2.6860939180941283
2.302,2.5147216414936397
2.303,2.5168400050802795
2.3040000000000003,2.407812413670115
2.305,2.182574959322732
2.306,2.091543101497754
2.307,1.7555691229316839
2.308,1.5554848993187844
2.309,1.2195936974274322
2.31,0.9469179970179182
2.311,0.6062760206564543
2.312,0.3394351121104362
2.313,-0.05112636895088112
2.314,-0.3531566675111762
2.315,-0.6783385788036114
2.316,-1.0200237736121485
2.317,-1.280321109337032
2.318,-1.4657574923004735
2.319,-1.8460390994212423
2.32,-2.041217366698932
2.321,-2.200446227748182
2.322,-2.376179182984542
2.323,-2.5688462179159233
2.324,-2.7893610287808004
2.325,-2.708261149560827
2.326,-2.8712542971631594
2.327,-2.6749024632555694
2.328,-2.69015860358791
2.329,-2.5616978211764923
2.33,-2.533866915951839
2.331,-2.409206921995145
2.332,-2.1292857134574525
2.333,-1.9252898576724535
2.334,-1.7030450105314543
2.335,-1.4060559585064527
2.336,-0.984407968807971
2.337,-0.7781857726529083
2.338,-0.45339288150463775
2.339,-0.1427844624944128
2.34,0.2122938022382307
2.341,0.45007639944200184
2.342,0.6716303140962672
2.343,1.0689194702761085
2.344,1.4079216791117444
2.345,1.5888589042143095
2.346,1.8758579935606796
2.347,2.071328259956187
2.348,2.373132581304734
2.349,2.4958559057709393
2.35,2.6173522353708223
2.351,2.7065593894303763
2.352,2.7273974458123598
2.353,2.75526883203797
2.354,2.6644068413745727
2.355,2.5550783737704563
2.356,2.5759311091964374
2.357,2.453283872986384
2.358,2.332661229226873
2.359,2.154622053558496
2.36,1.929873313482416
2.361,1.5513607570584387
2.362,1.3115664886507803
2.363,1.0629037970782789
2.364,0.8609889575073992
2.365,0.49390847978571445
2.366,0.15572623959492743
2.367,-0.24102101036172094
2.368,-0.5839891134099365
2.369,-0.8110052975457168
2.37,-1.2042501581324756
2.371,-1.4439361995553912
2.372,-1.700689376386816
2.373,-1.8547631574859975
2.374,-2.1648326675179654
2.375,-2.4520590892823573
2.376,-2.455672502094251
2.3770000000000002,-2.632377822203966
2.378,-2.675968863868927
2.379,-2.7261538771748137
2.38,-2.741679407956916
2.3810000000000002,-2.657040709379527
2.382,-2.7046016690143917
2.383,-2.5490083276009696
2.384,-2.3494134524617376
2.3850000000000002,-2.2419742444492416
2.386,-2.088951734837749
2.387,-1.74471986075827
2.388,-1.467211457481224
2.3890000000000002,-1.2499396359435853
2.39,-1.0529703480056025
2.391,-0.6138256089656403
2.392,-0.41749379174171636
2.3930000000000002,4.472003663630493e-05
2.394,0.25941396946724166
2.395,0.5606554162978841
2.396,0.9027509152274676
2.3970000000000002,1.209001618868044
2.398,1.462358765959307
2.399,1.7796861086298625
2.4,1.95939207542474
2.4010000000000002,2.234731891657278
2.402,2.3735887154162896
2.403,2.4658573037342775
2.404,2.5641076432509915
2.4050000000000002,2.5957075674831276
2.406,2.726345773841939
2.407,2.6904060008015924
2.408,2.5485177484832207
2.4090000000000003,2.562580842536758
2.41,2.4308883433899453
2.411,2.4072105098843117
2.412,2.0637354163376753
2.4130000000000003,1.8677045026240247
2.414,1.7595133929847215
2.415,1.5127025635482125
2.416,1.1286539770913273
2.4170000000000003,0.8393809881614471
2.418,0.5949952211781228
2.419,0.1333773583718521
2.42,-0.161089327881632
2.4210000000000003,-0.39875698411573524
2.422,-0.6184795344169195
2.423,-1.0192885828978395
2.424,-1.280104595229699
2.4250000000000003,-1.4982728232693399
2.426,-1.697878146262268
2.427,-2.0553605626778584
2.428,-2.2226234113080934
2.4290000000000003,-2.295229705453555
2.43,-2.594025095666522
2.431,-2.563350299476742
2.432,-2.7263707786132203
2.433,-2.6941464214863347
2.434,-2.6979925925288857
2.435,-2.683330868201841
2.436,-2.5978418975402358
2.437,-2.413021596318226
2.438,-2.221814408002652
2.439,-2.091575182983493
2.44,-1.8664119951831089
2.441,-1.6004989971109556
2.442,-1.4144208519613015
2.443,-1.0469179019088135
2.444,-0.7461731728535279
2.445,-0.3494695312867493
2.446,-0.18448299506728236
2.447,0.1275434578425093
2.448,0.5028142878246424
2.449,0.8127058576136801
2.45,1.0416121456847203
2.451,1.3299706558232944
2.452,1.6402157765802279
2.453,1.8124602275907895
2.454,2.0483339570049464
2.455,2.259748911789639
2.456,2.4603043206757973
2.457,2.5022179660780215
2.458,2.527304433103769
2.459,2.5744203834015034
2.46,2.621271504722474
2.461,2.5955635423691956
2.462,2.593791939320804
2.463,2.446538244729901
2.464,2.340795719298631
2.465,2.1744792334052803
2.466,1.9979645211454535
2.467,1.8651540873630001
2.468,1.5864557122011107
2.469,1.287182078993294
2.47,0.9787190849722406
2.471,0.6818121766442746
2.472,0.41199137282827897
2.473,0.11161803297131825
2.474,-0.277170390137386
2.475,-0.5408370733456145
2.476,-0.9475017596589058
2.477,-1.1268051483330357
2.478,-1.37495042194383
2.479,-1.683131509217396
2.48,-1.8112529911091066
2.481,-2.1527717251028933
2.482,-2.275309787864482
2.483,-2.4338521253434653
2.484,-2.549364031213005
2.485,-2.627228741651913
2.486,-2.6571470290615777
2.487,-2.6243702393935195
2.488,-2.5653801184911798
2.489,-2.565574570799775
2.49,-2.4205515792008874
2.491,-2.358371878602701
2.492,-2.114979963026559
2.493,-1.9917567793280497
2.494,-1.672653437325196
2.495,-1.3664668946418301
2.496,-1.2126580749728588
2.497,-1.0292154271205383
2.498,-0.6474688847853698
2.499,-0.2505257220750681
2.5,0.027653839351151375
2.501,0.3244340960672076
2.5020000000000002,0.6699780198185551
2.503,0.9426529730069364
2.504,1.2654148311631495
2.505,1.5198716790770166
2.5060000000000002,1.798924426511075
2.507,1.9658616902019694
2.508,2.191317833765889
2.509,2.2991617429951603
2.5100000000000002,2.420928487682605
2.511,2.6389753428938665
2.512,2.6318338599522226
2.513,2.6924913286819274
2.5140000000000002,2.653079705001473
2.515,2.575723235956036
2.516,2.527857587094128
2.517,2.486557519624066
2.5180000000000002,2.2967254453053774
2.519,2.0063756040193774
2.52,1.8754065694817175
2.521,1.7435857901486211
2.5220000000000002,1.3893715224834624
2.523,1.036432605151046
2.524,0.9320891754703534
2.525,0.5711126047186886
2.5260000000000002,0.22577150025438159
2.527,-0.10005122026044327
2.528,-0.33686139784697267
2.529,-0.7220566382898566
2.5300000000000002,-0.9318144583454421
2.531,-1.242625795308991
2.532,-1.5203867684044712
2.533,-1.7669905911734676
2.5340000000000003,-2.0000978397412563
2.535,-2.128605679790262
2.536,-2.383546717534838
2.537,-2.548436570051354
2.5380000000000003,-2.5296097486787508
2.539,-2.586424264155214
2.54,-2.615511520028277
2.541,-2.604275768661927
2.5420000000000003,-2.5896491985131624
2.543,-2.44774827375944
2.544,-2.3686481991157438
2.545,-2.2374006388532486
2.5460000000000003,-2.0448684734736706
2.547,-1.7165714897816495
2.548,-1.6677123713496886
2.549,-1.2976376969846901
2.5500000000000003,-1.130120262575813
2.551,-0.7608072057388634
2.552,-0.4760155612734851
2.553,-0.2513869992544263
2.5540000000000003,0.18141438343361987
2.555,0.44969600208131905
2.556,0.6638824923779406
2.557,1.100240446558433
2.5580000000000003,1.404720342482774
2.559,1.6636919220053359
2.56,1.841332330425192
2.561,2.03464981861609
2.562,2.2796104865089433
2.563,2.447589356886561
2.564,2.5377690971911986
2.565,2.5173793648437934
2.566,2.622499234948992
2.567,2.646347155102834
2.568,2.5096439937071495
2.569,2.5635099769445504
2.57,2.5586156245263534
2.571,2.348219374528247
2.572,2.229271253938848
2.573,1.9744736685962148
2.574,1.7443792880615125
2.575,1.5258079631344474
2.576,1.2039858693820642
2.577,0.9175701554348857
2.578,0.7368586010303007
2.579,0.4407818599831291
2.58,0.016226506716880328
2.581,-0.1929794037118931
2.582,-0.5494317566181847
2.583,-0.8241554266269752
2.584,-1.1024762588842059
2.585,-1.3444750959808114
2.586,-1.6394282940502796
2.587,-1.7996640070513625
2.588,-2.055431118428158
2.589,-2.2117874621827123
2.59,-2.425759423207238
2.591,-2.38433541132997
2.592,-2.542544148766056
2.593,-2.568744980767359
2.594,-2.6872420498523266
2.595,-2.6144656915706808
2.596,-2.4424711297180735
2.597,-2.3865580543741003
2.598,-2.36007233824438
2.599,-2.044789042423515
2.6,-1.9273771119878154
2.601,-1.6069921676673515
2.602,-1.436285707938623
2.603,-1.1563568744673558
2.604,-0.8263709656531758
2.605,-0.636832508929347
2.606,-0.34020153598517144
2.607,0.00489377638590165
2.608,0.3610241215387313
2.609,0.5535332899742463
2.61,0.8284122648611558
2.611,1.2320436726554878
2.612,1.4232174313982013
2.613,1.6761167278800142
2.614,1.8217692957700284
2.615,2.073054993036762
2.616,2.2698907764790484
2.617,2.4486856355414384
2.618,2.462330022227479
2.619,2.6479651731225284
2.62,2.5596827876899804
2.621,2.5527972200167155
2.622,2.62119886687972
2.623,2.4772237001673965
2.624,2.3273953433247745
2.625,2.2031655778060526
2.626,2.104081227176973
2.6270000000000002,1.9072411042370498
2.628,1.565396294084742
2.629,1.3543705214066382
2.63,1.0926599272941238
2.6310000000000002,0.7556108446310064
2.632,0.5079312388375211
2.633,0.20985684711624614
2.634,-0.037286681911004
2.6350000000000002,-0.33638613226748754
2.636,-0.7100811863493675
2.637,-0.991494460560261
2.638,-1.2211159492771666
2.6390000000000002,-1.5397160822681073
2.64,-1.7162193140334745
2.641,-1.9610761565729558
2.642,-2.189115913183776
2.6430000000000002,-2.3428637459618593
2.644,-2.345339799434796
2.645,-2.514801644273553
2.646,-2.4796507666456513
2.6470000000000002,-2.6066988255132517
2.648,-2.5502140247747525
2.649,-2.3935453275145915
2.65,-2.479827146300434
2.6510000000000002,-2.402204175133133
2.652,-2.091580089806517
2.653,-2.0161873656986717
2.654,-1.767669382038462
2.6550000000000002,-1.5634488904019734
2.656,-1.267210806275362
2.657,-1.0570629532627247
2.658,-0.7336462240749833
2.6590000000000003,-0.40740079422624115
2.66,-0.1797464257829276
2.661,0.13788220641991675
2.662,0.45522425562357555
2.6630000000000003,0.6942183642116981
2.664,1.0269180178843362
2.665,1.3218053794703477
2.666,1.5454539737733468
2.6670000000000003,1.7797418771142226
2.668,1.9953757645463939
2.669,2.139035623557217
2.67,2.3518124037257113
2.6710000000000003,2.5024867370733452
2.672,2.487339103060697
2.673,2.5800430237033343
2.674,2.5537729959154967
2.6750000000000003,2.5586220568237033
2.676,2.5582187131434044
2.677,2.410780624746251
2.678,2.1692489958416505
2.6790000000000003,2.122116318838132
2.68,1.9736795283655488
2.681,1.6872947655479738
2.682,1.5111696561242747
2.6830000000000003,1.169847596104954
2.684,0.856546008495449
2.685,0.6516330954725621
2.686,0.261736268990403
2.6870000000000003,0.037861690939186086
2.688,-0.18607891646475605
2.689,-0.6426019336413769
2.69,-0.9001140278197052
2.691,-1.165117417063773
2.692,-1.37859047546338
2.693,-1.6365467562716272
2.694,-1.7687284378274541
2.695,-1.9859506207420028
2.696,-2.1757681671958973
2.697,-2.3297064161737167
2.698,-2.421506419276958
2.699,-2.554748138756093
2.7,-2.504613216775947
2.701,-2.6037649171050052
2.702,-2.4719523365374316
2.703,-2.3853316339549404
2.704,-2.3313391425202354
2.705,-2.2156934690181
2.706,-2.0214993022007604
2.707,-1.9911468310230191
2.708,-1.6141169498428565
2.709,-1.393687055005895
2.71,-1.1303056386585653
2.711,-0.8167637263006378
2.712,-0.56851335174139
2.713,-0.3268041903976096
2.714,0.021712718933842464
2.715,0.330215136563753
2.716,0.62600747386217
2.717,0.9131057366728805
2.718,1.2291307404041614
2.719,1.3786698738212628
2.72,1.6777028833212446
2.721,1.9462530221308514
2.722,1.9818324632884472
2.723,2.235755224148651
2.724,2.324948018847988
2.725,2.430615594214255
2.726,2.465039866506027
2.727,2.5282982323697474
2.728,2.620349736587699
2.729,2.4217240079359685
2.73,2.3488831392767535
2.731,2.2315285268166387
2.732,2.2406419036214453
2.733,1.959159696402599
2.734,1.7817440220705092
2.735,1.5391381339891863
2.736,1.2669044499234574
2.737,1.0392021478017053
2.738,0.8963274166671447
2.739,0.5549282077768748
2.74,0.14801724919929202
2.741,-0.07412253266336742
2.742,-0.4436496937243407
2.743,-0.7807969602457802
2.744,-0.9212463710040584
2.745,-1.1809394158751467
2.746,-1.4361709074711335
2.747,-1.7408706508187917
2.748,-1.9308473318231645
2.749,-2.0635606581163155
2.75,-2.230973480446953
2.751,-2.3886395828888496
2.7520000000000002,-2.5356114134466585
2.753,-2.500787093933753
2.754,-2.4697760890723215
2.755,-2.566051150725553
2.7560000000000002,-2.4221350128492904
2.757,-2.351585987184262
2.758,-2.212133186251195
2.759,-2.0565544916748277
2.7600000000000002,-1.9564982426860298
2.761,-1.7978250518573735
2.762,-1.515270083136825
2.763,-1.195328191107555
2.7640000000000002,-1.0010874131130214
2.765,-0.7295757994586444
2.766,-0.49736490607458506
2.767,-0.024608531973368514
2.7680000000000002,0.22452518111921704
2.769,0.5145644031252341
2.77,0.8105996906558286
2.771,1.066564260009709
2.7720000000000002,1.2866054978032861
2.773,1.5337110128474625
2.774,1.7422388407675249
2.775,2.0926647612117772
2.7760000000000002,2.1589168420742193
2.777,2.24867260496766
2.778,2.40449876050908
2.779,2.407167148282851
2.7800000000000002,2.575507302414101
2.781,2.4753119159222594
2.782,2.506918118690563
2.783,2.474456162405902
2.7840000000000003,2.3463353925720964
2.785,2.2057171664430446
2.786,2.045139465690571
2.787,1.8572608411034177
2.7880000000000003,1.6211649876287653
2.789,1.39478327926088
2.79,1.2390532453455974
2.791,0.8915067981232817
2.7920000000000003,0.5772507554026238
2.793,0.30195044316141106
2.794,0.08961114064431817
2.795,-0.22515358178242828
2.7960000000000003,-0.5207509316379473
2.797,-0.8437896514535289
2.798,-1.0728178173177336
2.799,-1.3889371139758384
2.8000000000000003,-1.6062007499262978
2.801,-1.7591266226356184
2.802,-1.9532890571707655
2.803,-2.2078733573391003
2.8040000000000003,-2.3334992286351497
2.805,-2.385596424333375
2.806,-2.372027505717536
2.807,-2.587494935300316
2.8080000000000003,-2.476816558343797
2.809,-2.5242138650810735
2.81,-2.4179700845513543
2.811,-2.3024477915205384
2.8120000000000003,-2.1717760206269587
2.813,-2.0143693972479864
2.814,-1.7969136108369694
2.815,-1.6089329745379766
2.816,-1.4184670617772095
2.817,-1.0510765910299276
2.818,-0.782231303820905
2.819,-0.49633130477273724
2.82,-0.32683612715155586
2.821,0.05715975354336121
2.822,0.3673214367254598
2.823,0.5685506127949557
2.824,0.8984881140166058
2.825,1.1576374866706187
2.826,1.5048283720697064
2.827,1.7386345396152725
2.828,1.7661413156602346
2.829,2.1554218265933502
2.83,2.1382578135137966
2.831,2.356172078153154
2.832,2.4469236053137013
2.833,2.4067706863423406
2.834,2.505483404636538
2.835,2.465496175890127
2.836,2.454581744630521
2.837,2.360951786577224
2.838,2.2994303828343816
2.839,2.102748341621951
2.84,1.9210711441604056
2.841,1.7882251911484206
2.842,1.5425834397236324
2.843,1.309521576678532
2.844,0.9816206445606769
2.845,0.6906230707781017
2.846,0.43240874793729533
2.847,0.14142814467050377
2.848,-0.07880313609736211
2.849,-0.35814582745538126
2.85,-0.697801850692741
2.851,-0.8919675168802259
2.852,-1.15515983633871
2.853,-1.4545050830201032
2.854,-1.730538974533316
2.855,-1.8100598728146144
2.856,-2.0651398657433546
2.857,-2.2005393247616585
2.858,-2.338100972324908
2.859,-2.447835300574065
2.86,-2.5258346087687036
2.861,-2.435985470159572
2.862,-2.487998873671642
2.863,-2.243299354531801
2.864,-2.3650125433675155
2.865,-2.25619032112453
2.866,-2.0202377044031246
2.867,-1.7935607569069645
2.868,-1.6653714394523118
2.869,-1.4156437374155897
2.87,-1.2922711634401405
2.871,-0.9733647592841226
2.872,-0.7197225383218495
2.873,-0.4782790655345701
2.874,-0.08999392900387468
2.875,0.08090004566619333
2.876,0.41303332781678903
2.8770000000000002,0.731659300317637
2.878,0.9857559406316938
2.879,1.3016658954328175
2.88,1.5338707003930367
2.8810000000000002,1.7789923993087313
2.882,1.9636319110095986
2.883,2.148130185403708
2.884,2.2271723617946213
2.8850000000000002,2.3478569859755445
2.886,2.431470919423966
2.887,2.452990089285447
2.888,2.4323223016082305
2.8890000000000002,2.408025055446783
2.89,2.322818635229062
2.891,2.2912653039415813
2.892,2.140713021070509
2.8930000000000002,1.957959094198391
2.894,1.776323824345829
2.895,1.5423649453970518
2.896,1.4232643553324698
2.8970000000000002,1.1308394851317463
2.898,0.8209227010487027
2.899,0.6298421772507725
2.9,0.2787338086473712
2.9010000000000002,-0.05033772063712601
2.902,-0.21587565027987424
2.903,-0.5769150880126821
2.904,-0.8459263844725007
2.9050000000000002,-1.0873474830395704
2.906,-1.2810721690847964
2.907,-1.5674413473901403
2.908,-1.8369206549736252
2.9090000000000003,-1.9337068816367111
2.91,-2.1419749920832283
2.911,-2.1508922445742757
2.912,-2.3418991730601997
2.9130000000000003,-2.517823382680882
2.914,-2.4192335472691617
2.915,-2.337290004826591
2.916,-2.319579598497287
2.9170000000000003,-2.2376336326135355
2.918,-2.2788929296560907
2.919,-2.0503484304251547
2.92,-1.971266453969368
2.9210000000000003,-1.7365513102190868
2.922,-1.599995605563353
2.923,-1.3360609195948066
2.924,-1.08726290639157
2.9250000000000003,-0.7437170112375767
2.926,-0.4730415811133738
2.927,-0.2167114924856164
2.928,-0.012488619661265854
2.9290000000000003,0.3241567853638836
2.93,0.5823358849977626
2.931,0.9343682353532927
2.932,1.2086403682699765
2.9330000000000003,1.4454376430100153
2.934,1.578443331852384
2.935,1.6804379282194044
2.936,1.9051365272499619
2.9370000000000003,2.2130789355063363
2.938,2.24085483096215
2.939,2.311081303362481
2.94,2.4860345061250215
2.9410000000000003,2.4892788873257485
2.942,2.415907143669497
2.943,2.3553931239338137
2.944,2.2861806915399554
2.945,2.1952893664657145
2.946,2.125016046142962
2.947,1.8990842980017486
2.948,1.7213892964167734
2.949,1.5275278249531463
2.95,1.1743944764900054
2.951,1.017537451578413
2.952,0.6985803554797412
2.953,0.31129635141336287
2.954,0.048574848440101154
2.955,-0.18005855090738074
2.956,-0.3848276317710229
2.957,-0.6821448194052226
2.958,-0.9454635619139372
2.959,-1.110708065875242
2.96,-1.508518996155514
2.961,-1.6632236638518734
2.962,-1.840415576787341
2.963,-2.0605722821616643
2.964,-2.162492454882477
2.965,-2.3541648847243297
2.966,-2.2825316663916695
2.967,-2.4334941864288555
2.968,-2.3111309838666076
2.969,-2.39434400366402
2.97,-2.2883580999673887
2.971,-2.257231581363147
2.972,-2.1398625241197045
2.973,-2.021854521466828
2.974,-1.813614075046305
2.975,-1.6055747605520865
2.976,-1.4403207957520856
2.977,-1.1677694525934896
2.978,-0.9365189073445549
2.979,-0.5231440366048509
2.98,-0.3660420138347386
2.981,-0.0028536607736385083
2.982,0.19253014970464527
2.983,0.4947944280945738
2.984,0.6885205078043454
2.985,0.9944760890306268
2.986,1.2754688368813176
2.987,1.5748113929840493
2.988,1.7164647817461482
2.989,1.9608069895691336
2.99,2.083755746733108
2.991,2.264834460039664
2.992,2.2820997705754023
2.993,2.4746050213553366
2.994,2.368368209568855
2.995,2.3588572361267452
2.996,2.3081694031126827
2.997,2.4240713138218917
2.998,2.255553588334406
2.999,2.074444045052101
3.0,2.0013923162007594
3.001,1.7944496272303943
3.0020000000000002,1.6553052360142602
3.003,1.2551607986565418
3.004,1.0765610504466303
3.005,0.8090566161919817
3.0060000000000002,0.46448749839231385
3.007,0.3395257447292685
3.008,-0.007506473695220282
3.009,-0.23746623545131249
3.0100000000000002,-0.4330189102862068
3.011,-0.8375168172320149
3.012,-1.0983436043454144
3.013,-1.3138239876158841
3.0140000000000002,-1.494569444222305
3.015,-1.775062557491962
3.016,-1.9569037056569956
3.017,-2.0245059932338902
3.0180000000000002,-2.1817399296871742
3.019,-2.395823447262695
3.02,-2.4161122502223393
3.021,-2.3085457757244825
3.0220000000000002,-2.3594024223051995
3.023,-2.380696708426183
3.024,-2.28191493804794
3.025,-2.1722271082772155
3.0260000000000002,-2.005682470206619
3.027,-1.9518588054550217
3.028,-1.7415631737843826
3.029,-1.4780851120262966
3.0300000000000002,-1.2684633136792813
3.031,-0.9892943320068714
3.032,-0.8198484066095924
3.033,-0.47065602555304625
3.0340000000000003,-0.15745115053027442
3.035,0.09159977792345084
3.036,0.3524590798723511
3.037,0.6140738392413073
3.0380000000000003,0.8418431865289182
3.039,1.1324108424511734
3.04,1.4356535045232164
3.041,1.5843505857620068
3.0420000000000003,1.7414295540811013
3.043,1.9322214491636491
3.044,2.1107407460458294
3.045,2.1968653105713267
3.0460000000000003,2.3240562141455445
3.047,2.378441872520121
3.048,2.41680549217794
3.049,2.4308760859807554
3.0500000000000003,2.3643062080214996
3.051,2.1907264565509794
3.052,2.084372786085786
3.053,1.9885583415037655
3.0540000000000003,1.8051757128525958
3.055,1.5810768042824794
3.056,1.4036647228242571
3.057,1.1702128944775165
3.0580000000000003,0.9121725108930803
3.059,0.6688672207764101
3.06,0.4731416701465492
3.061,0.14814639769887394
3.0620000000000003,-0.01604885038840484
3.063,-0.40689589849484464
3.064,-0.6998635976715112
3.065,-0.9455306080104671
3.0660000000000003,-1.1801418716087355
3.067,-1.4018823660411441
3.068,-1.5307641695272851
3.069,-1.8651964691013665
3.0700000000000003,-1.943097973247639
3.071,-2.1113334346237624
3.072,-2.3066385027665133
3.073,-2.2651492304877916
3.074,-2.284112100033803
3.075,-2.401779137397368
3.076,-2.338268039336843
3.077,-2.3707686160152432
3.078,-2.2626479426052764
3.079,-2.032222234055251
3.08,-1.964169329737684
3.081,-1.8258163449850757
3.082,-1.564095193920103
3.083,-1.3852411092906876
3.084,-1.1475672452545647
3.085,-0.8365678883677734
3.086,-0.669191106203348
3.087,-0.3856281646243514
3.088,-0.05733269331820018
3.089,0.25953802339192195
3.09,0.5460539575661822
3.091,0.7171819270301955
3.092,1.0531352553652247
3.093,1.2089103861726485
3.094,1.5639703566612482
3.095,1.6201166397323465
3.096,1.9241714659364593
3.097,1.98017777215356
3.098,2.24110154258009
3.099,2.267879759890916
3.1,2.254487830484933
3.101,2.314341722776256
3.102,2.3823963089823503
3.103,2.3665454843494524
3.104,2.24906513098475
3.105,2.1624917760166844
3.106,2.0760908710028168
3.107,1.8946295253056504
3.108,1.647264364788658
3.109,1.4716632325250365
3.11,1.303674621963728
3.111,1.1145809698087463
3.112,0.8820658913590778
3.113,0.5767625571645091
3.114,0.28136640070861574
3.115,0.030091022656937215
3.116,-0.31482221888683376
3.117,-0.5592854332256079
3.118,-0.8552512428098846
3.119,-1.127569652661082
3.12,-1.2847530220420975
3.121,-1.51041138595013
3.122,-1.682518219299733
3.123,-1.863056209571088
3.124,-2.025556268243478
3.125,-2.129029909810722
3.126,-2.2483815959424214
3.1270000000000002,-2.283984185380872
3.128,-2.367520051864843
3.129,-2.307161225761937
3.13,-2.2545991819720324
3.1310000000000002,-2.252349734594125
3.132,-2.1165583428342885
3.133,-2.021440607450934
3.134,-1.8603117832517415
3.1350000000000002,-1.7087402831332388
3.136,-1.3850065710402948
3.137,-1.170931408792518
3.138,-0.9564807917029476
3.1390000000000002,-0.6304236738563016
3.14,-0.47423272818331164
3.141,-0.042622712403321106
3.142,0.06753617921216515
3.1430000000000002,0.36359318511685024
3.144,0.5979145466873121
3.145,0.8947602054951754
3.146,1.1640777364507537
3.1470000000000002,1.3471783433472337
3.148,1.6535391311766485
3.149,1.7668288780178378
3.15,1.9342906013213714
3.1510000000000002,2.014661094180312
3.152,2.1919203845165276
3.153,2.245201570917205
3.154,2.2713186538274934
3.1550000000000002,2.280980937368955
3.156,2.4394773100281215
3.157,2.24701550637887
3.158,2.1104994559418153
3.1590000000000003,2.0415285808640085
3.16,1.9383702836052876
3.161,1.8060890895842971
3.162,1.6198479495131355
3.1630000000000003,1.4174200423386794
3.164,1.1238402213272713
3.165,0.9297563927161916
3.166,0.6131013204811973
3.1670000000000003,0.3611430946549219
3.168,0.076165901507981
3.169,-0.20901123757156562
3.17,-0.36584805474917753
3.1710000000000003,-0.6482041834373885
3.172,-0.8878559286845372
3.173,-1.1757576435420252
3.174,-1.3635791376813358
3.1750000000000003,-1.6957514347955986
3.176,-1.747549489278025
3.177,-1.9401004170683518
3.178,-2.0489177677556003
3.1790000000000003,-2.1638541312164383
3.18,-2.304653132046049
3.181,-2.3715243631011664
3.182,-2.341867388461696
3.1830000000000003,-2.2558617969223147
3.184,-2.1959655663270548
3.185,-2.2145019141048294
3.186,-2.0812426229628
3.1870000000000003,-1.9264634102541172
3.188,-1.740279820969768
3.189,-1.598954512141343
3.19,-1.3893673380939515
3.1910000000000003,-1.1286843286827788
3.192,-0.8377104730003707
3.193,-0.6439780631919401
3.194,-0.3257072721119978
3.1950000000000003,0.0023410352666501794
3.196,0.15423921492424253
3.197,0.4757836165287803
3.198,0.7973077304715055
3.1990000000000003,0.9747256226287293
3.2,1.2026935493863398
3.201,1.5082144701759692
3.202,1.6333094563464492
3.203,1.8796121427670196
3.204,1.9963778016931346
3.205,2.081038895620877
3.206,2.2164389601591092
3.207,2.272484395034337
3.208,2.340377997392392
3.209,2.2632128535597515
3.21,2.262406432947717
3.211,2.1958368405862716
3.212,2.1423970543533484
3.213,1.935195494066517
3.214,1.8892325926520184
3.215,1.688346797941117
3.216,1.40294860710827
3.217,1.3128053914896658
3.218,1.1305190807129342
3.219,0.8213805171308778
3.22,0.5845830286504056
3.221,0.2524800030440317
3.222,-0.10319684475055034
3.223,-0.3802705717840354
3.224,-0.5391694884154375
3.225,-0.8376616903060025
3.226,-1.098682824882126
3.227,-1.2863632421549753
3.228,-1.4649306760223622
3.229,-1.7601220477658606
3.23,-1.8783572833638333
3.231,-1.9231918583235057
3.232,-2.167607010161445
3.233,-2.156320922155976
3.234,-2.279648185136581
3.235,-2.2526070847419635
3.236,-2.2180734860628286
3.237,-2.197585938989434
3.238,-2.1201103295364945
3.239,-2.1242397087391214
3.24,-1.8836183309610572
3.241,-1.8278945933609156
3.242,-1.5936937008142356
3.243,-1.3930939852858706
3.244,-1.1617860534164404
3.245,-0.9329712508475201
3.246,-0.74279101619977
3.247,-0.5093211540417776
3.248,-0.13345502660909503
3.249,0.09930462345866455
3.25,0.4132139783909715
3.251,0.6142246734343517
3.2520000000000002,0.7983109753268435
3.253,1.1569031741658633
3.254,1.3147212179000347
3.255,1.556507963704095
3.2560000000000002,1.6918932719512152
3.257,1.9674905919757413
3.258,1.9763976021694543
3.259,2.1103962184990412
3.2600000000000002,2.210309518478892
3.261,2.1975664048416124
3.262,2.2848705226360684
3.263,2.3338298146938086
3.2640000000000002,2.1825430988028627
3.265,2.1502469722089788
3.266,1.8871018823880468
3.267,1.8888437397247495
3.2680000000000002,1.715343466061863
3.269,1.5064788414078556
3.27,1.3966282253055287
3.271,1.10297239637541
3.2720000000000002,0.8718023424033537
3.273,0.6111669771447802
3.274,0.27495563159770803
3.275,0.049963783132774456
3.2760000000000002,-0.11097371622532826
3.277,-0.527813451523163
3.278,-0.7179864070251315
3.279,-0.9475330295260385
3.2800000000000002,-1.075350624076534
3.281,-1.3429603246687014
3.282,-1.6089714182214603
3.283,-1.6937277360237295
3.2840000000000003,-1.9494952842293174
3.285,-1.9890998862436218
3.286,-2.20641247108803
3.287,-2.1541959559360735
3.2880000000000003,-2.2670880249043046
3.289,-2.3061374956490877
3.29,-2.2424125250394
3.291,-2.163775622884873
3.2920000000000003,-2.118468346086022
3.293,-1.953291394236675
3.294,-1.8701333805537352
3.295,-1.6446377853115888
3.2960000000000003,-1.4651860368694434
3.297,-1.2815585269790675
3.298,-1.074258207728242
3.299,-0.8038778202252057
3.3000000000000003,-0.5321219202429378
3.301,-0.1971147471012088
3.302,0.010226048030587284
3.303,0.2759102101592108
3.3040000000000003,0.6421501543104426
3.305,0.7673028599146866
3.306,1.0091881934508633
3.307,1.249926547198085
3.3080000000000003,1.3772039920965273
3.309,1.5986119939523347
3.31,1.766227061987272
3.311,1.9698740109013093
3.3120000000000003,2.047969864939281
3.313,2.1543706360079775
3.314,2.26296903661006
3.315,2.282416238524617
3.3160000000000003,2.2309506725573023
3.317,2.174446643140205
3.318,2.203193052175743
3.319,2.0940409152743586
3.3200000000000003,1.855652807600294
3.321,1.7742872180209552
3.322,1.627584227332611
3.323,1.4653605650643664
3.3240000000000003,1.2594504747653539
3.325,0.9990202049152951
3.326,0.771485726025096
3.327,0.4926978567267435
3.3280000000000003,0.19642386564321582
3.329,-0.045384917864660555
3.33,-0.29325448396096626
3.331,-0.5536543445918143
3.332,-0.8961981076661582
3.333,-1.0606320838919863
3.334,-1.2623374080075207
3.335,-1.4860698042288096
3.336,-1.6708155288894508
3.337,-1.7976049765103093
3.338,-2.0142949095503946
3.339,-2.1530072854357996
3.34,-2.171664923153895
3.341,-2.1689676488279406
3.342,-2.145261276661576
3.343,-2.182249766120555
3.344,-2.2558654069831916
3.345,-2.1250946202796808
3.346,-2.0025601404006355
3.347,-1.8806839283332648
3.348,-1.7107722854685157
3.349,-1.6078704562728579
3.35,-1.3615904042295885
3.351,-1.1279074569962562
3.352,-0.8759771412247244
3.353,-0.7133351678121274
3.354,-0.4369192393241267
3.355,-0.29578516279987765
3.356,0.06950498475178862
3.357,0.33403341313554236
3.358,0.5638753285833327
3.359,0.8691519668708929
3.36,1.0921192004226115
3.361,1.2008075664756088
3.362,1.5251913064699523
3.363,1.647684627424974
3.364,1.874639065723476
3.365,1.9169403460816847
3.366,2.0858451785769567
3.367,2.1447194640932845
3.368,2.2187708792877268
3.369,2.2241899084020513
3.37,2.188952277139436
3.371,2.0783052912696633
3.372,2.0049749866182767
3.373,1.9447297217830244
3.374,1.8414293437141018
3.375,1.6540131323016605
3.376,1.5351121176084668
3.3770000000000002,1.2886594700506588
3.378,1.0352648199266277
3.379,0.8356597203426849
3.38,0.6152923383787577
3.3810000000000002,0.3664544837917433
3.382,0.18561850756535317
3.383,-0.20141227541559564
3.384,-0.42888239255517413
3.3850000000000002,-0.6551737656936147
3.386,-0.919490823973722
3.387,-1.1724283474279469
3.388,-1.4380232966604927
3.3890000000000002,-1.5804183121180806
3.39,-1.7813599777287188
3.391,-1.9629123460440767
3.392,-2.0393391173138475
3.3930000000000002,-2.1472644555694806
3.394,-2.1321537591881645
3.395,-2.167896498257706
3.396,-2.2494356734195184
3.3970000000000002,-2.1931523795432835
3.398,-2.2189059668595323
3.399,-2.0672764786906757
3.4,-1.9110513595044907
3.4010000000000002,-1.7516196757221945
3.402,-1.6657257216368377
3.403,-1.3922828038280524
3.404,-1.315620338535814
3.4050000000000002,-1.0801704537438923
3.406,-0.7463208014372664
3.407,-0.4515834320073217
3.408,-0.2565293791447457
3.4090000000000003,-0.02550944260414558
3.41,0.12467280625192644
3.411,0.3878936597479827
3.412,0.7432217951669952
3.4130000000000003,0.956322254983542
3.414,1.1428768407272027
3.415,1.4087758742383758
3.416,1.5991225085649783
3.4170000000000003,1.806407630608709
3.418,1.9075152208341903
3.419,2.0773399171513867
3.42,2.1037141565300717
3.4210000000000003,2.155907957267666
3.422,2.243424173082313
3.423,2.1396131242947387
3.424,2.2974126478702006
3.4250000000000003,2.1138884568161433
3.426,2.0237437942469687
3.427,1.9129340565567905
3.428,1.836551897884717
3.4290000000000003,1.6143710876759598
3.43,1.3049038818460745
3.431,1.2467243370262617
3.432,0.9347672254213923
3.4330000000000003,0.7194032755253025
3.434,0.40257195613858987
3.435,0.23900594972144676
3.436,-0.07653740915849926
3.4370000000000003,-0.29491080614324056
3.438,-0.5658325232109225
3.439,-0.6993745189720382
3.44,-0.9294384009132879
3.4410000000000003,-1.2448741003955683
3.442,-1.4453629065079037
3.443,-1.648540848465704
3.444,-1.7333290055401689
3.4450000000000003,-1.9391103625470296
3.446,-2.051203221420822
3.447,-2.0606451364322633
3.448,-2.1868111848438385
3.4490000000000003,-2.1823069315970445
3.45,-2.2499387415491907
3.451,-2.096193012360461
3.452,-1.9655205417911012
3.4530000000000003,-1.9292573858612805
3.454,-1.7679294664101732
3.455,-1.7336963157798175
3.456,-1.5066912755668012
3.457,-1.371919486610206
3.458,-1.124221324433876
3.459,-0.8470409687411903
3.46,-0.6412643847199333
3.461,-0.4688808553630906
3.462,-0.21050738136765057
3.463,0.04156798576524896
3.464,0.3889485364525553
3.465,0.7161903440329132
3.466,0.9211827884628909
3.467,0.9864633750304891
3.468,1.365516557929519
3.469,1.5365472953510089
3.47,1.5871066988457854
3.471,1.800836871534013
3.472,1.9972984509987282
3.473,2.0697357057441685
3.474,2.048254169043168
3.475,2.186570289761117
3.476,2.0617405277672134
3.477,2.140153961950862
3.478,2.161220905085575
3.479,2.029279285683387
3.48,1.8995171612733168
3.481,1.8385478538188418
3.482,1.687755325062272
3.483,1.5269257366477313
3.484,1.3074735729557947
3.485,1.102818138258306
3.486,0.8560194929526834
3.487,0.5920751958215146
3.488,0.3348203334251794
3.489,0.06557805254470789
3.49,-0.2370426632478134
3.491,-0.47551624040276286
3.492,-0.6871750937314013
3.493,-0.896943124449921
3.494,-1.0602852618971124
3.495,-1.3420213516705366
3.496,-1.4788031570476405
3.497,-1.6428980744422466
3.498,-1.8528588024266563
3.499,-1.9305290501652972
3.5,-2.064341963193491
3.501,-2.0496300328553536
3.5020000000000002,-2.1183206654775897
3.503,-2.214356098606288
3.504,-2.121765224198595
3.505,-1.9930928679270559
3.5060000000000002,-2.0016260442241003
3.507,-1.8598091282923719
3.508,-1.7186288252353596
3.509,-1.637468889199404
3.5100000000000002,-1.378024263550299
3.511,-1.2718996423803077
3.512,-1.0156476467162188
3.513,-0.6992593737925661
3.5140000000000002,-0.4936020744132962
3.515,-0.27810864240964694
3.516,0.011513320560932917
3.517,0.2383038575058606
3.5180000000000002,0.490622933164134
3.519,0.7646607530599221
3.52,0.927086492118744
3.521,1.1837268323933814
3.5220000000000002,1.3679684638502874
3.523,1.4870140715991467
3.524,1.68131340912572
3.525,1.9429069634160685
3.5260000000000002,1.9951308065934463
3.527,1.9938258127282205
3.528,2.0386625523028408
3.529,2.136555953198314
3.5300000000000002,2.217163324008274
3.531,2.0972165063922756
3.532,2.110326500435456
3.533,1.9728279965829008
3.5340000000000003,1.8621308382868151
3.535,1.6298207468709531
3.536,1.5781907482832402
3.537,1.328233797412805
3.5380000000000003,1.1833365151568467
3.539,0.8790417869645767
3.54,0.6955835882707799
3.541,0.4619423448148469
3.5420000000000003,0.1882274738644786
3.543,-0.034853520020781126
3.544,-0.31854578060578864
3.545,-0.5835110310776969
3.5460000000000003,-0.7089156113623137
3.547,-0.9638937293747292
3.548,-1.2674290466487026
3.549,-1.396969665841852
3.5500000000000003,-1.638798451071322
3.551,-1.8150160301606384
3.552,-1.833937846052562
3.553,-2.074629114948043
3.5540000000000003,-2.01940640880342
3.555,-2.1261989272903854
3.556,-2.1427950762327197
3.557,-2.100981504909036
3.5580000000000003,-2.0524173639055383
3.559,-2.0541232459716023
3.56,-1.8805279106591137
3.561,-1.7879736348654829
3.5620000000000003,-1.7089964104628577
3.563,-1.484605600310573
3.564,-1.2166871604857774
3.565,-0.9939145569055826
3.5660000000000003,-0.8190991018626277
3.567,-0.6800124936504116
3.568,-0.3530377784131745
3.569,-0.0869945545675053
3.5700000000000003,0.1564600399974455
3.571,0.4073729532381333
3.572,0.6290597214436188
3.573,0.8415232222511577
3.5740000000000003,1.0372228127441576
3.575,1.1804293148809044
3.576,1.4823236131074178
3.577,1.644377906913377
3.5780000000000003,1.810074588228355
3.579,1.8378071551993727
3.58,2.0331133877088634
3.581,2.172142779784309
3.5820000000000003,2.1133322576995424
3.583,2.1172225780887164
3.584,2.117415921386176
3.585,2.156271602226786
3.586,1.92785471642854
3.587,1.886327598399317
3.588,1.7074919784026537
3.589,1.5673947204911889
3.59,1.4176137589013613
3.591,1.2933030023434193
3.592,1.1050101088921118
3.593,0.8124872805467847
3.594,0.5355720356201947
3.595,0.43581602776019324
3.596,0.042390740310010014
3.597,-0.21297420352580596
3.598,-0.5187037488027709
3.599,-0.5996605132729491
3.6,-0.8512311665196763
3.601,-0.9964319511170571
3.602,-1.3889818288517926
3.603,-1.4305043141720706
3.604,-1.6630092731529569
3.605,-1.7662703505964532
3.606,-2.0040583999326023
3.607,-1.9368182415748092
3.608,-2.0316982069792973
3.609,-2.105193591441114
3.61,-2.074206577680111
3.611,-2.1189090468518472
3.612,-2.0551045745823933
3.613,-1.9668927355689358
3.614,-1.9271823709657225
3.615,-1.6570374350783816
3.616,-1.4827427584393398
3.617,-1.3983897890494605
3.618,-1.1481923153552862
3.619,-0.9651728422859883
3.62,-0.7087419164076925
3.621,-0.519892138728418
3.622,-0.28940668613692094
3.623,0.0539249428344416
3.624,0.2445625494232398
3.625,0.5917772407782544
3.626,0.7290363650998719
3.6270000000000002,0.9063479946586586
3.628,1.2267013811579441
3.629,1.393441333558419
3.63,1.575933596295522
3.6310000000000002,1.7555084723717433
3.632,1.7962798637842543
3.633,1.930228061593339
3.634,2.0089452988510708
3.6350000000000002,2.006059072407193
3.636,2.0819269726368868
3.637,2.157541094472704
3.638,2.0693828067409257
3.6390000000000002,1.9286546532582332
3.64,1.8291161813722883
3.641,1.8748452256070007
3.642,1.6471372100663562
3.6430000000000002,1.456617669971409
3.644,1.2921640081685
3.645,1.0309472563077275
3.646,0.9597693933554682
3.6470000000000002,0.6406038954375687
3.648,0.4912618005892172
3.649,0.18237897503625927
3.65,0.005800972105318575
3.6510000000000002,-0.297304405177078
3.652,-0.5075626199017684
3.653,-0.7466682524200299
3.654,-0.9729697997094634
3.6550000000000002,-1.1943125821908602
3.656,-1.4141344233982134
3.657,-1.4780871937950861
3.658,-1.7688028818726327
3.6590000000000003,-1.8490145419040478
3.66,-1.9487123330055225
3.661,-2.0026430571364524
3.662,-2.0896295978524577
3.6630000000000003,-2.0692778662635143
3.664,-2.081564423523825
3.665,-2.1117509640136545
3.666,-1.963700622820869
3.6670000000000003,-1.9236810487366847
3.668,-1.8341245798307007
3.669,-1.5952744772757734
3.67,-1.4104102629556643
3.6710000000000003,-1.2214451665218689
3.672,-1.0152732083620988
3.673,-0.9218105840849082
3.674,-0.6634967540665382
3.6750000000000003,-0.2589219748217451
3.676,-0.1672804798171678
3.677,0.15978245429823243
3.678,0.33716966989599917
3.6790000000000003,0.6125526953909115
3.68,0.8054692883577458
3.681,1.0821349148958306
3.682,1.263199582515655
3.6830000000000003,1.4188436616484332
3.684,1.5536992982002837
3.685,1.762333147503325
3.686,1.8068733036827977
3.6870000000000003,1.9816519327612268
3.688,2.157306473130271
3.689,2.1312363200975177
3.69,2.1089234058922153
3.6910000000000003,2.0494204849733744
3.692,1.909152853872211
3.693,1.864728862953636
3.694,1.8931475858881004
3.6950000000000003,1.66251207648743
3.696,1.516617954783515
3.697,1.3715510407871667
3.698,1.1360333247575352
3.6990000000000003,0.9207853535700636
3.7,0.7591351342033101
3.701,0.4862093927753615
3.702,0.2556412407932798
3.7030000000000003,0.011603705827840996
3.704,-0.1658444820938616
3.705,-0.44344615839703366
3.706,-0.6745915734405586
3.7070000000000003,-0.8603634457726337
3.708,-1.1094933221969856
3.709,-1.3131974360301077
3.71,-1.4546603922406052
3.7110000000000003,-1.60321711699606
3.712,-1.7797949222582197
3.713,-1.8797323375871455
3.714,-2.0081565111686466
3.715,-2.070223098501922
3.716,-2.0188813082743757
3.717,-2.03686519470183
3.718,-2.0097323313575113
3.719,-1.9638296808452222
3.72,-1.89369241526792
3.721,-1.7532073383249396
3.722,-1.6086925738736801
3.723,-1.4545395586898542
3.724,-1.3291769192450973
3.725,-1.060644135587539
3.726,-0.9089293715082231
3.727,-0.6664918386629647
3.728,-0.4522333286287298
3.729,-0.21588263032521515
3.73,-0.023869261110451692
3.731,0.2888578237023178
3.732,0.6333269248349784
3.733,0.7027247212116494
3.734,0.9453732750864513
3.735,1.1267953759916756
3.736,1.3160575798263079
3.737,1.5904734253832047
3.738,1.6314598128824616
3.739,1.7702419994966658
3.74,1.8186227366973566
3.741,1.9379577476509804
3.742,1.9409867496318551
3.743,2.0806071356424867
3.744,2.1833536896681336
3.745,1.991218321287441
3.746,1.864707340991797
3.747,1.9047073348196741
3.748,1.70942149014966
3.749,1.6727753205400542
3.75,1.43363867308078
3.751,1.2361894639444402
3.7520000000000002,1.0615198314798355
3.753,0.8962695887627998
3.754,0.623227746841962
3.755,0.3773256550806763
3.7560000000000002,0.15433662732127704
3.757,-0.13936316285598022
3.758,-0.29482202807853214
3.759,-0.6384745821937114
3.7600000000000002,-0.798139830523197
3.761,-0.9539673719149321
3.762,-1.1790210742609095
3.763,-1.3503459430848923
3.7640000000000002,-1.5497013239311812
3.765,-1.6331587563600143
3.766,-1.7672253130237108
3.767,-1.887915041807248
3.7680000000000002,-1.9342307487497727
3.769,-1.9861376329113463
3.77,-2.0607655463979127
3.771,-2.0930067477135266
3.7720000000000002,-1.9638897603622179
3.773,-1.8893517494793433
3.774,-1.7674856695114969
3.775,-1.7490990365855932
3.7760000000000002,-1.6044600108022014
3.777,-1.3715640036074035
3.778,-1.2143809717770255
3.779,-1.1047584772950165
3.7800000000000002,-0.7775160615291637
3.781,-0.6638058509407545
3.782,-0.38558065730052504
3.783,-0.03330045652489316
3.7840000000000003,0.22908387188388657
3.785,0.3137809779523806
3.786,0.5895547747697402
3.787,0.8311638963350929
3.7880000000000003,1.1295794460233612
3.789,1.2129260926709364
3.79,1.393632305144328
3.791,1.6552021913180042
3.7920000000000003,1.6974967143718414
3.793,1.8670975119991398
3.794,1.8465904725745734
3.795,1.9748323963148704
3.7960000000000003,1.935990146578653
3.797,1.9739248226311161
3.798,2.0484388435629053
3.799,1.9561119768922308
3.8000000000000003,1.8677982286984043
3.801,1.7455234021871526
3.802,1.6465970136086627
3.803,1.5245541541766234
3.8040000000000003,1.389764513227309
3.805,1.0220700750360407
3.806,0.9086263753386828
3.807,0.7420414464960209
3.8080000000000003,0.5029859615049587
3.809,0.29503282302068096
3.81,0.051484377895981294
3.811,-0.21431862642704547
3.8120000000000003,-0.4597563470866134
3.813,-0.6739535643815955
3.814,-0.8232881054571555
3.815,-1.1241382700676652
3.8160000000000003,-1.2824106958658503
3.817,-1.4441185870107076
3.818,-1.529174721282109
3.819,-1.7538920965959799
3.8200000000000003,-1.7985924791752728
3.821,-1.8670875729943692
3.822,-1.9874036883161956
3.823,-2.0229026810113906
3.8240000000000003,-2.0292148944624175
3.825,-1.9981997706940053
3.826,-1.887982710424899
3.827,-1.8378357816640887
3.8280000000000003,-1.7308509841866166
3.829,-1.6681261321273475
3.83,-1.5073219042156836
3.831,-1.1788079629334278
3.8320000000000003,-1.1042479811131671
3.833,-0.9284506152570396
3.834,-0.6003327319375689
3.835,-0.43080143710736746
3.8360000000000003,-0.18295011765181063
3.837,0.017096704639514026
3.838,0.24349242408374705
3.839,0.4826983486953197
3.84,0.6469234203055436
3.841,0.9265802362635727
3.842,1.147769400559546
3.843,1.4117775906719376
3.844,1.4915749633317565
3.845,1.5180118953684059
3.846,1.754868251175355
3.847,1.9970788345176143
3.848,1.978271543524754
3.849,1.9425507607262325
3.85,2.0334323883770655
3.851,1.959923104923414
3.852,1.894951059508161
3.853,1.8837971437361924
3.854,1.8181808292446935
3.855,1.6074191909276219
3.856,1.507587555597101
3.857,1.4080614809730974
3.858,1.2102962737116394
3.859,1.0567128917043525
3.86,0.7682914578838791
3.861,0.6454410910197169
3.862,0.3229439542685541
3.863,0.23149244852835202
3.864,-0.17116970111438712
3.865,-0.37347133723178255
3.866,-0.5269431551755733
3.867,-0.6859195619941109
3.868,-0.9640020536809873
3.869,-1.1486384837824677
3.87,-1.3566252998842456
3.871,-1.570751767432924
3.872,-1.684852846210875
3.873,-1.838905998430363
3.874,-1.9356444141924303
3.875,-1.9191763731897349
3.876,-2.0362136291365105
3.8770000000000002,-1.9775528234622732
3.878,-2.04460802422039
3.879,-1.923399409349973
3.88,-1.8946504892730616
3.8810000000000002,-1.7061282356930274
3.882,-1.642063969099309
3.883,-1.4554398758486553
3.884,-1.3931324289809826
3.8850000000000002,-1.1720464642727377
3.886,-1.0272902216915019
3.887,-0.788894489601617
3.888,-0.5607950213707871
3.8890000000000002,-0.35600018923648963
3.89,-0.14818798309493617
3.891,0.07531330406683608
3.892,0.260293089564343
3.8930000000000002,0.5504560046278787
3.894,0.8522289412677567
3.895,0.9471021815270747
3.896,1.1505481625407477
3.8970000000000002,1.4835407462887047
3.898,1.5179207281205829
3.899,1.7001166042399838
3.9,1.827225210339725
3.9010000000000002,1.9144858371607636
3.902,1.8655204503761404
3.903,1.9635661666429285
3.904,1.9004467717416473
3.9050000000000002,2.0825944350227594
3.906,1.8324386928371317
3.907,1.7853522865159974
3.908,1.6859713252668405
3.9090000000000003,1.5395063737049546
3.91,1.5361029889388054
3.911,1.42354575496173
3.912,1.0946998607625535
3.9130000000000003,0.8531873480734463
3.914,0.5954944473511956
3.915,0.47360472901455314
3.916,0.24185674672983484
3.9170000000000003,-0.006481570787626026
3.918,-0.19470213205554848
3.919,-0.4149321529119475
3.92,-0.6413675793306182
3.9210000000000003,-0.8870004371192348
3.922,-1.1278473098015893
3.923,-1.2261722738017058
3.924,-1.428093977968807
3.9250000000000003,-1.5337894367720948
3.926,-1.6663704845668585
3.927,-1.8810577011703271
3.928,-1.9607792199658658
3.9290000000000003,-1.9798668398687074
3.93,-2.0211279184875965
3.931,-1.9296297571954548
3.932,-1.9217815286040802
3.9330000000000003,-1.8296174833742538
3.934,-1.7840233293945935
3.935,-1.6878513643392847
3.936,-1.5093644957601784
3.9370000000000003,-1.3953500707551418
3.938,-1.2454192826260335
3.939,-0.9876440683248242
3.94,-0.8541920058515161
3.9410000000000003,-0.6616814135240088
3.942,-0.4660460555963408
3.943,-0.16093987575192453
3.944,0.09643276273648202
3.9450000000000003,0.2621486484923745
3.946,0.5564259832063895
3.947,0.6120170069666275
3.948,0.9173449407986386
3.9490000000000003,1.114939516764414
3.95,1.2619398149838192
3.951,1.5808528626729197
3.952,1.601500708801589
3.9530000000000003,1.7053895323476165
3.954,1.8241967317365544
3.955,1.7947083526119414
3.956,1.9026525420934068
3.9570000000000003,2.008830925061476
3.958,1.92021971907729
3.959,1.8753180276083543
3.96,1.9209221221052697
3.9610000000000003,1.8355882918156763
3.962,1.6832088697610759
3.963,1.5005848003592348
3.964,1.3564032023380863
3.9650000000000003,1.1544053159701688
3.966,0.9547136742493848
3.967,0.7483030087882433
3.968,0.5547418405844062
3.969,0.3110454913659027
3.97,0.05682536664830613
3.971,-0.08355584005513242
3.972,-0.31093322487313624
3.973,-0.4612162113022827
3.974,-0.7956407773397345
3.975,-0.9527877662521428
3.976,-1.143900166257434
3.977,-1.3481041544798573
3.978,-1.4555875885146246
3.979,-1.5907881904907235
3.98,-1.727401299342298
3.981,-1.8466876014176485
3.982,-1.9165949290003321
3.983,-2.005715063241318
3.984,-1.9895070610799332
3.985,-1.9653175976671406
3.986,-1.9487621045068912
3.987,-1.8028393113481767
3.988,-1.6721464877540793
3.989,-1.660684484795667
3.99,-1.4621927284774274
3.991,-1.3688582505637612
3.992,-1.1550946488457343
3.993,-0.9814208169069475
3.994,-0.7108918932825354
3.995,-0.5588792901001557
3.996,-0.25116371289068207
3.997,-0.08677332001176681
3.998,0.12122347406006628
3.999,0.31701448451238307
4.0,0.6129867232701104
4.001,0.8573651254724199
4.002,1.0272558847779483
4.003,1.3124587879811918
4.0040000000000004,1.4423045583686995
4.005,1.5067665498325256
4.006,1.636520778457756
4.007,1.783350404501225
4.008,1.8011005564698277
4.009,1.959008461140691
4.01,1.9502384925590737
4.011,1.9497949528225589
4.0120000000000005,1.949427180867164
4.013,1.9529354661067324
4.014,1.8013399685266136
4.015,1.6884531884977172
4.016,1.647539883539207
4.017,1.4768575664348687
4.018,1.2491737920627184
4.019,1.0848504277114401
4.0200000000000005,0.8988516261000046
4.021,0.6994894780732422
4.022,0.39657820510653063
4.023,0.16398189583319397
4.024,-0.029795684353890607
4.025,-0.26030121294837766
4.026,-0.46787481053345786
4.027,-0.6214669522106238
4.0280000000000005,-0.8700711136965852
4.029,-1.0482608056148621
4.03,-1.3010818841435443
4.031,-1.427565267501488
4.032,-1.5203047120873605
4.033,-1.6436789813070247
4.034,-1.8102916713519126
4.035,-1.8421158909388675
4.0360000000000005,-1.790852942474776
4.037,-1.9260450301895444
4.038,-1.9576427923419093
4.039,-1.9029796156356922
4.04,-1.8348871247514225
4.041,-1.7669217145313472
4.042,-1.6565765644844017
4.043,-1.6000537737961507
4.0440000000000005,-1.4278748348954025
4.045,-1.2201123490683754
4.046,-1.0371633117634438
4.047,-0.8593559500902681
4.048,-0.6306696124568529
4.049,-0.40105579889620496
4.05,-0.13644368987226588
4.051,0.03971768104756585
4.0520000000000005,0.28951537344411116
4.053,0.46355142591591886
4.054,0.7334505431179656
4.055,0.9280392934381948
4.056,1.1443294205180934
4.057,1.313237403937603
4.058,1.465839729041223
4.059,1.570451003237927
4.0600000000000005,1.7048105704178333
4.061,1.8395470832747307
4.062,1.822908764986609
4.063,1.8676229388187762
4.064,1.925446326535945
4.065,1.9280428266350629
4.066,1.8306867570542689
4.067,1.8069752469159548
4.0680000000000005,1.7198970520914678
4.069,1.503976636977233
4.07,1.4716891327226789
4.071,1.3223458015948593
4.072,1.151464986384697
4.073,1.0436298350713957
4.074,0.7120651089680744
4.075,0.5210738197382548
4.0760000000000005,0.21348128830800953
4.077,0.09717920003071573
4.078,-0.12300087188437626
4.079,-0.3516440112895032
4.08,-0.4890977401274778
4.081,-0.71218901778328
4.082,-0.9515650276569525
4.083,-1.1609700017652669
4.0840000000000005,-1.262282615857544
4.085,-1.4675510597812282
4.086,-1.6401647554768986
4.087,-1.7956480085301358
4.088,-1.8188665677593874
4.089,-1.8212258507263293
4.09,-1.7816336939964408
4.091,-1.9027356466990342
4.0920000000000005,-1.9281606270032783
4.093,-1.9071695118647418
4.094,-1.7528931984835996
4.095,-1.7767730465410727
4.096,-1.5458358428827668
4.097,-1.3956357370834067
4.098,-1.258128446442896
4.099,-1.116766450855294
4.1,-0.8882055518961472
4.101,-0.7060197286741052
4.102,-0.5418203161841342
4.103,-0.1918964438022288
4.104,-0.07967460360551429
4.105,0.1997860596064565
4.106,0.26084352979013176
4.107,0.6610175573683764
4.108,0.8777283080582782
4.109,1.0017026245530152
4.11,1.2101986419730746
4.111,1.3758593525326555
4.112,1.4628150879540114
4.113,1.6486591591686426
4.114,1.6848151775910956
4.115,1.7749237826532935
4.116,1.9169004872801854
4.117,1.9388042556431273
4.118,1.8582008074332892
4.119,1.8341825555626374
4.12,1.7901402509730442
4.121,1.7855063475438837
4.122,1.6012494763331444
4.123,1.5487347772601074
4.124,1.4268367387561527
4.125,1.2245805168987731
4.126,1.102118275227185
4.127,0.8445982935532134
4.128,0.6455464659036828
4.1290000000000004,0.3948406312538864
4.13,0.2759976510014089
4.131,-0.03476349199247175
4.132,-0.20048120429526958
4.133,-0.43996986341772787
4.134,-0.7013692783320179
4.135,-0.882478483187263
4.136,-0.9743411455591421
4.1370000000000005,-1.2103969313461131
4.138,-1.4310319315170617
4.139,-1.5063021163795103
4.14,-1.6488320666532246
4.141,-1.5661006341982744
4.142,-1.7978105285851202
4.143,-1.8793489401377041
4.144,-1.8118997817646691
4.1450000000000005,-1.9715683999765032
4.146,-1.8455054976704144
4.147,-1.6957092508498248
4.148,-1.7217201448572297
4.149,-1.6994317650235329
4.15,-1.5072280753692393
4.151,-1.268917912251761
4.152,-1.1586166418446084
4.1530000000000005,-1.0389757128717252
4.154,-0.8372380041677481
4.155,-0.6259151084809083
4.156,-0.36666718059662956
4.157,-0.09939974167500967
4.158,0.10693023625942442
4.159,0.29688695707441154
4.16,0.423410398795814
4.1610000000000005,0.6326563637517658
4.162,0.9250506749276585
4.163,1.0179802893878986
4.164,1.2458009641171541
4.165,1.4267094557049127
4.166,1.4895203622368354
4.167,1.6087090122478782
4.168,1.7458059871991098
4.1690000000000005,1.8421130240823247
4.17,1.9113479481776172
4.171,1.9043297882969643
4.172,1.8675229070138337
4.173,1.790701759626742
4.174,1.7134507651346957
4.175,1.6561018394102283
4.176,1.5936439138511316
4.1770000000000005,1.4598371561748598
4.178,1.1880303800372318
4.179,1.0859978427152384
4.18,1.0023200485003019
4.181,0.7499571514492549
4.182,0.4688453597354221
4.183,0.44383239245259276
4.184,0.1065345278626184
4.1850000000000005,-0.09225852716281513
4.186,-0.3093268232496459
4.187,-0.5608792711400495
4.188,-0.7845059355403476
4.189,-0.8372708675445477
4.19,-1.075334169120902
4.191,-1.2509443567377612
4.192,-1.411890873712279
4.1930000000000005,-1.6196106356268705
4.194,-1.6126165083989539
4.195,-1.8025400114358798
4.196,-1.8058046791912485
4.197,-1.9364081644387894
4.198,-1.965370602565275
4.199,-1.8306096252782116
4.2,-1.844725658026218
4.2010000000000005,-1.8366187801086282
4.202,-1.6190984833961062
4.203,-1.4264373752195114
4.204,-1.3281966191339254
4.205,-1.2565613188848426
4.206,-1.072192425180582
4.207,-0.8424726153402256
4.208,-0.6328261240106026
4.2090000000000005,-0.4987690632549274
4.21,-0.26599074528541905
4.211,-0.035175424444879484
4.212,0.19558195582136279
4.213,0.3769224551367802
4.214,0.5878814150469173
4.215,0.8649107883604205
4.216,1.0473709401286126
4.2170000000000005,1.1880551651864735
4.218,1.4113053651527678
4.219,1.4488533110215698
4.22,1.6718490086561573
4.221,1.7183692346532682
4.222,1.9319793783555268
4.223,1.7615757734885285
4.224,1.8143743064149234
4.225,1.8719225318910357
4.226,1.8474659770143937
4.227,1.8765464412204138
4.228,1.6725496728170959
4.229,1.6546546288820478
4.23,1.5488246118938698
4.231,1.3867249299660014
4.232,1.1456599261244311
4.233,1.0899240855434067
4.234,0.8928461149327744
4.235,0.6618200230508526
4.236,0.43389203727183523
4.237,0.22106033778933373
4.238,-0.010903523161889188
4.239,-0.1914620969390513
4.24,-0.4353070083143971
4.241,-0.6865399894905098
4.242,-0.8948262236348534
4.243,-1.0665844074383168
4.244,-1.1901975365158217
4.245,-1.3583393766993845
4.246,-1.4831383166483163
4.247,-1.5851255782041864
4.248,-1.7355456629794381
4.249,-1.7013758714469895
4.25,-1.8340277869502746
4.251,-1.86317740040486
4.252,-1.812853894225292
4.253,-1.898942376834828
4.2540000000000004,-1.7918860030385748
4.255,-1.624412178459977
4.256,-1.6584053749160241
4.257,-1.3921009021935662
4.258,-1.2289574547759807
4.259,-1.1615973013862253
4.26,-0.9514522513816754
4.261,-0.7197629167122193
4.2620000000000005,-0.5981166194861202
4.263,-0.32260849544888653
4.264,-0.18581667703740656
4.265,0.03960805032704834
4.266,0.23830287073740405
4.267,0.5062570334974916
4.268,0.7510462568371814
4.269,0.8783235469551365
4.2700000000000005,1.0060305967903274
4.271,1.1826991989330282
4.272,1.4066841728100505
4.273,1.6100954282079036
4.274,1.6475299245084065
4.275,1.6959645057891586
4.276,1.817399381652057
4.277,1.806341924729485
4.2780000000000005,1.8135446048234947
4.279,1.7734088203677918
4.28,1.8555220428213883
4.281,1.5973120008305375
4.282,1.679592044838721
4.283,1.5093683577748336
4.284,1.383811528773668
4.285,1.3414103776561563
4.2860000000000005,1.0562892948211107
4.287,0.8782080413428581
4.288,0.7134067430422204
4.289,0.5384892700058006
4.29,0.2865208363600538
4.291,0.016570546100810324
4.292,-0.16259530943109907
4.293,-0.2680826278012441
4.2940000000000005,-0.5365808572602515
4.295,-0.718399187752281
4.296,-0.9443590763226751
4.297,-1.1416782558144536
4.298,-1.1868806358899708
4.299,-1.4246370921592089
4.3,-1.5622927120411716
4.301,-1.5889284783752884
4.3020000000000005,-1.7607601547133627
4.303,-1.8114743229707706
4.304,-1.8137335674612225
4.305,-1.821714623739189
4.306,-1.7911114252360372
4.307,-1.6570077260251956
4.308,-1.678009657861984
4.309,-1.7236180614926409
4.3100000000000005,-1.476208167057331
4.311,-1.3579073334588363
4.312,-1.2062159060141797
4.313,-1.0280822710870037
4.314,-0.859532154194681
4.315,-0.6666938340522953
4.316,-0.43030239045769625
4.317,-0.27868035784218426
4.3180000000000005,-0.08620191988230108
4.319,0.32557600269420345
4.32,0.34930488169605606
4.321,0.595418100185695
4.322,0.7127152393711894
4.323,0.9794693804075059
4.324,1.0996310719237423
4.325,1.2809392572322622
4.3260000000000005,1.4940562097393066
4.327,1.5842078778373896
4.328,1.6862671257047972
4.329,1.6436289530221657
4.33,1.8744644867528262
4.331,1.7488589651936937
4.332,1.8857713214076401
4.333,1.8363658718845652
4.3340000000000005,1.765497964480134
4.335,1.6213031327361649
4.336,1.5761419574141047
4.337,1.427941627473325
4.338,1.3159031617400887
4.339,1.1468569412900964
4.34,0.8864011632503366
4.341,0.8598482264543992
4.3420000000000005,0.6041274865518828
4.343,0.38006407290126676
4.344,0.1669206598044122
4.345,0.0008933488393858963
4.346,-0.2733603123338837
4.347,-0.5498326782446915
4.348,-0.6190055934727695
4.349,-0.8067956201118912
4.3500000000000005,-1.0245591380807775
4.351,-1.2397356613342096
4.352,-1.3292859495626332
4.353,-1.5399005006990298
4.354,-1.6307004714285294
4.355,-1.707718060745644
4.356,-1.6957663363259423
4.357,-1.7998851023791258
4.358,-1.8233566251972162
4.359,-1.6976004147627792
4.36,-1.747334661088443
4.361,-1.6933110031897303
4.362,-1.6504931982475535
4.363,-1.561107384989629
4.364,-1.5188209722640076
4.365,-1.2198945575251248
4.366,-1.08732048093244
4.367,-0.9448658894372934
4.368,-0.7561106680480638
4.369,-0.5155327307275512
4.37,-0.42563391836693326
4.371,-0.16824050440849428
4.372,0.015415395762639166
4.373,0.37069858303420544
4.374,0.5318208538833279
4.375,0.5770036094146046
4.376,0.8009935009402763
4.377,1.047441693227388
4.378,1.1932081131365155
4.3790000000000004,1.2965380042830235
4.38,1.5870733148714318
4.381,1.6119473394691135
4.382,1.7044939449382082
4.383,1.70737803959215
4.384,1.8152766844274617
4.385,1.7727815169275498
4.386,1.76556820483039
4.3870000000000005,1.773686448232842
4.388,1.6010711094819143
4.389,1.6785864263296653
4.39,1.5020627909262836
4.391,1.4306608245979346
4.392,1.167725163899484
4.393,1.013441235156737
4.394,0.8250676531087263
4.3950000000000005,0.7071391025524234
4.396,0.49988768410484086
4.397,0.26856917708080985
4.398,0.0323508005158332
4.399,-0.19006843675071014
4.4,-0.3371203274774037
4.401,-0.5612313746651996
4.402,-0.7679864730245239
4.4030000000000005,-0.8419083112407103
4.404,-1.096184414488622
4.405,-1.1862429884878494
4.406,-1.4167889499092472
4.407,-1.499044832934477
4.408,-1.6143285943868404
4.409,-1.7744472796080055
4.41,-1.6728346882870038
4.4110000000000005,-1.7816246673471638
4.412,-1.7436794322110312
4.413,-1.8001788312034004
4.414,-1.7281046608588415
4.415,-1.6967971907141106
4.416,-1.5024793435708221
4.417,-1.4380050334163994
4.418,-1.3045258511483413
4.4190000000000005,-1.106089387263262
4.42,-0.9511788030789761
4.421,-0.7918847978334695
4.422,-0.7110245729817772
4.423,-0.4757658191491508
4.424,-0.28622388319902947
4.425,0.008467549212858493
4.426,0.18904117914851443
4.4270000000000005,0.31682458256371515
4.428,0.5773417703857312
4.429,0.7043283608800618
4.43,0.9578102819831888
4.431,1.0458159474934683
4.432,1.3075126088920286
4.433,1.4347305308318752
4.434,1.6264150540730555
4.4350000000000005,1.6674408094140607
4.436,1.6754877806678548
4.437,1.785702679887925
4.438,1.6990067955064494
4.439,1.720460288011104
4.44,1.7605525519399747
4.441,1.5872626337641387
4.442,1.6212467265337198
4.4430000000000005,1.4776746089108206
4.444,1.4183005546334053
4.445,1.2244607508223904
4.446,1.1471050678499606
4.447,0.9589460433352737
4.448,0.846948318490736
4.449,0.5855819931056097
4.45,0.34714038737801456
4.4510000000000005,0.16832365236209754
4.452,-0.09385319065510828
4.453,-0.2131894816224797
4.454,-0.40755285164349037
4.455,-0.5110237911268085
4.456,-0.8541834183341385
4.457,-1.013662636958593
4.458,-1.1923774791934358
4.4590000000000005,-1.3001901278132797
4.46,-1.4207844697616816
4.461,-1.551705995234997
4.462,-1.582487598740724
4.463,-1.7328168899689664
4.464,-1.69433171973788
4.465,-1.7343318710549045
4.466,-1.7551856696848667
4.4670000000000005,-1.7394716747797538
4.468,-1.5477809808594705
4.469,-1.6323660440807137
4.47,-1.4771113790436317
4.471,-1.409483660478634
4.472,-1.1437920660903353
4.473,-1.0328907693046
4.474,-0.9405227608350941
4.4750000000000005,-0.6979214495630685
4.476,-0.5177139866285284
4.477,-0.3562435169219147
4.478,-0.08784641189337214
4.479,0.10001607852130173
4.48,0.29644403403046055
4.481,0.48464704078662224
4.482,0.7025847675943716
4.483,0.8773198225268429
4.484,1.0416088638270098
4.485,1.165015209561402
4.486,1.4235962778821751
4.487,1.4097105377246393
4.488,1.5867261013981555
4.489,1.6308211200451979
4.49,1.793561133830686
4.491,1.6956215869874982
4.492,1.7152302598906461
4.493,1.690541701432428
4.494,1.718275339784808
4.495,1.5730685449910864
4.496,1.5348054408790697
4.497,1.3466697817553188
4.498,1.3418596889996242
4.499,1.162096888578399
4.5,0.953667701198826
4.501,0.909207221197018
4.502,0.6046858917987128
4.503,0.5158986333972798
4.5040000000000004,0.24050001559274894
4.505,0.15141653222692691
4.506,-0.09629635080569729
4.507,-0.387357712361839
4.508,-0.581260140833269
4.509,-0.6961157503114124
4.51,-0.920402326938521
4.511,-1.0840577507700693
4.5120000000000005,-1.165386602566928
4.513,-1.402832925664606
4.514,-1.4783524124437188
4.515,-1.532210773325666
4.516,-1.614688764678945
4.517,-1.7154775486910547
4.518,-1.750732127066099
4.519,-1.828068147785435
4.5200000000000005,-1.7747741124426895
4.521,-1.6631466415509464
4.522,-1.6199310718523
4.523,-1.5210525890423772
4.524,-1.3636136823449625
4.525,-1.3462499842061093
4.526,-1.15231274880536
4.527,-0.9690260232122758
4.5280000000000005,-0.8382059067099045
4.529,-0.5449635557675031
4.53,-0.3762259881714023
4.531,-0.20653526846017295
4.532,0.07224619827012413
4.533,0.11132169153709684
4.534,0.38695847916585074
4.535,0.6013154222549751
4.5360000000000005,0.7248049454873564
4.537,0.9624008661175639
4.538,1.0557333692465338
4.539,1.2939013334396265
4.54,1.443151572586818
4.541,1.5155411182402139
4.542,1.5001960280537152
4.543,1.6134099351454299
4.5440000000000005,1.7359601852946418
4.545,1.7311968704496692
4.546,1.5939871479257675
4.547,1.7655472315392216
4.548,1.6614836153485382
4.549,1.542150794269547
4.55,1.5395106461260555
4.551,1.3420448109850418
4.5520000000000005,1.208736833304064
4.553,1.1112316527780557
4.554,1.0175104922378364
4.555,0.8320515247944317
4.556,0.5809940226301962
4.557,0.39058099288658277
4.558,0.2065060270112326
4.559,-0.09866592002275852
4.5600000000000005,-0.20577821307185148
4.561,-0.4734923193462194
4.562,-0.6135625001505987
4.563,-0.8247982235041871
4.564,-0.961011359686183
4.565,-1.1391465796157791
4.566,-1.441830250494817
4.567,-1.4045415820159413
4.5680000000000005,-1.4871463312204865
4.569,-1.5817357921504989
4.57,-1.6717901773443542
4.571,-1.6241777774739132
4.572,-1.706801869647321
4.573,-1.6928193410525154
4.574,-1.6311743891925083
4.575,-1.61077030719591
4.5760000000000005,-1.5968679032869373
4.577,-1.5755870847561857
4.578,-1.3592297356384062
4.579,-1.1606694597230047
4.58,-1.0632458954566621
4.581,-0.838055780019318
4.582,-0.6911661225729142
4.583,-0.4451311687772696
4.5840000000000005,-0.3282819527439513
4.585,-0.08988697629724861
4.586,0.11375740992466199
4.587,0.3639698197747878
4.588,0.39991749583252056
4.589,0.6519162472048279
4.59,0.8974665326856794
4.591,1.1006759446348842
4.5920000000000005,1.1895455761803462
4.593,1.30076877687998
4.594,1.4729292050941822
4.595,1.578342859660982
4.596,1.5955561820966533
4.597,1.686408123710927
4.598,1.76222700365802
4.599,1.8075363416082626
4.6000000000000005,1.7363358428493214
4.601,1.6641844736901203
4.602,1.599148513553289
4.603,1.5475381837984983
4.604,1.4107844272443262
4.605,1.3034636108515292
4.606,1.1007133111178846
4.607,1.0622402838682
4.6080000000000005,0.7704736223004276
4.609,0.6246359728019357
4.61,0.4610466338703114
4.611,0.3594326017439303
4.612,0.03896494147183115
4.613,-0.17373053030828395
4.614,-0.36647917932573143
4.615,-0.44974594565399584
4.616,-0.8596353332522396
4.617,-0.9454910943891396
4.618,-0.9227081385620941
4.619,-1.1789743772426038
4.62,-1.3963397471040375
4.621,-1.4571145394454879
4.622,-1.545516603942516
4.623,-1.5790606098378002
4.624,-1.57948593280871
4.625,-1.6790630074405426
4.626,-1.729082005529174
4.627,-1.6428729860841107
4.628,-1.6740908077398597
4.6290000000000004,-1.6252155891329987
4.63,-1.5742485572208762
4.631,-1.4567603875705069
4.632,-1.2966176051311706
4.633,-1.1667715678460506
4.634,-0.9330936199697506
4.635,-0.8365857239542647
4.636,-0.7510246203341083
4.6370000000000005,-0.45515233327669297
4.638,-0.23018996509943618
4.639,-0.037743903511730806
4.64,0.2676497479921205
4.641,0.35741520247798725
4.642,0.6231244135815068
4.643,0.7610513715468288
4.644,0.9322254090823738
4.6450000000000005,1.0519581367820623
4.646,1.2350289467482165
4.647,1.3268264082047756
4.648,1.4818225218397076
4.649,1.54939154738817
4.65,1.580294941305975
4.651,1.7209776521168794
4.652,1.713520649957921
4.6530000000000005,1.6672332578670255
4.654,1.6710757416314457
4.655,1.610847543001782
4.656,1.5006514766883352
4.657,1.4552912508009754
4.658,1.3084752587836872
4.659,1.1616183443465138
4.66,0.9804547294000043
4.6610000000000005,0.8818169953396677
4.662,0.7539137733776868
4.663,0.5067202992508503
4.664,0.47598930322452315
4.665,0.1979945332101606
4.666,0.02064642051137485
4.667,-0.20239054722950864
4.668,-0.34367065976092354
4.6690000000000005,-0.6637284540057675
4.67,-0.9317927191232256
4.671,-0.994283337130985
4.672,-1.0988165527219216
4.673,-1.2583034682345169
4.674,-1.3737470679176647
4.675,-1.423936472448695
4.676,-1.5527557339088733
4.6770000000000005,-1.5920848251580044
4.678,-1.7166552422469001
4.679,-1.7390586419214804
4.68,-1.5949685588462403
4.681,-1.6389164405508345
4.682,-1.6207591097843261
4.683,-1.5444113775225559
4.684,-1.4487101747802908
4.6850000000000005,-1.3351299435766721
4.686,-1.2293982642984518
4.687,-1.0898126572169635
4.688,-0.8601653878891088
4.689,-0.7040297847821251
4.69,-0.4337703912971834
4.691,-0.28255381885064057
4.692,-0.08800420534285719
4.6930000000000005,0.05882533419091862
4.694,0.285775304284191
4.695,0.5016166491373854
4.696,0.7043690539349936
4.697,0.8395625878337148
4.698,1.0621981664611966
4.699,1.1586572724355184
4.7,1.331884698801492
4.7010000000000005,1.383862531083999
4.702,1.414373502142023
4.703,1.5942793698924647
4.704,1.6711597525669166
4.705,1.6951309260033813
4.706,1.6959563969532705
4.707,1.6428074091421798
4.708,1.5824064496043688
4.7090000000000005,1.590480996752332
4.71,1.5028460888621362
4.711,1.3517170670547354
4.712,1.3144922015224045
4.713,1.07682991737631
4.714,0.938352916566503
4.715,0.8826318493778786
4.716,0.6665508353503985
4.7170000000000005,0.41901638000464264
4.718,0.25913563110941634
4.719,0.05706217412177239
4.72,-0.2840000804288967
4.721,-0.38597996923635586
4.722,-0.5323575993167228
4.723,-0.7294211203276684
4.724,-0.8711240365825761
4.7250000000000005,-0.9866414200016322
4.726,-1.2043807691472703
4.727,-1.3699316664361072
4.728,-1.4113397578216709
4.729,-1.5347191692791327
4.73,-1.5960254805419678
4.731,-1.6507199721798407
4.732,-1.5493717651745165
4.7330000000000005,-1.77591486135146
4.734,-1.6627722755699466
4.735,-1.6003684902840236
4.736,-1.574026842292745
4.737,-1.4036296569163544
4.738,-1.3016741679380166
4.739,-1.2199794106605553
4.74,-1.0896460718721412
4.741,-0.9254545352003726
4.742,-0.756224361589539
4.743,-0.5757494854954821
4.744,-0.3942682879156644
4.745,-0.1800558933520339
4.746,0.0397478717709983
4.747,0.1352293282834515
4.748,0.33607008524114745
4.749,0.4876002865356792
4.75,0.79676309657094
4.751,0.9339141789935995
4.752,1.1018428147448893
4.753,1.145378546275464
4.7540000000000004,1.4295398527947674
4.755,1.4147591387709972
4.756,1.538552912697999
4.757,1.6366718424026057
4.758,1.5864118153776559
4.759,1.6276838367225486
4.76,1.660373187915692
4.761,1.7679371057336732
4.7620000000000005,1.591375699310067
4.763,1.5861820984861446
4.764,1.474961294851075
4.765,1.3224265987788384
4.766,1.12598329955444
4.767,1.0836965286260833
4.768,0.7969200177801745
4.769,0.7810332879229986
4.7700000000000005,0.5305613506517186
4.771,0.20052051947936006
4.772,0.12396441406972378
4.773,-0.02021797965483168
4.774,-0.25786071404207433
4.775,-0.39988069123642406
4.776,-0.6616682086681955
4.777,-0.8593889338878911
4.7780000000000005,-0.9615637434145677
4.779,-1.107038691645602
4.78,-1.2613145171200302
4.781,-1.3006033218999244
4.782,-1.5037245021861922
4.783,-1.5246154305095927
4.784,-1.5946666362121036
4.785,-1.711636393052783
4.7860000000000005,-1.7129481973675156
4.787,-1.6368853990264618
4.788,-1.5063341059958097
4.789,-1.5222245084268395
4.79,-1.561900970017843
4.791,-1.5352629963140538
4.792,-1.2282237980967545
4.793,-1.137435071984729
4.7940000000000005,-0.927749648002831
4.795,-0.8675223531523406
4.796,-0.6333641046961523
4.797,-0.4270535379913381
4.798,-0.3038282402693811
4.799,-0.11105081347689022
4.8,0.10438191828190023
4.801,0.32161527418498
4.8020000000000005,0.480987218062228
4.803,0.7109065773745559
4.804,0.8104075464863538
4.805,0.9268190693217001
4.806,1.2380617781720973
4.807,1.2391884673877995
4.808,1.3536496810898724
4.809,1.47233203900037
4.8100000000000005,1.5521487586953984
4.811,1.5812399342743388
4.812,1.6293988039041565
4.813,1.6354906050896307
4.814,1.630849803558893
4.815,1.4665078648159806
4.816,1.6188722386118795
4.817,1.43691318110552
4.8180000000000005,1.37288021869752
4.819,1.1560307317011078
4.82,1.0656348747503206
4.821,0.9048591592958561
4.822,0.8483762226520903
4.823,0.5714001197720893
4.824,0.4561873006733293
4.825,0.1976647198418191
4.8260000000000005,0.016362769476651915
4.827,-0.1649331201894605
4.828,-0.27792762434254975
4.829,-0.6212805945924692
4.83,-0.7698991234006626
4.831,-0.9690274441231794
4.832,-1.0814960225108066
4.833,-1.2089339869735585
4.8340000000000005,-1.3741443186186455
4.835,-1.4373096831051768
4.836,-1.5891656745985885
4.837,-1.6065999492045637
4.838,-1.5414741709516644
4.839,-1.605012251313929
4.84,-1.617099109482783
4.841,-1.6554683878839642
4.8420000000000005,-1.6388677078046505
4.843,-1.5542380718357949
4.844,-1.4140425436530566
4.845,-1.2636459710542824
4.846,-1.1391335277457815
4.847,-1.0136432681710414
4.848,-0.9286228469165474
4.849,-0.7248590298353322
4.8500000000000005,-0.5665545490302529
4.851,-0.37743226307294164
4.852,-0.07741384634359429
4.853,-0.07687519989132449
4.854,0.18975128252424525
4.855,0.44947521650139755
4.856,0.4975557574412528
4.857,0.712679096029488
4.8580000000000005,0.8820885180788475
4.859,1.0484556275898083
4.86,1.1162300528829192
4.861,1.3456537147641794
4.862,1.4508734600537556
4.863,1.5250617013632006
4.864,1.5174988225570445
4.865,1.605170905602563
4.866,1.5736144641625158
4.867,1.5973756904620413
4.868,1.6948484330187648
4.869,1.5432590253606964
4.87,1.4092074501779126
4.871,1.387492812783845
4.872,1.2018120185879317
4.873,1.0829222809288772
4.874,0.9485845653688991
4.875,0.8224575809802147
4.876,0.7239742577680495
4.877,0.5292336447188174
4.878,0.342828107331504
4.8790000000000004,0.07380794922410792
4.88,-0.08793185923395491
4.881,-0.23596765131971745
4.882,-0.4661653724696793
4.883,-0.6277779374557267
4.884,-0.7623637481240051
4.885,-0.9615562057663641
4.886,-1.0794173674840957
4.8870000000000005,-1.1425879429078172
4.888,-1.3454159303472515
4.889,-1.3739765174403433
4.89,-1.4812997117577735
4.891,-1.6381155735071489
4.892,-1.6537498397809824
4.893,-1.6521584038645476
4.894,-1.6428481729703435
4.8950000000000005,-1.5721932490869421
4.896,-1.4829197360568753
4.897,-1.3760219458851866
4.898,-1.3286947677452727
4.899,-1.2532204523969683
4.9,-1.2049587260485217
4.901,-0.952105198106537
4.902,-0.7960203163386594
4.9030000000000005,-0.6189109367579351
4.904,-0.34490627707500443
4.905,-0.20421713261280194
4.906,-0.03942922483707848
4.907,0.06178455298605038
4.908,0.2712151946539923
4.909,0.47492798775319894
4.91,0.6170154210481329
4.9110000000000005,0.8478096309518907
4.912,0.9962190192765115
4.913,1.0659916968613679
4.914,1.306775318197196
4.915,1.361333425744363
4.916,1.3603044150887784
4.917,1.51474717156345
4.918,1.5809829256886754
4.9190000000000005,1.6435473283023856
4.92,1.5840190799943155
4.921,1.6262018093382582
4.922,1.556231862786986
4.923,1.421881866996173
4.924,1.3371517210965131
4.925,1.364936866442202
4.926,1.2515046390530846
4.9270000000000005,1.0743671967332515
4.928,0.9849902730244314
4.929,0.8025322613620068
4.93,0.613111684702336
4.931,0.3546834507505191
4.932,0.302696244147194
4.933,0.05591337483335265
4.934,-0.17754276747065073
4.9350000000000005,-0.3767530686824445
4.936,-0.5107779533543831
4.937,-0.7801531317912093
4.938,-0.8249232456020383
4.939,-1.0589685165321125
4.94,-1.130136938386779
4.941,-1.2962319609017858
4.942,-1.387293554587402
4.9430000000000005,-1.4968525223966163
4.944,-1.531852671295232
4.945,-1.4730714701122143
4.946,-1.5204074750419283
4.947,-1.5721314042015355
4.948,-1.5693963670522038
4.949,-1.48258799957397
4.95,-1.403962540315446
4.9510000000000005,-1.4175073760663297
4.952,-1.2765088307005799
4.953,-1.2428534541608682
4.954,-0.9588911951952117
4.955,-0.7611493343100109
4.956,-0.6978968779588207
4.957,-0.6360434674078367
4.958,-0.3200086764848996
4.9590000000000005,-0.21156169195552513
4.96,-0.013212560161277233
4.961,0.23724253428068717
4.962,0.401683311953791
4.963,0.5421528669622768
4.964,0.7037953009006208
4.965,0.902062745875716
4.966,1.0223765222711862
4.9670000000000005,1.1200278100492604
4.968,1.275239810529007
4.969,1.4073667207473293
4.97,1.4607911205590276
4.971,1.458034824204572
4.972,1.6160771286276228
4.973,1.445982816894979
4.974,1.5550748333145272
4.9750000000000005,1.5191084917370705
4.976,1.5088934553867135
4.977,1.4602539319514771
4.978,1.3994799204107562
4.979,1.20001246081908
4.98,1.1404629623228504
4.981,0.9811595578089573
4.982,0.7326933956083929
4.9830000000000005,0.7489823213688465
4.984,0.4087547513291096
4.985,0.3218522527757249
4.986,0.13648673409815393
4.987,-0.05465372234382274
4.988,-0.27756735644027675
4.989,-0.39231564411766223
4.99,-0.6864815802871495
4.9910000000000005,-0.7780776147504735
4.992,-0.9585514613768193
4.993,-1.1069024906620144
4.994,-1.179426743965699
4.995,-1.2582073785737151
4.996,-1.4223255797099126
4.997,-1.4397988857433668
4.998,-1.5295972171880399
4.999,-1.6088277586332624
5.0,-1.5876174756622523
5.001,-1.578508620371067
5.002,-1.565630835683185
5.003,-1.4555466377068966
5.0040000000000004,-1.391071790598688
5.005,-1.3888613109964696
5.006,-1.2804180652672918
5.007,-1.048653273285879
5.008,-0.9680012928307775
5.009,-0.7567609540787292
5.01,-0.5668664413569948
5.011,-0.4952269460887531
5.0120000000000005,-0.3221442748220229
5.013,0.015658662592212783
5.014,0.133881400712819
5.015,0.27802578716738163
5.016,0.4307770540904499
5.017,0.6237806548365477
5.018,0.7525789483402554
5.019,1.0078185718503843
5.0200000000000005,1.0630018547440323
5.021,1.2794590738711311
5.022,1.3107567658014316
5.023,1.3662351693435486
5.024,1.4651104927775573
5.025,1.4027189842228893
5.026,1.554223237494923
5.027,1.5565684728142968
5.0280000000000005,1.5895454446048471
5.029,1.415888251759382
5.03,1.5093876146806111
5.031,1.4134315541096139
5.032,1.337223598694527
5.033,1.1566736968744602
5.034,1.078758570270598
5.035,0.8091372195753788
5.0360000000000005,0.7608792130074847
5.037,0.5192639081003233
5.038,0.3002270577951991
5.039,0.1463612958023584
5.04,0.019899026666576756
5.041,-0.20473204634892317
5.042,-0.32552173723224037
5.043,-0.6107226598383243
5.0440000000000005,-0.7954038740705835
5.045,-0.7795974233504905
5.046,-0.9504338248981588
5.047,-1.181707661674756
5.048,-1.247387396772944
5.049,-1.2970120930524232
5.05,-1.4091511365729734
5.051,-1.4850730467884519
5.0520000000000005,-1.4794972346662454
5.053,-1.5913917817905476
5.054,-1.5524538080556785
5.055,-1.5326377207807802
5.056,-1.5020079214212456
5.057,-1.4439834552108781
5.058,-1.337361201591885
5.059,-1.2373429946474088
5.0600000000000005,-1.1725039892609097
5.061,-0.945620012261755
5.062,-0.8866232231555107
5.063,-0.6893215283208148
5.064,-0.524493819380993
5.065,-0.31618800495454974
5.066,-0.2598795547013302
5.067,0.07283638129209183
5.0680000000000005,0.1761900752178068
5.069,0.44981443393978127
5.07,0.5382492207155025
5.071,0.7252335236841767
5.072,0.9787816500966199
5.073,1.0124020848941875
5.074,1.2171793764031562
5.075,1.27017621587835
5.0760000000000005,1.3844501913544294
5.077,1.443792045569805
5.078,1.5394128035491044
5.079,1.4988072856964363
5.08,1.498794107901559
5.081,1.5096327041781021
5.082,1.5188620045261576
5.083,1.4542911130779546
5.0840000000000005,1.4321199735153853
5.085,1.373891564418203
5.086,1.1539069959958246
5.087,1.04350891222261
5.088,0.8710610106828071
5.089,0.8941170276229273
5.09,0.6466932084841883
5.091,0.4856732608620161
5.0920000000000005,0.21860244185402417
5.093,0.10562041537824056
5.094,-0.0501740162757693
5.095,-0.2684707338323568
5.096,-0.3786413003382546
5.097,-0.48739296257486986
5.098,-0.812510943093556
5.099,-0.9678185143246437
5.1000000000000005,-1.0994564023024984
5.101,-1.0995022041099451
5.102,-1.235620329088391
5.103,-1.384641721458431
5.104,-1.4471308221658443
5.105,-1.5408735643043858
5.106,-1.485930788260625
5.107,-1.5587009662163516
5.1080000000000005,-1.540752409654948
5.109,-1.4642945447350404
5.11,-1.4505259704783113
5.111,-1.3794211635924292
5.112,-1.2748661908529286
5.113,-1.1258048069387336
5.114,-0.957402520921871
5.115,-0.870326124337751
5.1160000000000005,-0.7069645018462545
5.117,-0.594416420163712
5.118,-0.4491182896814448
5.119,-0.20470158234273886
5.12,-0.049312469050003804
5.121,0.05124294159123523
5.122,0.28445697644839
5.123,0.4709789343944124
5.124,0.6172407595072587
5.125,0.8755584565053061
5.126,0.973055534473143
5.127,1.1521680109659937
5.128,1.2161319744901686
5.1290000000000004,1.3098467945217602
5.13,1.3437189527552205
5.131,1.4567103883582797
5.132,1.502229456536685
5.133,1.4579633635222342
5.134,1.5030320221929796
5.135,1.4964386215955112
5.136,1.495024923075023
5.1370000000000005,1.438856595705936
5.138,1.3086671505156968
5.139,1.2647106831870916
5.14,1.11862518447733
5.141,0.8552103164104016
5.142,0.8317041475780266
5.143,0.7553961650931276
5.144,0.4532583197686663
5.1450000000000005,0.37154580207009835
5.146,0.2687642970993021
5.147,-0.027477895623991645
5.148,-0.1683586210569238
5.149,-0.4102879884443699
5.15,-0.4355150156477303
5.151,-0.6856345553619478
5.152,-0.8342637741604769
5.1530000000000005,-0.912408442216585
5.154,-1.0770051713701994
5.155,-1.2684574982349344
5.156,-1.3547048334500502
5.157,-1.3769878077380437
5.158,-1.4929755377545393
5.159,-1.6074888947717578
5.16,-1.5234271271425195
5.1610000000000005,-1.5929400416720227
5.162,-1.4153397204984997
5.163,-1.4439216923268452
5.164,-1.4346168500835574
5.165,-1.3417590045299808
5.166,-1.3007846534027376
5.167,-1.144186628299597
5.168,-0.9063288834022196
5.1690000000000005,-0.7003470402073897
5.17,-0.6192750549334968
5.171,-0.4948828433663394
5.172,-0.3398746922497584
5.173,-0.18978183142642685
5.174,0.13923398638200557
5.175,0.20443645848652742
5.176,0.49426043052331325
5.1770000000000005,0.62733088339243
5.178,0.6320319170023557
5.179,0.8372096991596603
5.18,0.97642582020679
5.181,1.1312753265167463
5.182,1.2419375010748066
5.183,1.4872411544033992
5.184,1.3575665167167723
5.1850000000000005,1.4773854198799998
5.186,1.5310383211684975
5.187,1.5137132935369422
5.188,1.5120043159868684
5.189,1.4261920297739006
5.19,1.4353233730956514
5.191,1.3874412837320074
5.192,1.291376826955893
5.1930000000000005,1.1990910662368388
5.194,1.1207012908325946
5.195,0.9619829179734694
5.196,0.7712031915844416
5.197,0.5510333150337281
5.198,0.413265561874781
5.199,0.25988763935432835
5.2,0.10742791798023267
5.2010000000000005,-0.10639775810199002
5.202,-0.305347955066671
5.203,-0.4904128159060326
5.204,-0.6799889320995889
5.205,-0.7672983988625304
5.206,-0.9766721702635529
5.207,-1.0883394245809859
5.208,-1.1787610507369095
5.2090000000000005,-1.330584492013901
5.21,-1.3320565133673268
5.211,-1.3826256810187736
5.212,-1.4961002963087402
5.213,-1.5192046232102223
5.214,-1.4785507866973377
5.215,-1.5284331823465804
5.216,-1.4986070612922766
5.2170000000000005,-1.3462753859293641
5.218,-1.2891581013970952
5.219,-1.2122052614522656
5.22,-1.087827342589935
5.221,-1.109210364205996
5.222,-0.8050143518289515
5.223,-0.7034889741797743
5.224,-0.5130328905452445
5.2250000000000005,-0.376991060335457
5.226,-0.22128605609818777
5.227,-0.061868908597997846
5.228,0.14647204889867244
5.229,0.2869054637326846
5.23,0.5160211576087849
5.231,0.5568517039207699
5.232,0.7638036425347791
5.2330000000000005,1.036863047534706
5.234,1.0341118059045866
5.235,1.1695323290292512
5.236,1.2370511569356173
5.237,1.3799813371360687
5.238,1.3895566412946598
5.239,1.4605790185040215
5.24,1.5355101174944175
5.2410000000000005,1.4607419620562843
5.242,1.517102766939415
5.243,1.4804114154099115
5.244,1.4338487234100756
5.245,1.3109128532252055
5.246,1.3707900677561926
5.247,1.1496709730472894
5.248,0.9863292802025002
5.249,0.7861094938759254
5.25,0.6734904569486027
5.251,0.5888091344206123
5.252,0.4350520268920004
5.253,0.2508253587427545
5.2540000000000004,0.041135679941294405
5.255,-0.23589215079958764
5.256,-0.32127621031155074
5.257,-0.5753920544630425
5.258,-0.748235812039764
5.259,-0.8130870324898753
5.26,-0.9386297578666551
5.261,-1.0460059022714627
5.2620000000000005,-1.1776064406306936
5.263,-1.2705479796997092
5.264,-1.4231013623893451
5.265,-1.4368859805804464
5.266,-1.5449999017142122
5.267,-1.5875422542971007
5.268,-1.4475583009910036
5.269,-1.4989971845424372
5.2700000000000005,-1.3743295802083426
5.271,-1.2996202813714968
5.272,-1.3044318989135417
5.273,-1.1448564869622282
5.274,-1.0921870390709356
5.275,-1.0216270336610893
5.276,-0.780613776175432
5.277,-0.6569820391223203
5.2780000000000005,-0.4934333978357504
5.279,-0.20422107663557906
5.28,-0.20673395537423594
5.281,0.06297544618338284
5.282,0.16768705637444686
5.283,0.43336556355149214
5.284,0.5679790242697383
5.285,0.7294356031182276
5.2860000000000005,0.8107738697934825
5.287,0.9553979076631225
5.288,1.16194250248183
5.289,1.3105914255494353
5.29,1.3356459926825446
5.291,1.3382182413969246
5.292,1.4523969376612458
5.293,1.5893725554891558
5.2940000000000005,1.4854168269861021
5.295,1.545271229494763
5.296,1.4067534549414533
5.297,1.3933637789559954
5.298,1.3589261873352936
5.299,1.2620148104989009
5.3,1.1009406011158136
5.301,0.9802326185834405
5.3020000000000005,0.9375489700533056
5.303,0.8029499646919336
5.304,0.664029573132487
5.305,0.5156216812533008
5.306,0.26336221904561435
5.307,0.06881021169053679
5.308,-0.021432185894744132
5.309,-0.225380637922287
5.3100000000000005,-0.4785382454070603
5.311,-0.6434878121383726
5.312,-0.7213729524210007
5.313,-0.8986475997146283
5.314,-1.0225923900669813
5.315,-1.0849963042450967
5.316,-1.202276312955149
5.317,-1.2581986571718733
5.3180000000000005,-1.4874349602336097
5.319,-1.425151269902603
5.32,-1.4302075348171486
5.321,-1.548184264900584
5.322,-1.4912181606017607
5.323,-1.4670144455036827
5.324,-1.3707905463703598
5.325,-1.218476991518933
5.3260000000000005,-1.1088440609818166
5.327,-1.1441482205066065
5.328,-0.9553985586331992
5.329,-0.8185956597888773
5.33,-0.6803494163035951
5.331,-0.5233916960783106
5.332,-0.36433843927541243
5.333,-0.12616841055030822
5.3340000000000005,0.016386802041445492
5.335,0.0805280695223469
5.336,0.3436807789696193
5.337,0.5146111793361501
5.338,0.6452893710310611
5.339,0.8369145693243307
5.34,0.9297278835402385
5.341,1.0575815867058662
5.3420000000000005,1.166358677563537
5.343,1.1560791468429092
5.344,1.3322960405920603
5.345,1.3637716356954046
5.346,1.379442156288949
5.347,1.5321928987449598
5.348,1.4872856199571363
5.349,1.4420094109148436
5.3500000000000005,1.3767935180969544
5.351,1.3620205670843921
5.352,1.3204132597437845
5.353,1.1356341664484944
5.354,1.0666950088008231
5.355,0.9856306311219999
5.356,0.7077804957028363
5.357,0.6530207743624685
5.3580000000000005,0.4767732940573336
5.359,0.32708222645207063
5.36,0.13969564340138907
5.361,0.0004609209536951247
5.362,-0.08127592753253478
5.363,-0.3621720593678938
5.364,-0.49506847841892376
5.365,-0.5664997347904828
5.3660000000000005,-0.8410700453525859
5.367,-0.8588895852792816
5.368,-1.0722621928865543
5.369,-1.091500520661488
5.37,-1.2348306297663934
5.371,-1.331150995257794
5.372,-1.405358945609845
5.373,-1.4694974319849936
5.3740000000000006,-1.4508794898013637
5.375,-1.4061130575034537
5.376,-1.4279463888010524
5.377,-1.3997642732492461
5.378,-1.3340532128849318
5.3790000000000004,-1.1912783892569399
5.38,-1.0819584549288788
5.381,-1.063168446628551
5.382,-0.9356848578901426
5.383,-0.7433466965953822
5.384,-0.5355463427502113
5.385,-0.39585862066585
5.386,-0.35080514760118514
5.3870000000000005,-0.13256656210835677
5.388,0.0045315225951708255
5.389,0.20733501372415425
5.39,0.46746601829628764
5.391,0.4772416814694297
5.392,0.6209268692050602
5.393,0.8042000705223401
5.394,0.9920323551301076
5.3950000000000005,1.1272095821829033
5.396,1.2213871642350955
5.397,1.3450614309076843
5.398,1.2671156300408852
5.399,1.4649661108439482
5.4,1.4208251995535193
5.401,1.4840690799167962
5.402,1.3724269911574387
5.4030000000000005,1.4101205222109354
5.404,1.3735355287999127
5.405,1.3526057086482588
5.406,1.1308286988861784
5.407,1.1102550049475042
5.408,0.9378388166687431
5.409,0.8871299792917986
5.41,0.7586433406188338
5.4110000000000005,0.632204752089816
5.412,0.381393691393514
5.413,0.2892455870237904
5.414,0.14238931627741233
5.415,-0.1773123109472911
5.416,-0.23264395996449241
5.417,-0.37974684906998213
5.418,-0.5990548007339613
5.4190000000000005,-0.7969561847857546
5.42,-0.8293530237107258
5.421,-1.0644168733690964
5.422,-1.1273981868792253
5.423,-1.2190582021470815
5.424,-1.2630262242328165
5.425,-1.3939455784037926
5.426,-1.4418416104048297
5.4270000000000005,-1.4282401590795022
5.428,-1.3886705857726653
5.429,-1.3105807380385313
5.43,-1.4666512288245068
5.431,-1.322667322304538
5.432,-1.3214883163234
5.433,-1.1275083731138456
5.434,-1.1204541195693185
5.4350000000000005,-0.9875811590724255
5.436,-0.8505341829233265
5.437,-0.6808385583635327
5.438,-0.5075533453530999
5.439,-0.33905698537099094
5.44,-0.19811881597005296
5.441,-0.09625544593952173
5.442,0.175037680189991
5.4430000000000005,0.3024275166741049
5.444,0.5253134647040485
5.445,0.5874815595899552
5.446,0.6897440145102848
5.447,0.9044703506529925
5.448,1.0947330263108022
5.449,1.1474950844307126
5.45,1.2232221088960538
5.4510000000000005,1.266404932733358
5.452,1.4564358577297436
5.453,1.3568005823022682
5.454,1.392312255960691
5.455,1.4576812913722361
5.456,1.3172725505458756
5.457,1.4352651907796468
5.458,1.3453149168243024
5.4590000000000005,1.2835436457256613
5.46,1.173920797337696
5.461,1.0296309812893876
5.462,0.8619413650748593
5.463,0.772942155269132
5.464,0.585335280436001
5.465,0.5038753057859372
5.466,0.35883031568121215
5.4670000000000005,0.22693230254312674
5.468,0.0042396547295086955
5.469,-0.13529242899686372
5.47,-0.36097816684288275
5.471,-0.5297936127582301
5.472,-0.6349136005214944
5.473,-0.8214944117939115
5.474,-0.9211656508668312
5.4750000000000005,-1.1071979131120302
5.476,-1.2031500074811854
5.477,-1.2162049380417461
5.478,-1.2753051558524733
5.479,-1.4223634437660098
5.48,-1.374038503783441
5.481,-1.4492746773449268
5.482,-1.41726181030498
5.4830000000000005,-1.3231405031043844
5.484,-1.3103059501681182
5.485,-1.2489763561822613
5.486,-1.1136784747105284
5.487,-1.1480239603204263
5.488,-1.0505341646571464
5.489,-0.91200022705564
5.49,-0.7512499999774163
5.4910000000000005,-0.7087593339654399
5.492,-0.44582375593646656
5.493,-0.30116339537733083
5.494,-0.0695206102450302
5.495,0.07556795916279799
5.496,0.19369888187400947
5.497,0.41586436200825155
5.498,0.5797671556163665
5.4990000000000006,0.6548539833644952
5.5,0.8086865694002329
5.501,0.8505785245690656
5.502,1.0225081427390241
5.503,1.140215141347823
5.5040000000000004,1.2650709325511416
5.505,1.2806924585608606
5.506,1.350552077946674
5.507,1.3442276652664074
5.508,1.423930305482611
5.509,1.4270235662670774
5.51,1.3968431974182804
5.511,1.3293620697049762
5.5120000000000005,1.1854108889796149
5.513,1.147810268435193
5.514,1.0585695448416812
5.515,0.9440642614430997
5.516,0.8400270770163498
5.517,0.7681284702439234
5.518,0.5884810154756088
5.519,0.34203439017573617
5.5200000000000005,0.2635340284551073
5.521,0.09673498116756063
5.522,-0.14130055103311145
5.523,-0.22280893913152244
5.524,-0.43380025718206033
5.525,-0.6508708540262362
5.526,-0.7041385782463155
5.527,-0.8524932545400956
5.5280000000000005,-0.9992081247888007
5.529,-1.100508902382684
5.53,-1.230209666958158
5.531,-1.2428632808394622
5.532,-1.3370682400215315
5.533,-1.3696698175073228
5.534,-1.3842159529137035
5.535,-1.4645433528862786
5.5360000000000005,-1.4368722388568
5.537,-1.4688125184041667
5.538,-1.2775232120308013
5.539,-1.295836083155115
5.54,-1.1410625568361081
5.541,-1.0258212265518996
5.542,-0.8965777799763853
5.543,-0.8564945953674169
5.5440000000000005,-0.6582268262417595
5.545,-0.4211593492975053
5.546,-0.2617677019012317
5.547,-0.13620277860362245
5.548,-0.00428942085667473
5.549,0.09320820090044188
5.55,0.34197521346527016
5.551,0.4564361412296012
5.5520000000000005,0.6441886413717877
5.553,0.7277866173404526
5.554,0.8835186863912924
5.555,1.0207537030787943
5.556,1.1312312316569426
5.557,1.2345038549960887
5.558,1.2550410621051733
5.559,1.2732866765940969
5.5600000000000005,1.45963643306073
5.561,1.521786989622853
5.562,1.4193502833353298
5.563,1.3111753255329366
5.564,1.3001299345798456
5.565,1.3072193317063283
5.566,1.2741459341232415
5.567,1.0551621518492669
5.5680000000000005,1.0029618550281931
5.569,0.8984786652403138
5.57,0.7992133493201518
5.571,0.5957400925275594
5.572,0.3832751950909643
5.573,0.3347731958075385
5.574,0.19807960832381036
5.575,-0.026050770155489792
5.5760000000000005,-0.1650492182705455
5.577,-0.36980241086944754
5.578,-0.5442944119145573
5.579,-0.5996260415060048
5.58,-0.7714772707153195
5.581,-0.895276555471883
5.582,-0.9608972688831663
5.583,-1.1906215498305182
5.5840000000000005,-1.2516270201372595
5.585,-1.2853641309196477
5.586,-1.372852962772428
5.587,-1.3382975853493762
5.588,-1.4006374538930606
5.589,-1.4355207296943386
5.59,-1.3581277547298904
5.591,-1.309662786024602
5.5920000000000005,-1.2100541022614137
5.593,-1.1584387323774654
5.594,-1.0601372779640865
5.595,-0.9573852408364883
5.596,-0.8596425237431451
5.597,-0.7512039462522289
5.598,-0.5563065335192364
5.599,-0.4349522748112857
5.6000000000000005,-0.17564967677966456
5.601,-0.03135644908090654
5.602,0.09614124114027463
5.603,0.24542983075175184
5.604,0.38092497424664223
5.605,0.47570424681403645
5.606,0.6738972876628738
5.607,0.8262203963003109
5.6080000000000005,0.9576896445164785
5.609,1.0816625474481998
5.61,1.201585471918131
5.611,1.2022730788373337
5.612,1.2670024232578283
5.613,1.4200091024558426
5.614,1.4137291474312759
5.615,1.3643847880191295
5.6160000000000005,1.3682229385405984
5.617,1.3391754194368979
5.618,1.298096413722665
5.619,1.2545041042791258
5.62,1.2750300291241992
5.621,1.0593825956220593
5.622,0.9702060089968944
5.623,0.7270619913376593
5.6240000000000006,0.6503171750682676
5.625,0.5899368876175327
5.626,0.3953211022904087
5.627,-0.002649594155800211
5.628,0.0891856174237364
5.6290000000000004,-0.010626195323655857
5.63,-0.36681189830982797
5.631,-0.347780632456421
5.632,-0.7131734588655958
5.633,-0.6705166805747845
5.634,-0.8507393777266438
5.635,-1.088917282319765
5.636,-1.0567803025243883
5.6370000000000005,-1.1142916515208587
5.638,-1.2301913253996384
5.639,-1.2784533388331563
5.64,-1.3695341573459252
5.641,-1.464660867315036
5.642,-1.3407202794177047
5.643,-1.2725855883018062
5.644,-1.2696098192424183
5.6450000000000005,-1.373230401595836
5.646,-1.279789294717741
5.647,-1.159980693561949
5.648,-1.0955961688964602
5.649,-0.8980393696025931
5.65,-0.7525168631363344
5.651,-0.705047128748342
5.652,-0.44734886355105097
5.6530000000000005,-0.3021797161644315
5.654,-0.20115679984597917
5.655,-0.021560038041574265
5.656,0.05050169276932974
5.657,0.29019647384244285
5.658,0.4617001462677726
5.659,0.6178645778720663
5.66,0.7680032998920028
5.6610000000000005,0.8905182698553697
5.662,0.9821727017913033
5.663,1.1130112483433983
5.664,1.2369241054102205
5.665,1.2537694966666375
5.666,1.3287650231040002
5.667,1.339794716267114
5.668,1.334368718364351
5.6690000000000005,1.3916045738789495
5.67,1.3176288453122982
5.671,1.3260872706448217
5.672,1.2515827924531966
5.673,1.1611517132029072
5.674,1.0699330206539328
5.675,0.9559868145250293
5.676,0.7806696211626883
5.6770000000000005,0.7518238037089774
5.678,0.6039293993912015
5.679,0.48640105401060446
5.68,0.26285244783005185
5.681,0.22577694235869813
5.682,-0.048136182890822055
5.683,-0.23259289484040477
5.684,-0.3955392275099427
5.6850000000000005,-0.5847346135219933
5.686,-0.5666605082981444
5.687,-0.7110622171941674
5.688,-0.8750966123701052
5.689,-1.062925276430483
5.69,-1.0264606685399726
5.691,-1.2180718648548892
5.692,-1.2808135287618096
5.6930000000000005,-1.2448750650052474
5.694,-1.3149943534034703
5.695,-1.2504901385820129
5.696,-1.341952169261495
5.697,-1.3494131449949998
5.698,-1.3170056200556324
5.699,-1.3179019310361855
5.7,-1.1617481622665324
5.7010000000000005,-0.9970632223207592
5.702,-0.9163299789773448
5.703,-0.8242346875971129
5.704,-0.7426487335016619
5.705,-0.5397131773392176
5.706,-0.35103338743640256
5.707,-0.22528040961483164
5.708,-0.08028421084626872
5.7090000000000005,0.030881894381883157
5.71,0.2723975860796654
5.711,0.227527862013302
5.712,0.5529891679384256
5.713,0.8046640199671584
5.714,0.7336488350763322
5.715,0.918708606291844
5.716,1.0392078555444633
5.7170000000000005,1.1109224194752676
5.718,1.2646441863277145
5.719,1.2984682644995957
5.72,1.3268792917122874
5.721,1.3853397956610336
5.722,1.3539652081749116
5.723,1.5011143192729342
5.724,1.3201833573520378
5.7250000000000005,1.2747910642056932
5.726,1.1144942174520172
5.727,1.0913190413116964
5.728,1.0789485497515294
5.729,0.8438516360949297
5.73,0.6792837164299323
5.731,0.6545141000282743
5.732,0.5782275109867121
5.7330000000000005,0.3616346050868291
5.734,0.18764117720384813
5.735,-0.046298621389567404
5.736,-0.08915968444356279
5.737,-0.23549933991990324
5.738,-0.510672046605545
5.739,-0.512004689871115
5.74,-0.6696898344757984
5.7410000000000005,-0.7807831631060301
5.742,-0.9260479227557901
5.743,-1.027146602072048
5.744,-1.1237459900244353
5.745,-1.1804204956050706
5.746,-1.371940472728158
5.747,-1.3955295081962484
5.748,-1.378529582433608
5.7490000000000006,-1.3509661976368519
5.75,-1.3092776086961937
5.751,-1.278348384651866
5.752,-1.1867917713783167
5.753,-1.116176968830274
5.7540000000000004,-1.1320248149725358
5.755,-0.9763110712816249
5.756,-0.9168834810614416
5.757000000000001,-0.7581478798760525
5.758,-0.5966199616375133
5.759,-0.6387291461748692
5.76,-0.19691987420505638
5.761,-0.13403654279947833
5.7620000000000005,-0.03484384827806132
5.763,0.24861178546710064
5.764,0.29000876897897016
5.765,0.46484048942601525
5.766,0.5783124190386232
5.767,0.8213521587334165
5.768,0.8593457465920988
5.769,0.9859390362801846
5.7700000000000005,1.1389863853346658
5.771,1.193471747168108
5.772,1.2308285740218632
5.773,1.3413613567072717
5.774,1.4473126060326693
5.775,1.3525875856550336
5.776,1.3404482042011934
5.777,1.3226359960304606
5.7780000000000005,1.3410122897134813
5.779,1.1893487842254484
5.78,1.1324242640253663
5.781,0.9807261084161283
5.782,0.8951196812478375
5.783,0.8120246435759912
5.784,0.7072163454184629
5.785,0.6608310361479817
5.7860000000000005,0.4537069166557508
5.787,0.2300092924486314
5.788,0.08418392878381738
5.789,0.03269280665787688
5.79,-0.13577899225511753
5.791,-0.344052848609475
5.792,-0.5161104252533676
5.793,-0.5793885483288175
5.7940000000000005,-0.8181299806342823
5.795,-0.8710403525701427
5.796,-0.8868570490368701
5.797,-1.0862309768819098
5.798,-1.2161308219304956
5.799,-1.2214180301102393
5.8,-1.3128739635061808
5.801,-1.3887205379838166
5.8020000000000005,-1.2954071431912921
5.803,-1.2676642696498726
5.804,-1.3139540864752512
5.805,-1.2742333707349203
5.806,-1.2431236050055123
5.807,-1.12576572481458
5.808,-1.05422621812301
5.809,-0.9703905705422509
5.8100000000000005,-0.7063249127029814
5.811,-0.6477110081383102
5.812,-0.5033215131373514
5.813,-0.3414017184042017
5.814,-0.19539609945048575
5.815,-0.09981797137453827
5.816,0.09027696973873982
5.817,0.2178874747690362
5.8180000000000005,0.40469753369515044
5.819,0.5459535490858924
5.82,0.6484780542902565
5.821,0.7306259264635779
5.822,0.9228390619580429
5.823,1.0110784491806806
5.824,1.0184135912635548
5.825,1.2145736717504085
5.8260000000000005,1.2972892924314128
5.827,1.4180268684330763
5.828,1.2968114000311468
5.829,1.2960393842962095
5.83,1.2558656880658796
5.831,1.292056762299268
5.832,1.24437188467758
5.833,1.1293263106968823
5.8340000000000005,1.0806781299307846
5.835,0.8950392933506466
5.836,0.9311760633414702
5.837,0.7250546629928342
5.838,0.6301109298450935
5.839,0.42010861668846244
5.84,0.31520882998051725
5.841,0.17854489938332685
5.8420000000000005,0.037567370366067894
5.843,-0.09273487952273765
5.844,-0.1979469654481056
5.845,-0.3826590836835553
5.846,-0.514736984794243
5.847,-0.6262706537210075
5.848,-0.7961332141281601
5.849,-0.9410752006873722
5.8500000000000005,-0.9904085345014331
5.851,-1.0744454267887225
5.852,-1.167310257328189
5.853,-1.3275423299299212
5.854,-1.3346338046906425
5.855,-1.3262176316677383
5.856,-1.275305230977495
5.857,-1.2990448139819368
5.8580000000000005,-1.2069375775215552
5.859,-1.1464139595309124
5.86,-1.0839220794523519
5.861,-0.9995669754083691
5.862,-1.0130808674912697
5.863,-0.8252759785294943
5.864,-0.7562973982228792
5.865,-0.6749314130625549
5.8660000000000005,-0.4652966491436635
5.867,-0.23697403790985022
5.868,-0.12834339406757408
5.869,0.10336361468476649
5.87,0.16508959310111074
5.871,0.43015476407092
5.872,0.46387060481282333
5.873,0.5970138779095642
5.8740000000000006,0.6645412899013733
5.875,0.9065605725956428
5.876,0.936663628937504
5.877,1.026849030221027
5.878,1.206050893531895
5.8790000000000004,1.2669096726801976
5.88,1.3159143071804047
5.881,1.2741327762053702
5.882000000000001,1.3047948303647685
5.883,1.3014221841659799
5.884,1.3226300309574757
5.885,1.322585347672045
5.886,1.2075707523803794
5.8870000000000005,1.2157933167686945
5.888,1.0744239306326901
5.889,0.9161823547995396
5.89,0.8549659059635127
5.891,0.7732676741143997
5.892,0.6528934628642151
5.893,0.46976498391691934
5.894,0.2635471507880935
5.8950000000000005,0.09971829970822284
5.896,-0.013814459494015375
5.897,-0.1114382373415168
5.898,-0.32321323670680935
5.899,-0.4671219610416807
5.9,-0.6254113706478419
5.901,-0.7737928694012286
5.902,-0.8844258926461028
5.9030000000000005,-0.976337424562921
5.904,-0.9903948277868586
5.905,-1.1665991002550777
5.906,-1.214345449667129
5.907,-1.3058035735789633
5.908,-1.254836732171063
5.909,-1.2326623330211928
5.91,-1.2121589075516073
5.9110000000000005,-1.2577750658481965
5.912,-1.196315275785813
5.913,-1.1729293274312818
5.914,-1.063030078629509
5.915,-0.9829243734874817
5.916,-0.8911716690180095
5.917,-0.7703770726149667
5.918,-0.6271818196205513
5.9190000000000005,-0.5280941136501616
5.92,-0.38209936847327614
5.921,-0.13615403841084572
5.922,0.06544926315236908
5.923,0.022050178047301958
5.924,0.1704434003516746
5.925,0.3334262865812821
5.926,0.5186678195960551
5.9270000000000005,0.7038879169013386
5.928,0.8147847345099793
5.929,0.9090684296575742
5.93,1.0296957727650973
5.931,1.057552376727618
5.932,1.1537639034555758
5.933,1.2226730522284153
5.934,1.1852802566926235
5.9350000000000005,1.2297888362151503
5.936,1.237374525162818
5.937,1.3194222064250691
5.938,1.263590175692103
5.939,1.2347423403878284
5.94,1.0484916411665635
5.941,0.9868847918162613
5.942,1.0002176518308312
5.9430000000000005,0.7208243136811489
5.944,0.8018822005287601
5.945,0.5202168589640823
5.946,0.5159074086980353
5.947,0.28519496840226705
5.948,0.23346957889930722
5.949,0.19039934164773373
5.95,-0.23505073661788828
5.9510000000000005,-0.23626901460644428
5.952,-0.5072925277434889
5.953,-0.5355838542514207
5.954,-0.6995620141009355
5.955,-0.8054778746135272
5.956,-0.9690491797344182
5.957,-0.9831575347704976
5.958,-1.1791884236296408
5.9590000000000005,-1.1139806196289472
5.96,-1.2495740886083775
5.961,-1.3353277973608955
5.962,-1.2040703974912952
5.963,-1.2881012030269623
5.964,-1.1725567557078866
5.965,-1.172601872425281
5.966,-1.2223145141051845
5.9670000000000005,-1.1191145588393845
5.968,-1.0259293064918076
5.969,-0.8585895919788211
5.97,-0.803104131001485
5.971,-0.6949132370053381
5.972,-0.582818682560522
5.973,-0.4366071205760788
5.974,-0.22417806497927872
5.9750000000000005,-0.1406216379478107
5.976,-0.010077172651577518
5.977,0.1317303884962551
5.978,0.2802822123245283
5.979,0.3815724110391561
5.98,0.5515778024392253
5.981,0.7932576655218431
5.982,0.8272891679721515
5.9830000000000005,0.9805242846515251
5.984,0.9159728152438374
5.985,1.1485567107893777
5.986,1.1768275190597948
5.987,1.2092144356027341
5.988,1.2737027159854744
5.989,1.2537834256077827
5.99,1.1686680206409683
5.9910000000000005,1.2996869425705455
5.992,1.2271647585383318
5.993,1.1440215180052744
5.994,1.0401489115861244
5.995,0.9287287580349828
5.996,0.9133988242609561
5.997,0.8704625688505169
5.998,0.6766939477831683
5.9990000000000006,0.4650052216782019
6.0,0.4056984525529121
6.001,0.24669546832020506
6.002,0.14410788559723686
6.003,-0.018543344821109586
6.0040000000000004,-0.3472200583122399
6.005,-0.31692441827901513
6.006,-0.5358115592613661
6.007000000000001,-0.6914204553876135
6.008,-0.7558453340791643
6.009,-0.8416172789732345
6.01,-1.0480118998623837
6.011,-1.0211946935483587
6.0120000000000005,-1.0941025731809866
6.013,-1.1901248451830997
6.014,-1.2795936791633693
6.015000000000001,-1.31185885294256
6.016,-1.220848789691176
6.017,-1.3394196782925674
6.018,-1.1849274855406855
6.019,-1.2036444796879464
6.0200000000000005,-1.1409475710476733
6.021,-1.1466928345821394
6.022,-0.9791568878630994
6.023,-0.8383139626972644
6.024,-0.8210487441684831
6.025,-0.6041814849592505
6.026,-0.4909269826641495
6.027,-0.3870563360500484
6.0280000000000005,-0.16679247356516225
6.029,-0.17146894172067337
6.03,0.10493162524187825
6.031,0.31625282681898403
6.032,0.4516559947654599
6.033,0.5382321571391531
6.034,0.6355307383372476
6.035,0.7416725415436201
6.0360000000000005,0.8704493575972596
6.037,1.0126626533627379
6.038,1.0313586091689562
6.039,1.1810290227415898
6.04,1.3054627682243596
6.041,1.2348068244803012
6.042,1.192694773576994
6.043,1.1973117716597006
6.0440000000000005,1.290576153801981
6.045,1.2187076105259784
6.046,1.21865325233764
6.047,1.0850699497115692
6.048,1.0749221297681744
6.049,0.9329013629569939
6.05,0.7986848141748452
6.051,0.6982821052990337
6.0520000000000005,0.5316471727479509
6.053,0.556034285558348
6.054,0.31057585117018
6.055,0.20216037339534043
6.056,-0.0046507813055818754
6.057,-0.17838962969093738
6.058,-0.28367679083821123
6.059,-0.35930159316741095
6.0600000000000005,-0.57700389413421
6.061,-0.7234467246958918
6.062,-0.7916718800708648
6.063,-0.8829472033124193
6.064,-0.9216469013068709
6.065,-1.0681137734152575
6.066,-1.1206098333507923
6.067,-1.1679325510980534
6.0680000000000005,-1.2960149811140138
6.069,-1.3039115554490976
6.07,-1.3100009029943855
6.071,-1.3051613394149655
6.072,-1.164460962429738
6.073,-1.1388236180107398
6.074,-1.0825645530468855
6.075,-1.1344369050575247
6.0760000000000005,-0.8064706105049142
6.077,-0.8459062710270404
6.078,-0.5795499944404515
6.079,-0.6261963396250044
6.08,-0.45836782884336325
6.081,-0.38620157565344226
6.082,-0.11251780623558358
6.083,-0.038512068314871
6.0840000000000005,0.10978561540334836
6.085,0.23937988170263608
6.086,0.4871362950132409
6.087,0.6178657296004527
6.088,0.7988342028494733
6.089,0.7900702202427999
6.09,0.9400058385965769
6.091,0.9564549243079657
6.0920000000000005,1.08191305718226
6.093,1.135286696299709
6.094,1.2309798801750702
6.095,1.2884666299385035
6.096,1.2999521295548693
6.097,1.2037974687114292
6.098,1.2742255352560998
6.099,1.1835922068725686
6.1000000000000005,1.114729150243111
6.101,1.0251270332913047
6.102,0.9475577057450347
6.103,0.9642583030056912
6.104,0.7820498779162861
6.105,0.6544232349227532
6.106,0.5027425764468844
6.107,0.5012588227009849
6.1080000000000005,0.30214834950496416
6.109,0.05557631823977193
6.11,-0.06852197730840764
6.111,-0.21120652799378686
6.112,-0.33602850568411025
6.113,-0.5164180289696185
6.114,-0.5907563497456426
6.115,-0.6629311260098608
6.1160000000000005,-0.9138632662398047
6.117,-1.0054947804999663
6.118,-1.0610240060388594
6.119,-1.1321528962916056
6.12,-1.0684987116692823
6.121,-1.1603126021903742
6.122,-1.1884532462422635
6.123,-1.2571128042514148
6.1240000000000006,-1.2492829626309057
6.125,-1.2816032302287572
6.126,-1.127324407707265
6.127,-1.0831893296118174
6.128,-0.9695256025559102
6.1290000000000004,-0.9562285897929714
6.13,-0.8516370070498751
6.131,-0.723305842081907
6.132000000000001,-0.564431590017021
6.133,-0.5514108253089731
6.134,-0.30343731419541176
6.135,-0.19897206645855445
6.136,-0.1059170729655625
6.1370000000000005,-0.011583810079551435
6.138,0.23011605763660442
6.139,0.4502915021641557
6.140000000000001,0.5973370106033129
6.141,0.6599307559758907
6.142,0.8599142593156011
6.143,0.8687659748287035
6.144,1.0156246207959387
6.1450000000000005,1.029058806810161
6.146,1.095018042282455
6.147,1.1405199621821935
6.148,1.1088030961862316
6.149,1.2968956970617789
6.15,1.2041699003694852
6.151,1.1828449044146185
6.152,1.1337294589662588
6.1530000000000005,1.135890424024859
6.154,1.171882137769647
6.155,1.1110812799904881
6.156,0.83219166476911
6.157,0.7937756871090241
6.158,0.6448991334939244
6.159,0.6215971861618006
6.16,0.4542371527306875
6.1610000000000005,0.269796951774265
6.162,0.16287172787783397
6.163,-0.009145815230466297
6.164,-0.049222860193482
6.165,-0.24539537656522367
6.166,-0.37824023056282563
6.167,-0.6783306345988999
6.168,-0.6740081765759576
6.1690000000000005,-0.6828932380072779
6.17,-0.8262328016233589
6.171,-1.078029932783363
6.172,-1.0808548377805058
6.173,-1.190049092127279
6.174,-1.0936020537391848
6.175,-1.1998501492695681
6.176,-1.2666368558203998
6.1770000000000005,-1.2257821936676176
6.178,-1.3401789283633643
6.179,-1.2297076694032711
6.18,-1.1230953422144554
6.181,-1.0166042525248744
6.182,-1.075353605546401
6.183,-0.9032922400789466
6.184,-0.7275457745851626
6.1850000000000005,-0.7337166137414903
6.186,-0.5237329246471006
6.187,-0.39861593308710963
6.188,-0.17743320971248294
6.189,-0.13232692748404457
6.19,0.014537877578365197
6.191,0.20942476459230908
6.192,0.24156004454990795
6.1930000000000005,0.43373017955036797
6.194,0.5526955933041813
6.195,0.6912550015803508
6.196,0.8536624022145575
6.197,0.9407599999367087
6.198,0.9647971312474733
6.199,1.0843908375262807
6.2,1.2125152545428335
6.2010000000000005,1.1411478848464958
6.202,1.2183732300754835
6.203,1.2131466401002133
6.204,1.2144811229703985
6.205,1.1141405120051493
6.206,1.2277786461152596
6.207,1.0641518819080462
6.208,1.0846201900627686
6.2090000000000005,0.918478281436812
6.21,0.8214466613343852
6.211,0.804837461712675
6.212,0.6751208701544706
6.213,0.5085327092064038
6.214,0.40201614371654265
6.215,0.21042879764367617
6.216,0.08229430717445932
6.2170000000000005,-0.0935929082965646
6.218,-0.15763843353866458
6.219,-0.37698610070147176
6.22,-0.4027534778518509
6.221,-0.6208659965428304
6.222,-0.7237162321217033
6.223,-0.7964307440228143
6.224,-0.9312503882224411
6.2250000000000005,-1.0325191888954999
6.226,-1.0902398896722305
6.227,-1.1001230051742954
6.228,-1.2182252365612682
6.229,-1.2153081490535003
6.23,-1.2157177884403418
6.231,-1.1634680906700412
6.232,-1.1855227374676078
6.2330000000000005,-1.0476842583219268
6.234,-1.087822319488175
6.235,-1.0189108117489105
6.236,-0.9287567612628531
6.237,-0.8865658176946184
6.238,-0.7618254180325629
6.239,-0.6160360011302801
6.24,-0.404148171165323
6.2410000000000005,-0.3277322223706443
6.242,-0.2110055758247239
6.243,0.016372376825907642
6.244,0.1749837130766122
6.245,0.30117026363758603
6.246,0.33337701429449906
6.247,0.48365751245992705
6.248,0.7244302625294124
6.2490000000000006,0.7623342416612527
6.25,0.8430370841861303
6.251,0.9866254487197996
6.252,1.0822161046710126
6.253,1.0701621033287672
6.2540000000000004,1.1614142409051071
6.255,1.2325956438162133
6.256,1.147709179681771
6.257000000000001,1.2091658511002985
6.258,1.1389913175633475
6.259,1.1152289492836567
6.26,1.0899097793262174
6.261,1.0801828494180876
6.2620000000000005,0.9639507236771647
6.263,0.8578764931500112
6.264,0.7908842919050487
6.265000000000001,0.6181424447181602
6.266,0.5748494935679168
6.267,0.480319117976839
6.268,0.2843424519764979
6.269,0.13880527505952883
6.2700000000000005,0.026250006830646225
6.271,-0.2352503325133664
6.272,-0.24648646032335822
6.273,-0.2539067143437904
6.274,-0.54511283107702
6.275,-0.6674280834360615
6.276,-0.7376134879171514
6.277,-0.7951199442797311
6.2780000000000005,-0.9190917712355494
6.279,-1.1526929998133304
6.28,-1.079377173451249
6.281,-1.0262895884102543
6.282,-1.1551613293209726
6.283,-1.2590429049513325
6.284,-1.1856825674641753
6.285,-1.2457296336910901
6.2860000000000005,-1.0856924802276364
6.287,-1.1449609360084783
6.288,-1.0281837617994123
6.289,-0.9953152739083433
6.29,-0.8871817697115457
6.291,-0.6811693619814939
6.292,-0.6355500264402203
6.293,-0.5451438709485793
6.2940000000000005,-0.44382773960137545
6.295,-0.3442594671330622
6.296,-0.17394762092199095
6.297,0.03498227436725491
6.298,0.21869968588049124
6.299,0.27957579230716895
6.3,0.5197273779953628
6.301,0.5327933062874216
6.3020000000000005,0.6763424097676894
6.303,0.7443001680455802
6.304,0.9468014345507048
6.305,1.0887115527626365
6.306,0.9687178579379929
6.307,1.0978729703803742
6.308,1.2213934991525424
6.309,1.1127957426196953
6.3100000000000005,1.2241154404622543
6.311,1.2510029980415285
6.312,1.1715864890632302
6.313,1.1568450762490043
6.314,1.1634805030829591
6.315,1.104156333989765
6.316,0.9210857823863272
6.317,0.8023078035288821
6.3180000000000005,0.6762822603043533
6.319,0.654571107383956
6.32,0.4122739124691316
6.321,0.3367968044969782
6.322,0.21836065461910625
6.323,0.04899425316161231
6.324,-0.05191018326981221
6.325,-0.07675375348593708
6.3260000000000005,-0.3472532261714275
6.327,-0.49437668641155913
6.328,-0.5467021522845484
6.329,-0.7020624766227043
6.33,-0.7487547129083699
6.331,-0.9078073049371141
6.332,-1.0111140126711158
6.333,-1.1567270959758653
6.3340000000000005,-1.2026290429371373
6.335,-1.2520424803189674
6.336,-1.1638937404863139
6.337,-1.2572593469542683
6.338,-1.1162573874491966
6.339,-1.1511627939572608
6.34,-1.1226430693526643
6.341,-1.0950938416851888
6.3420000000000005,-0.9497638719723447
6.343,-0.9355848253755958
6.344,-0.8468040057085903
6.345,-0.6293386551552894
6.346,-0.5527962922430637
6.347,-0.45622910152182106
6.348,-0.2802913366710262
6.349,-0.1755458400252549
6.3500000000000005,-0.01810217105081239
6.351,0.061099708459549186
6.352,0.343193093622626
6.353,0.3450611397878144
6.354,0.5809987812586868
6.355,0.615918785536425
6.356,0.7792085036747265
6.357,0.8788223939666108
6.3580000000000005,0.991058267816626
6.359,0.9703778357075424
6.36,1.1308935293164237
6.361,1.2192597388609996
6.362,1.14827165515158
6.363,1.1811868259037341
6.364,1.1552562605076655
6.365,1.1497952761064467
6.3660000000000005,1.2222922957984041
6.367,1.040454874750785
6.368,0.9824889887620251
6.369,1.0348994584134068
6.37,0.8972157192686788
6.371,0.8717388708623817
6.372,0.632416000852044
6.373,0.5414867928888869
6.3740000000000006,0.3750458337506114
6.375,0.28257906905938895
6.376,0.050302223083902906
6.377,0.03498869371651941
6.378,-0.12130357775333915
6.3790000000000004,-0.27661989534114007
6.38,-0.42569409816381576
6.381,-0.5776919541258382
6.382000000000001,-0.6159461821024853
6.383,-0.8212204110041533
6.384,-0.8368443898248207
6.385,-0.8465579912739286
6.386,-0.9507079508662769
6.3870000000000005,-1.160781594225352
6.388,-1.1579122765616547
6.389,-1.1399403358455276
6.390000000000001,-1.1784456143364146
6.391,-1.2426164329006777
6.392,-1.1349292730393628
6.393,-1.12034029747035
6.394,-0.9743433444670011
6.3950000000000005,-1.0182097579327745
6.396,-0.8688009768293905
6.397,-0.8994584467130011
6.398000000000001,-0.78491869171258
6.399,-0.5847797703840346
6.4,-0.4455087615731662
6.401,-0.4195592086555836
6.402,-0.2374094333636982
6.4030000000000005,-0.17138223602584318
6.404,0.026298921756119066
6.405,0.21432394757512313
6.406,0.2854123389685191
6.407,0.4250997701132864
6.408,0.5053659282866023
6.409,0.6459437601471845
6.41,0.8733720660523393
6.4110000000000005,0.8853438097573331
6.412,0.9156173057692337
6.413,1.0206798819692668
6.414,1.012914637455906
6.415,1.0833562289908347
6.416,1.2277073067763098
6.417,1.162193494622849
6.418,1.257356602005424
6.4190000000000005,1.1355267089533105
6.42,1.1002579887930826
6.421,1.0806870227622878
6.422,0.8471636681799158
6.423,0.9096975511290866
6.424,0.8032926957284936
6.425,0.7752664016190335
6.426,0.6348010270621737
6.4270000000000005,0.40744641423830447
6.428,0.3974545493862974
6.429,0.18887932593447973
6.43,0.020691019861536618
6.431,-0.06116410290906438
6.432,-0.2170540742914378
6.433,-0.26297897913732493
6.434,-0.4511158829678886
6.4350000000000005,-0.5796008265345889
6.436,-0.6584046660045131
6.437,-0.752601082776062
6.438,-0.8606993985688687
6.439,-0.9090963962456491
6.44,-1.0162799818492123
6.441,-1.090517572102854
6.442,-1.0739557046749921
6.4430000000000005,-1.1617974725941203
6.444,-1.1609652945274254
6.445,-1.0658929276840305
6.446,-1.0443425569659128
6.447,-1.0838098440060373
6.448,-1.049122286029462
6.449,-0.8822025410132108
6.45,-0.8311155857550792
6.4510000000000005,-0.7591581879554623
6.452,-0.6841883700793098
6.453,-0.5355015780653699
6.454,-0.42960088648451533
6.455,-0.3323055972124406
6.456,-0.15914076361910426
6.457,-0.01659898281873145
6.458,0.08743756970199816
6.4590000000000005,0.28595474974650686
6.46,0.43638544434991866
6.461,0.5464361878780222
6.462,0.6032085958452307
6.463,0.7653352502453619
6.464,0.8318887203211064
6.465,0.8551925702263405
6.466,1.0269262628729323
6.4670000000000005,1.0631802856709414
6.468,1.233551950066559
6.469,1.2095002369375092
6.47,1.1892723671126748
6.471,1.1673387095743948
6.472,1.148309398512875
6.473,1.0594698244804654
6.474,0.9769505077412345
6.4750000000000005,0.9598692647135157
6.476,0.9268993879358248
6.477,0.7370158820535229
6.478,0.7165086376011144
6.479,0.6225639993009132
6.48,0.5066852721812801
6.481,0.35979779746210694
6.482,0.24587148587521981
6.4830000000000005,0.2156345127529347
6.484,0.0273112717463252
6.485,-0.16891015138975238
6.486,-0.27741244455636566
6.487,-0.4046773464317354
6.488,-0.5653122354518355
6.489,-0.6817075388312359
6.49,-0.7001443714114364
6.4910000000000005,-0.8686851228572288
6.492,-0.9877285686401835
6.493,-1.0075500928702976
6.494,-1.0580006797033186
6.495,-1.2063524479287726
6.496,-1.1382807015459162
6.497,-1.1056937566633798
6.498,-1.1235333118821427
6.4990000000000006,-1.0158076972031926
6.5,-1.0304110780388487
6.501,-0.9711352025654849
6.502,-0.839826372915698
6.503,-0.8646899747192346
6.5040000000000004,-0.8048001785210112
6.505,-0.6634524467246281
6.506,-0.6295114908964737
6.507000000000001,-0.4773287454679073
6.508,-0.389657821865384
6.509,-0.20705774831477228
6.51,-0.12616374943336564
6.511,0.006707927249985451
6.5120000000000005,0.19572813945356873
6.513,0.29969937174691275
6.514,0.3374573970385515
6.515000000000001,0.4822696476235259
6.516,0.6111951575964247
6.517,0.7286561413838716
6.518,0.88707412500227
6.519,0.9588648814108149
6.5200000000000005,1.0696441846449773
6.521,1.108441528727059
6.522,1.1640323702505735
6.523000000000001,1.1651671507696826
6.524,1.1538870437185331
6.525,1.1912592620556817
6.526,1.159488432856821
6.527,1.0942067501923156
6.5280000000000005,1.086029759317685
6.529,0.8381868127211252
6.53,0.860808603680573
6.531,0.7678636848301795
6.532,0.7378505771150922
6.533,0.6465148410986642
6.534,0.37538196014197883
6.535,0.39227069678002485
6.5360000000000005,0.1325791907740353
6.537,0.0009493178692877649
6.538,-0.08758942217804841
6.539,-0.22456840669593817
6.54,-0.4164294751077
6.541,-0.43114387189835945
6.542,-0.5483523318836214
6.543,-0.6402270408492235
6.5440000000000005,-0.8156090549178386
6.545,-0.8859345896448518
6.546,-0.9632715417089692
6.547,-0.9418533226188252
6.548,-1.2182927398923509
6.549,-1.159891733712071
6.55,-1.1318854163669543
6.551,-1.1909419275908595
6.5520000000000005,-1.1384079115317198
6.553,-1.1051122658408952
6.554,-1.0898718912429073
6.555,-0.997388657241867
6.556,-0.8990579095661243
6.557,-0.859333577104112
6.558,-0.7755853800048451
6.559,-0.6562788032994716
6.5600000000000005,-0.53453784240595
6.561,-0.5000409970230586
6.562,-0.26316302317084267
6.563,-0.17811346661135097
6.564,0.04028046163959069
6.565,0.13978202490648622
6.566,0.30018278057717634
6.567,0.31919227298383124
6.5680000000000005,0.4740849100090212
6.569,0.5465995162376938
6.57,0.6810901994418936
6.571,0.8766612134722911
6.572,0.9748726580787324
6.573,0.9170826522019222
6.574,1.0121007722667485
6.575,1.0774355847903285
6.5760000000000005,1.1418303807615928
6.577,1.0405130188461782
6.578,1.0487421688429834
6.579,1.1381985064035098
6.58,0.9857424272931815
6.581,1.0154110195782442
6.582,0.9861241629373381
6.583,0.9256131864666294
6.5840000000000005,0.8121106110718046
6.585,0.7040174283730068
6.586,0.657725193178307
6.587,0.5145076492027337
6.588,0.34579896798749216
6.589,0.2527763049970152
6.59,0.13938351756909112
6.591,0.073869221906502
6.5920000000000005,-0.1047725969416824
6.593,-0.21336515266484854
6.594,-0.4307942119812809
6.595,-0.5470726233732631
6.596,-0.6460005975163586
6.597,-0.7459869230205696
6.598,-0.8835567513401222
6.599,-0.8526801341785377
6.6000000000000005,-0.9419676703192688
6.601,-1.0579527858968132
6.602,-1.052718526133857
6.603,-1.1008209417087824
6.604,-1.087794838853523
6.605,-1.1873239100871464
6.606,-1.1082731116771678
6.607,-1.0696027371898456
6.6080000000000005,-0.9865378057229942
6.609,-0.9861506812904162
6.61,-1.0035983274192997
6.611,-0.8444789060984568
6.612,-0.6943787366194759
6.613,-0.5795751848499905
6.614,-0.38203629344618595
6.615,-0.3141620353563551
6.6160000000000005,-0.21161722827556143
6.617,-0.08678761617475376
6.618,0.10168616519997223
6.619,0.14792048833843863
6.62,0.2988597689028491
6.621,0.37558813705319094
6.622,0.6191923959563579
6.623,0.678460060331521
6.6240000000000006,0.7249175131151784
6.625,0.8455051132204476
6.626,0.9558709659166639
6.627,0.9841530225457523
6.628,1.0224973028084408
6.6290000000000004,1.0545518926115423
6.63,1.1272528723503037
6.631,1.1001243928521918
6.632000000000001,1.0876446464269438
6.633,1.0205305235319357
6.634,1.05323587069279
6.635,0.9878619510058572
6.636,0.9146879403668542
6.6370000000000005,0.8617518562442975
6.638,0.7985460461924714
6.639,0.6951013650828274
6.640000000000001,0.5774797412895077
6.641,0.420095887981137
6.642,0.28015745610682224
6.643,0.1284882408934323
6.644,0.020765525186137328
6.6450000000000005,-0.07949527970697703
6.646,-0.2495287531184292
6.647,-0.332195657043891
6.648000000000001,-0.5073561528477577
6.649,-0.6578373096756067
6.65,-0.6415489194300621
6.651,-0.8045166888666634
6.652,-0.9101186785333693
6.6530000000000005,-0.9984233124417358
6.654,-0.985000698284085
6.655,-0.9859311384468168
6.656000000000001,-1.1087935895407346
6.657,-1.1183586619383818
6.658,-1.0576619062190868
6.659,-1.1901071120224929
6.66,-0.9744282126469652
6.6610000000000005,-0.908974960065513
6.662,-1.1107063029014432
6.663,-0.9110502776469691
6.664,-0.8604442547127205
6.665,-0.7447246646690783
6.666,-0.6493489394691553
6.667,-0.4761647810877051
6.668,-0.40362697365677946
6.6690000000000005,-0.31935244884776626
6.67,-0.1545022690229411
6.671,0.009717916780043738
6.672,0.054830697059130434
6.673,0.1601166429619959
6.674,0.4670808761559532
6.675,0.45521955900006555
6.676,0.593601337920621
6.6770000000000005,0.6853814526609681
6.678,0.8277106272565613
6.679,0.9729074435290528
6.68,0.9850001442966789
6.681,0.9386106528758721
6.682,0.989836837043743
6.683,1.0689896985988132
6.684,1.0903960300564817
6.6850000000000005,1.0173560105950785
6.686,1.1288539101871913
6.687,1.0030125305679567
6.688,1.086871321703614
6.689,1.0441797430173474
6.69,0.8685615461643642
6.691,0.8186337360244799
6.692,0.6398505334062937
6.6930000000000005,0.6277639939301374
6.694,0.4586221329545139
6.695,0.30950283320076266
6.696,0.22476453199301458
6.697,0.08806474040289175
6.698,-0.03426642621204652
6.699,-0.09958246451139452
6.7,-0.3133081208229602
6.7010000000000005,-0.3104364686334532
6.702,-0.5810579478249267
6.703,-0.5445040618692419
6.704,-0.777904977703864
6.705,-0.8188673631003649
6.706,-0.9237366388922509
6.707,-0.9843924589936481
6.708,-0.9817544422526687
6.7090000000000005,-0.9873369742307168
6.71,-1.0286453099320716
6.711,-1.1192446837893655
6.712,-1.0854635110098738
6.713,-1.1143646526227025
6.714,-1.09060685128293
6.715,-1.0497751998315419
6.716,-0.95210749968712
6.7170000000000005,-0.8427187813396234
6.718,-0.8640013689905655
6.719,-0.6733826088270021
6.72,-0.4887072324034857
6.721,-0.3941186584041065
6.722,-0.35902026238395224
6.723,-0.27465588558707404
6.724,-0.054100733626106706
6.7250000000000005,-0.06423447053114573
6.726,0.23510789203258928
6.727,0.2943542696246029
6.728,0.5177741030728641
6.729,0.45510945046272044
6.73,0.6951004823604883
6.731,0.7429078463846652
6.732,0.8197680479599833
6.7330000000000005,0.8446486543247674
6.734,1.0071272188285227
6.735,1.0618446530208194
6.736,1.1537978212874653
6.737,1.1367559823461704
6.738,1.0634845892909954
6.739,1.034738149516693
6.74,0.9933047081028388
6.7410000000000005,1.0975607295294838
6.742,0.9330609436642888
6.743,0.9806730609053527
6.744,0.8551348295066266
6.745,0.7562013364656605
6.746,0.625027241362515
6.747,0.5652820209936862
6.748,0.416060124831234
6.7490000000000006,0.2772600803163457
6.75,0.20538197421274212
6.751,0.03594494477259244
6.752,-0.12475265832130594
6.753,-0.18160072127886098
6.7540000000000004,-0.3385771470123663
6.755,-0.43004250787482223
6.756,-0.5899753391927754
6.757000000000001,-0.7326645578966658
6.758,-0.6810694910373857
6.759,-0.7754815849518265
6.76,-0.8818189066110984
6.761,-1.0057975576791276
6.7620000000000005,-1.0481973461176184
6.763,-0.9965759208455202
6.764,-1.1011888415935145
6.765000000000001,-1.1179850951892598
6.766,-0.9806272672507895
6.767,-1.0496997049373076
6.768,-0.9175438790993977
6.769,-1.020682709181522
6.7700000000000005,-0.8565673392400608
6.771,-0.6984983501040608
6.772,-0.7091171286187856
6.773000000000001,-0.6225987379671911
6.774,-0.5582209928734552
6.775,-0.32930619156079893
6.776,-0.3002825186971206
6.777,-0.14131142228310148
6.7780000000000005,-0.0712607296313884
6.779,0.19542261197036848
6.78,0.3007612833185286
6.781000000000001,0.36347389306763617
6.782,0.42429775374471584
6.783,0.6690583574954994
6.784,0.6760127014880651
6.785,0.731480395797677
6.7860000000000005,0.7801808887020657
6.787,0.9055298219961099
6.788,0.921678910771238
6.789,1.0061193269762243
6.79,1.103012193148895
6.791,1.0608476365930015
6.792,1.096338267546215
6.793,1.0264538063488429
6.7940000000000005,1.0353028252685306
6.795,1.083297824009046
6.796,0.91144495593854
6.797,0.8769258854294066
6.798,0.6964683625446273
6.799,0.7571441721158706
6.8,0.5543214742419834
6.801,0.5198235678155643
6.8020000000000005,0.343857132040447
6.803,0.25853813291245986
6.804,0.13636130214570677
6.805,-0.04632466632079342
6.806,-0.09524075710163768
6.807,-0.31180007434026197
6.808,-0.3551413576276789
6.809,-0.5282527041183579
6.8100000000000005,-0.5989069786506369
6.811,-0.7385839836573401
6.812,-0.8021793674769201
6.813,-0.9364755495215613
6.814,-0.9362230431048884
6.815,-0.9991460041397702
6.816,-1.0672902569465452
6.817,-1.0676029780742264
6.8180000000000005,-1.0680294827064891
6.819,-1.1006047964432026
6.82,-1.056535587111493
6.821,-1.0662170854098165
6.822,-0.8505027785963903
6.823,-0.8533612471082022
6.824,-0.8187211120146384
6.825,-0.6883843228847453
6.8260000000000005,-0.750304235955401
6.827,-0.6746376964609299
6.828,-0.45463646772705957
6.829,-0.38557279491385815
6.83,-0.2061316832690622
6.831,-0.059048034861873176
6.832,0.10256375030980916
6.833,0.12467133313805703
6.8340000000000005,0.32405165536010444
6.835,0.42303170407063295
6.836,0.5520579322844491
6.837,0.6136455409263355
6.838,0.8048801922697258
6.839,0.8164539128768753
6.84,0.9848809155627681
6.841,0.9188084732509467
6.8420000000000005,1.0443873041527736
6.843,1.0392736252936912
6.844,1.0464972812203754
6.845,1.1004654236615592
6.846,1.0451180560299937
6.847,0.9035944917797918
6.848,0.8458828544701319
6.849,1.0112236298685187
6.8500000000000005,0.9446491944753945
6.851,0.9008887966146013
6.852,0.7179438885221945
6.853,0.5566139363393904
6.854,0.49416804032716677
6.855,0.4025624982866682
6.856,0.23298887151990882
6.857,0.24326257929251538
6.8580000000000005,0.148136156793123
6.859,-0.06504396403665083
6.86,-0.21334124150488312
6.861,-0.39840071978471026
6.862,-0.37253435224624043
6.863,-0.5559936551972033
6.864,-0.6764561972650981
6.865,-0.730958721080327
6.8660000000000005,-0.8668743561623348
6.867,-0.9012343000901567
6.868,-1.0391347762023502
6.869,-0.9577342267035205
6.87,-1.0484142214136827
6.871,-1.0019636775738179
6.872,-1.0720512206304336
6.873,-1.0562530437613027
6.8740000000000006,-1.0830447191444283
6.875,-0.9433424353582696
6.876,-0.9705118836488097
6.877,-0.8836773312437606
6.878,-0.7801209679220479
6.8790000000000004,-0.6842066371260039
6.88,-0.6761885996698672
6.881,-0.49493547672681804
6.882000000000001,-0.3295259201282987
6.883,-0.2690533211358014
6.884,-0.13882352718950777
6.885,0.004790358040329776
6.886,0.11462276008747357
6.8870000000000005,0.19192648630648856
6.888,0.36075863236320166
6.889,0.5263546061456873
6.890000000000001,0.5315479183162073
6.891,0.6647404906803405
6.892,0.7042765948167797
6.893,0.8996211988005934
6.894,0.9153411826866859
6.8950000000000005,0.9321447988038298
6.896,1.0205037201762166
6.897,0.9829232186910432
6.898000000000001,1.0042490914559432
6.899,0.9811749713892189
6.9,0.9845677413192379
6.901,1.0751963898664898
6.902,0.9262217113173301
6.9030000000000005,0.9284809721945588
6.904,0.7931918596501958
6.905,0.7913384868411757
6.906000000000001,0.6100606434181142
6.907,0.5622498214073959
6.908,0.45417270902576684
6.909,0.4529827856418226
6.91,0.24858399553467608
6.9110000000000005,0.06494540330902174
6.912,0.005118280948824692
6.913,-0.04549660380922285
6.914,-0.3550053956675937
6.915,-0.4329441700773752
6.916,-0.5145241347748751
6.917,-0.6284157076198377
6.918,-0.7206609966542508
6.9190000000000005,-0.8559501325002872
6.92,-0.7963181590087451
6.921,-1.001445807685853
6.922,-0.9912728681544272
6.923,-0.9663680009566895
6.924,-1.0435066416124785
6.925,-1.0999296972768697
6.926,-1.1128635576556714
6.9270000000000005,-1.0369890441680243
6.928,-1.0292703589090415
6.929,-0.9334332503953111
6.93,-0.9530530953677242
6.931,-0.7694667836476512
6.932,-0.7203410375064921
6.933,-0.622651290053077
6.934,-0.4574382988605478
6.9350000000000005,-0.4414742113211369
6.936,-0.3402291281097035
6.937,-0.21153865318835224
6.938,-0.07150049183655273
6.939,0.05665558207226631
6.94,0.14185146280693053
6.941,0.20183505135177554
6.942,0.39031844896136064
6.9430000000000005,0.545915539679109
6.944,0.6369723056092538
6.945,0.7836416370057518
6.946,0.9049267208940859
6.947,0.9174447128551197
6.948,1.0087744088153292
6.949,1.0251777322229476
6.95,1.1058997672446649
6.9510000000000005,1.1324313860523134
6.952,1.092586274536296
6.953,1.0710769171836632
6.954,1.0019506301705108
6.955,0.9726547451086338
6.956,0.906916873999383
6.957,0.8912437590359701
6.958,0.7487040603391429
6.9590000000000005,0.6889195736929898
6.96,0.4848765165671521
6.961,0.5846816598868291
6.962,0.37656637075968247
6.963,0.29413513641743294
6.964,0.22431922583305713
6.965,0.04448101251478968
6.966,-0.02063504794133321
6.9670000000000005,-0.27592622870602423
6.968,-0.2119587176108256
6.969,-0.3908359670728727
6.97,-0.5419100552251856
6.971,-0.5806346690284377
6.972,-0.8008097959745518
6.973,-0.8370254325462172
6.974,-0.8192244350928154
6.9750000000000005,-1.04131354321551
6.976,-0.9633684490979599
6.977,-0.9945272977723827
6.978,-0.9383292183118964
6.979,-1.1172924165600304
6.98,-0.9447042982496776
6.981,-1.0260723292455507
6.982,-0.9796133094016308
6.9830000000000005,-0.9643469608875205
6.984,-0.8911933357676314
6.985,-0.7386699722407225
6.986,-0.7260789573341
6.987,-0.5358582131107439
6.988,-0.5005738841707136
6.989,-0.41623054823780964
6.99,-0.2652673756888255
6.9910000000000005,-0.10209535144058797
6.992,-0.0112628975273255
6.993,0.12576380334822077
6.994,0.2785509461834778
6.995,0.4141383382539341
6.996,0.4557769953826596
6.997,0.5237911164721197
6.998,0.676542380186788
6.9990000000000006,0.7836902687191748
7.0,0.7640250470032008
7.001,0.857861997083042
7.002,0.9192959168908804
7.003,0.9845351949813191
7.0040000000000004,0.9828124602235443
7.005,1.0680690259249788
7.006,0.9500706527210561
7.007000000000001,0.934748115752132
7.008,0.9664774895088052
7.009,0.9302855208118921
7.01,0.8093042718808708
7.011,0.7825310964883018
7.0120000000000005,0.7124708679520082
7.013,0.6224475038619541
7.014,0.550481311329257
7.015000000000001,0.4031402896920009
7.016,0.3974739082817272
7.017,0.2309414236578837
7.018,0.04632642656742695
7.019,-0.029586126986775978
7.0200000000000005,-0.1485808956010448
7.021,-0.21233106636158433
7.022,-0.41755743545717755
7.023000000000001,-0.4582516953341766
7.024,-0.5967137948129158
7.025,-0.6181177360817732
7.026,-0.7124517655864283
7.027,-0.8407002047355214
7.0280000000000005,-0.9254591663968369
7.029,-0.9362066281918803
7.03,-1.0064744457960904
7.031000000000001,-0.9355851756716241
7.032,-1.0237596089624241
7.033,-1.0418762978806804
7.034,-1.0244043413695505
7.035,-1.0281071489306657
7.0360000000000005,-0.8923356536675592
7.037,-0.9012064500987786
7.038,-0.7335067213491898
7.039000000000001,-0.7704298197376882
7.04,-0.6070943600114292
7.041,-0.4551999730526611
7.042,-0.5125520637595383
7.043,-0.19071754343988967
7.0440000000000005,-0.19561320732718657
7.045,-0.04765789464746117
7.046,0.09420013968718083
7.047,0.22131916625791764
7.048,0.31549113981036003
7.049,0.46424064438583884
7.05,0.547139427819491
7.051,0.7088142536636274
7.0520000000000005,0.7378708246410945
7.053,0.8911196792212082
7.054,0.9081100974134345
7.055,0.8310089288194749
7.056,1.097365956405061
7.057,0.9702599725896586
7.058,1.0921348465722662
7.059,1.0230442849097692
7.0600000000000005,1.065018555170547
7.061,0.9538521925996897
7.062,0.9822605569758008
7.063,0.8879160816034465
7.064,0.9167334368495891
7.065,0.785400645307294
7.066,0.7254540036757945
7.067,0.47632198496767386
7.0680000000000005,0.47809712351476197
7.069,0.39414589763356467
7.07,0.27093640599642743
7.071,0.1904175617363743
7.072,0.004755185690350227
7.073,-0.09408723441081036
7.074,-0.15566126518898543
7.075,-0.44384316616016745
7.0760000000000005,-0.4110306549617574
7.077,-0.5616625274289248
7.078,-0.6874972348455112
7.079,-0.7130771796979765
7.08,-0.746455112831055
7.081,-0.8226239503619174
7.082,-0.9360048301704585
7.083,-0.9272961344706951
7.0840000000000005,-0.9561084045407501
7.085,-1.018517291034576
7.086,-1.0494519939495142
7.087,-1.03321814041618
7.088,-0.932421285210506
7.089,-0.9358578429953253
7.09,-0.9326400617058691
7.091,-0.899040305763356
7.0920000000000005,-0.6964661367800014
7.093,-0.6785141805109487
7.094,-0.5388324887239916
7.095,-0.3899270370873699
7.096,-0.40773226584116373
7.097,-0.23024368368415454
7.098,-0.11912715415134797
7.099,0.027264450234395186
7.1000000000000005,0.18894102991911957
7.101,0.17741566764079814
7.102,0.3858719332602878
7.103,0.517477303710605
7.104,0.558632635207644
7.105,0.6552566071825258
7.106,0.7680609186452874
7.107,0.8390526903134519
7.1080000000000005,0.9142416028365491
7.109,0.9642708037748234
7.11,0.9252625191765749
7.111,1.0485797828202634
7.112,1.0683269539125253
7.113,1.016284513978329
7.114,0.915383723763519
7.115,0.9538225371206773
7.1160000000000005,0.9255323161643605
7.117,0.8022267547527684
7.118,0.7732693869429103
7.119,0.6417470578280203
7.12,0.6537336276746969
7.121,0.5342635134813835
7.122,0.33906300437421566
7.123,0.328546785125744
7.1240000000000006,0.19352859231363084
7.125,0.10489635014340092
7.126,-0.05882031759017846
7.127,-0.19704628166270718
7.128,-0.3110296271159089
7.1290000000000004,-0.4111058421131185
7.13,-0.4896223741072917
7.131,-0.5827241923023782
7.132000000000001,-0.6910390825028933
7.133,-0.7846161372142872
7.134,-0.8524076920307233
7.135,-0.7692992094161283
7.136,-0.9807099308119045
7.1370000000000005,-1.0045512971324488
7.138,-0.832959931964657
7.139,-0.9838389748736308
7.140000000000001,-1.067268744256443
7.141,-0.9357555742985486
7.142,-0.9895389984051838
7.143,-0.8517303635518277
7.144,-0.8485286091298128
7.1450000000000005,-0.7892394010140502
7.146,-0.6055125014369689
7.147,-0.5669488302693163
7.148000000000001,-0.44774899699788
7.149,-0.3689799842604578
7.15,-0.3019333304682321
7.151,-0.13431890370852628
7.152,0.0126236147676917
7.1530000000000005,0.07655957277479508
7.154,0.27655261055255254
7.155,0.34302289655281987
7.156000000000001,0.4209350206042423
7.157,0.5270443660581101
7.158,0.6183295833459121
7.159,0.6374327558371496
7.16,0.7743304158926697
7.1610000000000005,0.8579621938195672
7.162,0.8824630634382855
7.163,0.9640390738148439
7.164000000000001,0.9790321334718214
7.165,1.0339672305192262
7.166,1.0320254149267707
7.167,0.9970422135965193
7.168,0.8965124533445674
7.1690000000000005,1.01730557682936
7.17,0.8707961357067209
7.171,0.8118855293970345
7.172,0.7256201921127962
7.173,0.6349329074213624
7.174,0.6441085009984684
7.175,0.5359831092284708
7.176,0.3822840558895501
7.1770000000000005,0.24315361891643542
7.178,0.16456926660749183
7.179,0.020594153179716662
7.18,-0.10949994845699663
7.181,-0.19854903449360423
7.182,-0.3499589033952753
7.183,-0.42316666924103263
7.184,-0.5273945315192793
7.1850000000000005,-0.601830024763301
7.186,-0.7485525571082254
7.187,-0.7577787024239199
7.188,-0.9033225061077563
7.189,-0.9395006011924822
7.19,-0.9776039359749377
7.191,-1.0319156516227728
7.192,-0.9411864307056942
7.1930000000000005,-1.0403971459475994
7.194,-1.0131899016647417
7.195,-0.8882924706179509
7.196,-0.939310365532401
7.197,-0.8673671848551848
7.198,-0.843934250405969
7.199,-0.6761478592627137
7.2,-0.5900570722579116
7.2010000000000005,-0.501362428411232
7.202,-0.4099671811937041
7.203,-0.32571823548412826
7.204,-0.24367442537399425
7.205,-0.1433110165971807
7.206,0.07819149764016492
7.207,0.16795756631647973
7.208,0.20923620823046657
7.2090000000000005,0.3566665851380137
7.21,0.44550658368846496
7.211,0.5035458573361982
7.212,0.6605214293800932
7.213,0.7135243894136027
7.214,0.7591742412880266
7.215,0.7941931060629612
7.216,0.8393137263846262
7.2170000000000005,0.9356168873869098
7.218,0.973447435279561
7.219,0.9439621861440143
7.22,1.0166677478057344
7.221,0.9636908082454045
7.222,0.9653258779601553
7.223,0.8839515649494184
7.224,0.798062265406288
7.2250000000000005,0.7759233986272925
7.226,0.629292795877673
7.227,0.632093988632503
7.228,0.46265429925983287
7.229,0.4528288561853548
7.23,0.2818330364857546
7.231,0.23964772007328167
7.232,0.015630765013549708
7.2330000000000005,-0.07782683616463693
7.234,-0.13993754016568172
7.235,-0.21326522608082935
7.236,-0.2974710310898792
7.237,-0.4824488762721993
7.238,-0.4896222720649219
7.239,-0.6849274511169651
7.24,-0.6951601007147948
7.2410000000000005,-0.8664871230462456
7.242,-0.8563222069973947
7.243,-1.0402513830243907
7.244,-1.0123343124105555
7.245,-0.9528116698324562
7.246,-1.0481922355780842
7.247,-0.9540987103435742
7.248,-0.9095542030816084
7.2490000000000006,-0.9462182782989447
7.25,-0.9231897884473808
7.251,-0.8400012150043986
7.252,-0.7949029944560763
7.253,-0.6717296519526502
7.2540000000000004,-0.5724635878561583
7.255,-0.4958425524357257
7.256,-0.29321376966431256
7.257000000000001,-0.3041385527822048
7.258,-0.08618190574035282
7.259,-0.09330064003804694
7.26,0.07743553688910507
7.261,0.24692156444853025
7.2620000000000005,0.3556672934689812
7.263,0.38524940377224626
7.264,0.5355327207180018
7.265000000000001,0.6233120076097902
7.266,0.6613872917685408
7.267,0.7957863803673536
7.268,0.9241394524041872
7.269,0.9091413412352093
7.2700000000000005,0.9561839825764566
7.271,0.9909739917757144
7.272,0.9006063920130994
7.273000000000001,0.999525315605726
7.274,0.9150710686680559
7.275,0.9124976315035727
7.276,1.0131952865058105
7.277,0.8430787081675867
7.2780000000000005,0.7575997313729277
7.279,0.780175029326895
7.28,0.5931684080291661
7.281000000000001,0.5273911267925478
7.282,0.5138833571259792
7.283,0.34905544039856645
7.284,0.15958464404719924
7.285,0.15238073037689087
7.2860000000000005,-0.008803867062070479
7.287,-0.026253802486382788
7.288,-0.24635014219086368
7.289000000000001,-0.27324810792208565
7.29,-0.3422552581937148
7.291,-0.5728313592458941
7.292,-0.6318364601402546
7.293,-0.6860199545924853
7.2940000000000005,-0.8218332564055649
7.295,-0.8281959020467089
7.296,-0.9040707685695153
7.297,-0.9438618619334737
7.298,-0.955085403719218
7.299,-0.9666810398883613
7.3,-0.9613805965663496
7.301,-0.9854795697636021
7.3020000000000005,-0.9560928394818726
7.303,-0.8942725934606778
7.304,-0.8383597219820764
7.305,-0.7943376826506211
7.306,-0.6818497562509924
7.307,-0.7048439596317796
7.308,-0.5582572073090648
7.309,-0.43620422107800083
7.3100000000000005,-0.3597085561271958
7.311,-0.1258131072260778
7.312,-0.0938885961096281
7.313,0.027708294895771007
7.314,0.10810188210790583
7.315,0.24299701549451538
7.316,0.2911380519466138
7.317,0.44662776539183796
7.3180000000000005,0.5051682608505975
7.319,0.6273974831206146
7.32,0.5936425124559298
7.321,0.735626256303441
7.322,0.9246619983316378
7.323,0.9406611516077884
7.324,1.0003528027671782
7.325,1.0261495652319104
7.3260000000000005,0.9995757457695976
7.327,0.9391252391111026
7.328,0.8924907644292125
7.329,0.9712631835359087
7.33,0.8741399467776333
7.331,0.9406095397108029
7.332,0.7314249410942157
7.333,0.7717884363124845
7.3340000000000005,0.579519713570466
7.335,0.5603157960078576
7.336,0.4777376100167515
7.337,0.23577068084468153
7.338,0.1527723394937906
7.339,0.013082980939487551
7.34,-0.10990085709264089
7.341,-0.12747104229169473
7.3420000000000005,-0.2808121462105219
7.343,-0.3747366275948647
7.344,-0.4506701382030574
7.345,-0.6658395386493814
7.346,-0.5951810789075856
7.347,-0.7543944744648804
7.348,-0.7775477717577628
7.349,-0.8292453907584807
7.3500000000000005,-0.8359705889263842
7.351,-0.9414940817441582
7.352,-1.0612529420509493
7.353,-0.9578595725652896
7.354,-0.9430782310985338
7.355,-0.9840873471071423
7.356,-0.8914150488491345
7.357,-0.8708787371291881
7.3580000000000005,-0.8622655514008893
7.359,-0.6929158609282231
7.36,-0.6760516941372094
7.361,-0.5806609586111807
7.362,-0.48825910888349644
7.363,-0.30177187728190724
7.364,-0.2590378946937908
7.365,-0.1429851014654164
7.3660000000000005,-0.0569403313191277
7.367,0.1007006087523303
7.368,0.25637249372748977
7.369,0.3299978416629276
7.37,0.4364977915033508
7.371,0.5314273998283553
7.372,0.5241150232884552
7.373,0.6331167064299155
7.3740000000000006,0.7411012024028878
7.375,0.7790955598642282
7.376,0.8149318679269418
7.377,0.8153288761759095
7.378,0.8698419704938078
7.3790000000000004,0.9396408112495732
7.38,0.951156834452945
7.381,0.903974656541493
7.382000000000001,0.9235681166702235
7.383,0.8612564148739361
7.384,0.8886456690357565
7.385,0.7657255602641836
7.386,0.7376705022311882
7.3870000000000005,0.6324016666168059
7.388,0.46297978328967215
7.389,0.4320808778559098
7.390000000000001,0.2723841737412619
7.391,0.22174698324246922
7.392,0.07979742543842377
7.393,0.02448552863872908
7.394,-0.17342431209903397
7.3950000000000005,-0.21575298059196743
7.396,-0.29501789398882816
7.397,-0.38090266342864043
7.398000000000001,-0.5612145621019554
7.399,-0.6115913273642988
7.4,-0.6842627295670376
7.401,-0.6875104446896376
7.402,-0.8997551401911228
7.4030000000000005,-0.9206567616892682
7.404,-0.7722061852118577
7.405,-0.9508169850415046
7.406000000000001,-1.0435140681993893
7.407,-0.976806305690464
7.408,-1.0717722637243652
7.409,-0.8940710791669959
7.41,-0.8259356482160457
7.4110000000000005,-0.8603874927776012
7.412,-0.7755084482007978
7.413,-0.6326167546114803
7.414000000000001,-0.6838099155898221
7.415,-0.5716911585027858
7.416,-0.4193992739896418
7.417,-0.342407370021271
7.418,-0.21212243192499325
7.4190000000000005,-0.15057829178639232
7.42,0.034521814669988896
7.421,0.127166506485088
7.422000000000001,0.2710071216608436
7.423,0.35908360710425696
7.424,0.46005750399142165
7.425,0.4718246349030898
7.426,0.6556451594102645
7.4270000000000005,0.6926118760115737
7.428,0.7691553280321021
7.429,0.8874810307846531
7.43,0.845141775886563
7.431,0.9825517207481829
7.432,1.008466466215018
7.433,0.9822157038535276
7.434,0.890853336242823
7.4350000000000005,0.8129218806990934
7.436,0.9458234680992917
7.437,0.8548129900612192
7.438,0.7576556989206245
7.439,0.7883292490716919
7.44,0.6112768305120353
7.441,0.5488610219475271
7.442,0.5042034631260232
7.4430000000000005,0.32361826908879354
7.444,0.2699760690319055
7.445,0.22230479668262176
7.446,0.0685324485305328
7.447,0.009724040560774756
7.448,-0.1058190728899216
7.449,-0.26967776832384355
7.45,-0.49069883822719473
7.4510000000000005,-0.5277496444279609
7.452,-0.5263386059188135
7.453,-0.7262409717310261
7.454,-0.7403070707565346
7.455,-0.7722798224960773
7.456,-0.7700489942366809
7.457,-0.9149501016006278
7.458,-0.9488096036751477
7.4590000000000005,-0.9370436527449453
7.46,-0.9217720103695058
7.461,-0.93897435283707
7.462,-0.8579075025073005
7.463,-0.9168949803722146
7.464,-0.825420762912277
7.465,-0.7522158265249543
7.466,-0.7268823642934424
7.4670000000000005,-0.5875626168011122
7.468,-0.5361307914563073
7.469,-0.41070909919773047
7.47,-0.3408520731503236
7.471,-0.22735181287214273
7.472,-0.17005637840447674
7.473,-0.06037680794637452
7.474,0.1423317250843625
7.4750000000000005,0.2216731299837496
7.476,0.24487135579734703
7.477,0.40705916078176274
7.478,0.3757934926284644
7.479,0.5553939143641985
7.48,0.7136607470220293
7.481,0.7316598824607731
7.482,0.8059169496539892
7.4830000000000005,0.7002508505255346
7.484,0.8707511328414926
7.485,0.9342798413379151
7.486,0.9549745488331176
7.487,0.9813206386757344
7.488,0.9113165525601876
7.489,0.8894692275764544
7.49,0.7947019933180219
7.4910000000000005,0.8027785325277679
7.492,0.6904344109091864
7.493,0.5912648982101618
7.494,0.5501487645491662
7.495,0.5922919293724964
7.496,0.40869068907385464
7.497,0.33279251136820576
7.498,0.19130942117100136
7.4990000000000006,0.019694836888733247
7.5,0.04680565624649585
7.501,-0.21778643108325108
7.502,-0.24454167734463741
7.503,-0.32412417630547846
7.5040000000000004,-0.40998553498100704
7.505,-0.5520969019461149
7.506,-0.6947846172244416
7.507000000000001,-0.7217060648503171
7.508,-0.7884235078501115
7.509,-0.8485919277763376
7.51,-0.8091950283570701
7.511,-0.9542941090418563
7.5120000000000005,-0.9021461443753178
7.513,-0.9202065985233011
7.514,-0.878224921201221
7.515000000000001,-0.9182615834456774
7.516,-0.8448440793059544
7.517,-0.8536259226416206
7.518,-0.7722763332367699
7.519,-0.8071990703634969
7.5200000000000005,-0.7919555654394244
7.521,-0.5600845502048367
7.522,-0.4683751665852011
7.523000000000001,-0.37041454932979884
7.524,-0.3192973504766681
7.525,-0.11342800182901067
7.526,-0.10322486851048432
7.527,0.04955699547013191
7.5280000000000005,0.16655012047805848
7.529,0.329128860164763
7.53,0.33031648658299745
7.531000000000001,0.4116687583797059
7.532,0.46141462640576225
7.533,0.6985011166810128
7.534,0.7179188853468083
7.535,0.7858279831280439
7.5360000000000005,0.9747873791578737
7.537,0.8796677527301221
7.538,0.8308406610056857
7.539000000000001,0.9063370124791322
7.54,0.8749298190475846
7.541,0.8986749582167763
7.542,0.8804780724527677
7.543,0.8409867980085994
7.5440000000000005,0.7584181685504624
7.545,0.8540530539521357
7.546,0.7250619458688105
7.547000000000001,0.6247744669852917
7.548,0.5911207236251103
7.549,0.4863905147995413
7.55,0.379877071370227
7.551,0.2985913181826441
7.5520000000000005,0.16568541993650415
7.553,0.0849993680758444
7.554,-0.019021179015435
7.555,-0.15587915320396323
7.556,-0.2800668468535598
7.557,-0.293805946881486
7.558,-0.4903516101733764
7.559,-0.5365503884676639
7.5600000000000005,-0.6173756500940926
7.561,-0.7416727963019721
7.562,-0.8148742748455475
7.563,-0.8447600350909893
7.564,-0.8928381242763691
7.565,-0.9703065741356355
7.566,-0.9467633252132815
7.567,-0.9050554530800998
7.5680000000000005,-0.8465846554635892
7.569,-0.8611369937598521
7.57,-0.9855626352393418
7.571,-0.7784685255320314
7.572,-0.78223361119483
7.573,-0.6650884290863377
7.574,-0.6124120173953833
7.575,-0.5369011228972357
7.5760000000000005,-0.4407063185343081
7.577,-0.3390767162414676
7.578,-0.1684780033319972
7.579,-0.13121750176227415
7.58,0.031257263762269255
7.581,0.1314630375924568
7.582,0.2240976606740489
7.583,0.20501774628932412
7.5840000000000005,0.44968208702963003
7.585,0.4649855623488821
7.586,0.6109315221713827
7.587,0.6058171758477813
7.588,0.6654329985051488
7.589,0.8837286448369959
7.59,0.7864361373153461
7.591,0.9294441126846543
7.5920000000000005,0.9038736663118871
7.593,0.8903700693996598
7.594,0.9099877438792654
7.595,0.8354507897027567
7.596,0.875684241992639
7.597,0.7860294395847472
7.598,0.7726210234340233
7.599,0.7799806951450019
7.6000000000000005,0.677657035557212
7.601,0.5129323515148033
7.602,0.5436481430791662
7.603,0.4078796635716294
7.604,0.2826971678078725
7.605,0.24448221642771628
7.606,0.09331728904075365
7.607,-0.06343369483529786
7.6080000000000005,-0.019472533512371895
7.609,-0.21785277520234636
7.61,-0.3231473971919112
7.611,-0.43698129584684575
7.612,-0.4495894611394743
7.613,-0.6196431748142183
7.614,-0.7472432423312334
7.615,-0.7712541057895494
7.6160000000000005,-0.7281141431639976
7.617,-0.7990022148433542
7.618,-0.8879071356010441
7.619,-0.8289612918779641
7.62,-0.8703101214338
7.621,-0.9186015616657424
7.622,-0.8986529521391513
7.623,-0.8467083045968598
7.6240000000000006,-0.8656965497742574
7.625,-0.773459896878095
7.626,-0.6971972042493235
7.627,-0.726109985237456
7.628,-0.571548610079491
7.6290000000000004,-0.48984064059111027
7.63,-0.32938209063622037
7.631,-0.3738977400825936
7.632000000000001,-0.19779393050637506
7.633,-0.09743143159346257
7.634,0.0810016826645327
7.635,0.13666305732095754
7.636,0.3325288045274726
7.6370000000000005,0.37632849480113395
7.638,0.41842646463090233
7.639,0.5405487384959082
7.640000000000001,0.5931658537522843
7.641,0.7276862906750887
7.642,0.6824829517241076
7.643,0.7619300026287972
7.644,0.8688264493888012
7.6450000000000005,0.938574960278105
7.646,0.7863260690229759
7.647,0.9719188445634976
7.648000000000001,0.8905045837906445
7.649,0.7852625115493093
7.65,0.6991977607982656
7.651,0.7309467719448787
7.652,0.7534489086489359
7.6530000000000005,0.6877785807841883
7.654,0.6498719695363485
7.655,0.5093836816930966
7.656000000000001,0.39273488387318917
7.657,0.332620486111011
7.658,0.2552626311758132
7.659,0.1619739248100103
7.66,0.0057995575821281065
7.6610000000000005,-0.015427145416421088
7.662,-0.1964481082833598
7.663,-0.3114189027275135
7.664000000000001,-0.39387045713275953
7.665,-0.40672902078088463
7.666,-0.5544433704481097
7.667,-0.6622727855845587
7.668,-0.6523001334499037
7.6690000000000005,-0.6528653539406352
7.67,-0.8004123632362697
7.671,-0.788897305270387
7.672000000000001,-0.8267351609312981
7.673,-0.9246469770577974
7.674,-0.8965224193087704
7.675,-0.9530907839336893
7.676,-0.8780681432918477
7.6770000000000005,-0.8660327051033808
7.678,-0.8102756433228331
7.679,-0.7721598490665843
7.68,-0.6834485338681195
7.681,-0.567713741276704
7.682,-0.5173693933617047
7.683,-0.5146673684268108
7.684,-0.363036121953021
7.6850000000000005,-0.30153096786916306
7.686,-0.11012126503339403
7.687,0.007721386870231325
7.688,0.10045918251986649
7.689,0.15208554793925555
7.69,0.3049393618573378
7.691,0.36615550154493615
7.692,0.4244016749830928
7.6930000000000005,0.6033870787512239
7.694,0.6843267678139142
7.695,0.759101989430067
7.696,0.7396317200117464
7.697,0.8767684122204635
7.698,0.8295776904056593
7.699,0.9115958710395474
7.7,0.8659115914662087
7.7010000000000005,0.8804992129549096
7.702,0.7585870409337927
7.703,0.8403757240147995
7.704,0.8240675444986394
7.705,0.7517691243394439
7.706,0.8022124964592154
7.707,0.5885864710581301
7.708,0.5419499684063523
7.7090000000000005,0.4404767383519619
7.71,0.36646192765378194
7.711,0.3497492329462081
7.712,0.2715376489586496
7.713,0.0593714211950287
7.714,-0.046222583744326154
7.715,-0.1722291633392068
7.716,-0.15173839128829109
7.7170000000000005,-0.2606468608997394
7.718,-0.417232611456048
7.719,-0.5712558165750669
7.72,-0.6493504878320436
7.721,-0.6499661744836693
7.722,-0.696401397537293
7.723,-0.8825391331977583
7.724,-0.8398948738108966
7.7250000000000005,-0.7761356333916668
7.726,-0.8893172777385795
7.727,-0.8132316977682715
7.728,-0.8522907399951847
7.729,-0.9237902240722494
7.73,-0.8570609779315184
7.731,-0.810110584327443
7.732,-0.8014863193723064
7.7330000000000005,-0.7421668412427231
7.734,-0.5486096667231046
7.735,-0.5945180129535005
7.736,-0.40594034853862326
7.737,-0.3895946887903477
7.738,-0.2719291534413811
7.739,-0.14174119880142977
7.74,-0.09664851366418295
7.7410000000000005,0.06566401911379452
7.742,0.03837922986827977
7.743,0.26413479554536257
7.744,0.2167906430034211
7.745,0.4222109586687681
7.746,0.563585222474538
7.747,0.6320899429591923
7.748,0.6078377889791826
7.7490000000000006,0.6767531155613071
7.75,0.7531181981629211
7.751,0.8382985216582916
7.752,0.7573807737207919
7.753,0.8764510893208572
7.7540000000000004,0.8987186643296999
7.755,0.862852237234119
7.756,0.8850388238548358
7.757000000000001,0.839895862839492
7.758,0.7601514546976554
7.759,0.638113438910723
7.76,0.6791722650842719
7.761,0.553181327036278
7.7620000000000005,0.49199813984909957
7.763,0.4578036281518934
7.764,0.4117015638795522
7.765000000000001,0.24125950896963322
7.766,0.16988203559119036
7.767,-0.03294663575874448
7.768,-0.05184623879527099
7.769,-0.16959002254940322
7.7700000000000005,-0.20526586996660157
7.771,-0.39016341893496964
7.772,-0.4665887072346397
7.773000000000001,-0.48662801836529906
7.774,-0.6217578735392432
7.775,-0.7416447027924612
7.776,-0.6181781063222342
7.777,-0.8489401321612922
7.7780000000000005,-0.8365151434020824
7.779,-0.8427113054911773
7.78,-0.8615621680432858
7.781000000000001,-0.8872589169758611
7.782,-0.8777358667666517
7.783,-0.8590009224431686
7.784,-0.8701357669517398
7.785,-0.6626998088649938
7.7860000000000005,-0.7264820442647916
7.787,-0.6210666721269839
7.788,-0.594129898149314
7.789000000000001,-0.5136900658440402
7.79,-0.43047546059051645
7.791,-0.3913632248988894
7.792,-0.22378187591275672
7.793,-0.13504784208492462
7.7940000000000005,0.046470966566414626
7.795,0.030775744958715767
7.796,0.16317706655675002
7.797000000000001,0.2458460085804634
7.798,0.45757803051089196
7.799,0.4313107885049041
7.8,0.5856428297977685
7.801,0.6810614443667228
7.8020000000000005,0.6915205686119572
7.803,0.6865973168765692
7.804,0.7334027246212139
7.805000000000001,0.8797003955926066
7.806,0.7972342091335416
7.807,0.8915470559520003
7.808,0.8773190269979407
7.809,0.8780978671306898
7.8100000000000005,0.8586194311950087
7.811,0.7526534953733051
7.812,0.7038524161218415
7.813,0.7313104819759683
7.814,0.5974667749195747
7.815,0.4161536525709232
7.816,0.5032244834095428
7.817,0.32964360284534205
7.8180000000000005,0.31026197521563537
7.819,0.2580790780793297
7.82,0.08825236344671497
7.821,0.03501607336277448
7.822,-0.1090222267787597
7.823,-0.13762868182562882
7.824,-0.3673597603689335
7.825,-0.4075461098008026
7.8260000000000005,-0.460706270319475
7.827,-0.5842617546020874
7.828,-0.5895496232817777
7.829,-0.7322294792170022
7.83,-0.6608021701383312
7.831,-0.7012449480723474
7.832,-0.82518664493204
7.833,-0.832011337427272
7.8340000000000005,-0.8085490001983777
7.835,-0.9240115580026251
7.836,-0.9148517617499295
7.837,-0.7593291609480679
7.838,-0.7700258514290838
7.839,-0.7458370265927746
7.84,-0.6746364206252993
7.841,-0.7258918593827001
7.8420000000000005,-0.5391811695590308
7.843,-0.48309891331619764
7.844,-0.309230735366844
7.845,-0.21021238920080404
7.846,-0.13241550268919763
7.847,-0.04058055608228539
7.848,-0.03353510524601264
7.849,0.17193758179952393
7.8500000000000005,0.2729428090163142
7.851,0.39942936685613506
7.852,0.5340884785825526
7.853,0.42861692459117606
7.854,0.5717765243890505
7.855,0.6238591337265923
7.856,0.7302281419134309
7.857,0.7729293692913073
7.8580000000000005,0.800543656883604
7.859,0.892401632149504
7.86,0.8031175482355183
7.861,0.8114604247569599
7.862,0.8057263820162562
7.863,0.8205310209165825
7.864,0.7471747480066679
7.865,0.7650973084473776
7.8660000000000005,0.7076087649105975
7.867,0.6150670842919743
7.868,0.627594763617066
7.869,0.502424617823549
7.87,0.47309048869489034
7.871,0.31901023710299703
7.872,0.2318634070501329
7.873,0.10607137544643133
7.8740000000000006,0.03318673591167649
7.875,-0.03194091705427762
7.876,-0.18823697867041422
7.877,-0.23951382989827222
7.878,-0.40013547780490627
7.8790000000000004,-0.4106135903168435
7.88,-0.5604078494622653
7.881,-0.5643139061729311
7.882000000000001,-0.670935730405202
7.883,-0.6557034822250205
7.884,-0.8371086355107396
7.885,-0.8901029013626632
7.886,-0.8727244251967722
7.8870000000000005,-0.9251458265466622
7.888,-0.9272478001976686
7.889,-0.8173980392921125
7.890000000000001,-0.8273555917600551
7.891,-0.8184072896907245
7.892,-0.7701093988716969
7.893,-0.7266291579702602
7.894,-0.5506715254649434
7.8950000000000005,-0.5976852129986919
7.896,-0.5470339430148934
7.897,-0.3545453286428657
7.898000000000001,-0.31315593820577164
7.899,-0.10431980038434865
7.9,-0.13365587328849496
7.901,0.03530489446590583
7.902,0.14752111713831476
7.9030000000000005,0.16642005013814265
7.904,0.25172107513850844
7.905,0.4182927794445396
7.906000000000001,0.49703186223332996
7.907,0.4783269821570636
7.908,0.5654052800798129
7.909,0.5593716880838762
7.91,0.7708414394584092
7.9110000000000005,0.7726198242446671
7.912,0.8113918125673996
7.913,0.757403077743777
7.914000000000001,0.7979287991494679
7.915,0.828032466398142
7.916,0.80566588350252
7.917,0.8209602816347603
7.918,0.8088014394055009
7.9190000000000005,0.8469347709155385
7.92,0.676187037093507
7.921,0.6673793562480642
7.922000000000001,0.4961275165676329
7.923,0.37251486514139986
7.924,0.3510270394632255
7.925,0.19609049160380687
7.926,0.18027885684468756
7.9270000000000005,0.04165630931105596
7.928,-0.11697150145322788
7.929,-0.032086158638894094
7.930000000000001,-0.24371411060880238
7.931,-0.39363506342997195
7.932,-0.3574257326603464
7.933,-0.523760453693909
7.934,-0.511062594149141
7.9350000000000005,-0.672651685577471
7.936,-0.7246404060782625
7.937,-0.732324228583247
7.938,-0.7615194391108053
7.939,-0.7834457466003951
7.94,-0.8457029339405489
7.941,-0.8225254534834743
7.942,-0.8077079010352327
7.9430000000000005,-0.8193461519964127
7.944,-0.8094651909754486
7.945,-0.8365047250427367
7.946,-0.6856687769685734
7.947,-0.6550607346824785
7.948,-0.6103566400691192
7.949,-0.45019274308568763
7.95,-0.5028223306665623
7.9510000000000005,-0.2606652160962756
7.952,-0.25072733744978815
7.953,-0.13708227006289023
7.954,-0.07398672181560013
7.955,-0.03815825087870741
7.956,0.1369799733789271
7.957,0.2574366062023217
7.958,0.36789050656884803
7.9590000000000005,0.41291245911878705
7.96,0.3960556317836221
7.961,0.5044616796569746
7.962,0.751958539638307
7.963,0.6535627392552474
7.964,0.828585844914101
7.965,0.7491126904929988
7.966,0.8142901685321785
7.9670000000000005,0.8709057579402933
7.968,0.8032854321266182
7.969,0.9169139084371495
7.97,0.8225570380983688
7.971,0.8120004468200451
7.972,0.7349004033238037
7.973,0.7302405391090511
7.974,0.7156759621559075
7.9750000000000005,0.5608509082233121
7.976,0.5767861739344394
7.977,0.37587893523110705
7.978,0.355253289207678
7.979,0.24776052685419409
7.98,0.07309280558490226
7.981,0.03872584191073462
7.982,-0.07042805223707253
7.9830000000000005,-0.21127013057147062
7.984,-0.24615895345763514
7.985,-0.34851262565917296
7.986,-0.4462803397646807
7.987,-0.5267646970539698
7.988,-0.6012723274209427
7.989,-0.680334566003759
7.99,-0.7109823258277128
7.9910000000000005,-0.796272325592221
7.992,-0.6667854374200465
7.993,-0.894602915623536
7.994,-0.8665111669183996
7.995,-0.8641509933655394
7.996,-0.7268630933025464
7.997,-0.8734951154082551
7.998,-0.7536694488482273
7.9990000000000006,-0.7193526493987799
8.0,-0.6618285974293083
8.001,-0.5540960325487839
8.002,-0.48406120930539104
8.003,-0.4888582428549616
8.004,-0.3716714542497666
8.005,-0.384417237381885
8.006,-0.1921203629137081
8.007,-0.13995992049946498
8.008000000000001,-0.011423420894594706
8.009,0.011771050635190877
8.01,0.21306194107975557
8.011000000000001,0.2020696499658603
8.012,0.38439725265570257
8.013,0.40050758292602734
8.014,0.4977979712705284
8.015,0.6689822870040529
8.016,0.7031505112267281
8.017,0.7844087488984176
8.018,0.848084526401177
8.019,0.7639707487508486
8.02,0.89899692316046
8.021,0.7608389846217787
8.022,0.8699814835703749
8.023,0.7950927053085668
8.024000000000001,0.749031531357649
8.025,0.7910993587682909
8.026,0.7619846291164484
8.027000000000001,0.7050271145411533
8.028,0.6054676989785432
8.029,0.5286115182868628
8.03,0.46847973168503776
8.031,0.37138539128580983
8.032,0.2924511454432713
8.033,0.1811489234991107
8.034,0.11633660817344407
8.035,-0.10489680110231701
8.036,-0.12746838836421479
8.037,-0.2857576063874281
8.038,-0.29536490558041306
8.039,-0.3154365437525212
8.040000000000001,-0.5040526634388096
8.041,-0.5501441046536407
8.042,-0.5871364029037913
8.043000000000001,-0.7881561632054164
8.044,-0.7612191346888252
8.045,-0.7570756512897908
8.046,-0.9496334397431518
8.047,-0.8719988814764984
8.048,-0.7751341366457366
8.049,-0.775597601001202
8.05,-0.7912196532540854
8.051,-0.7388542788885382
8.052,-0.734454549874309
8.053,-0.6694276496258694
8.054,-0.6553759755961763
8.055,-0.5674049985457041
8.056000000000001,-0.5305420245452758
8.057,-0.3546299984609541
8.058,-0.2548808690778645
8.059000000000001,-0.17059158275671085
8.06,-0.16535634724571827
8.061,-0.09604467333334252
8.062,0.11271374683345425
8.063,0.17256695751243328
8.064,0.2562626609288756
8.065,0.29926756101824376
8.066,0.43874719209448626
8.067,0.44392324621111545
8.068,0.6037112700545245
8.069,0.7068565119881709
8.07,0.7765462404551889
8.071,0.7778964612660833
8.072000000000001,0.7105894878067521
8.073,0.8160125595175173
8.074,0.9284606009856661
8.075,0.7820446866144009
8.076,0.8151328609775327
8.077,0.8701093213984935
8.078,0.8006174292165552
8.079,0.8534963460728463
8.08,0.6425326878471549
8.081,0.5700336719045906
8.082,0.6125570655201225
8.083,0.41581363282973116
8.084,0.3835007857594762
8.085,0.3024002608552873
8.086,0.2656479852646795
8.087,0.14981817709137069
8.088000000000001,0.04561203964080446
8.089,-0.09398204160255205
8.09,-0.10867074040267652
8.091,-0.061314337183841966
8.092,-0.31756649653236013
8.093,-0.43177981849502817
8.094,-0.5802324354230104
8.095,-0.6186515067034497
8.096,-0.6607814991515525
8.097,-0.7311554279678251
8.098,-0.7498243744265256
8.099,-0.6943696623477196
8.1,-0.7443491777979571
8.101,-0.8269547168672908
8.102,-0.8804361594591034
8.103,-0.7428572169115737
8.104000000000001,-0.7907228059640061
8.105,-0.8422811449347947
8.106,-0.6776122427605484
8.107,-0.6094119950291357
8.108,-0.720367713198969
8.109,-0.5704427661595409
8.11,-0.4576137961648842
8.111,-0.3320412511658786
8.112,-0.30618081921547047
8.113,-0.22979874758101676
8.114,-0.0570755683425205
8.115,-0.020844191114556734
8.116,0.12560484658788465
8.117,0.1374582379985762
8.118,0.21724832139162456
8.119,0.4104935351762133
8.120000000000001,0.4680456457305973
8.121,0.5779186527398645
8.122,0.5741787665841284
8.123,0.6217536885640869
8.124,0.7811000650912612
8.125,0.678619055385024
8.126,0.8486198089550915
8.127,0.8725018344853482
8.128,0.8587838467481254
8.129,0.77944113330171
8.13,0.759838400063626
8.131,0.7659620671070305
8.132,0.6768185789149895
8.133000000000001,0.6483825732675613
8.134,0.674017804237971
8.135,0.6107374218848167
8.136000000000001,0.4543344620569393
8.137,0.46220537188652355
8.138,0.3668273202658176
8.139,0.3306106447560465
8.14,0.19109754489440184
8.141,0.12089075449535147
8.142,-0.003760635563933464
8.143,-0.07377343595202965
8.144,-0.2805486038494166
8.145,-0.31268305673945396
8.146,-0.3946832209460144
8.147,-0.4856092367775658
8.148,-0.525354362910247
8.149000000000001,-0.5823767697950698
8.15,-0.6525357929405511
8.151,-0.7297577929385795
8.152000000000001,-0.79649975837319
8.153,-0.7331665395182625
8.154,-0.7879757984940856
8.155,-0.8627179132398076
8.156,-0.8166020327979718
8.157,-0.8780905641989298
8.158,-0.7622676083270614
8.159,-0.7365436157635776
8.16,-0.7079345581902063
8.161,-0.5432237696678573
8.162,-0.614946439030672
8.163,-0.4488504829137469
8.164,-0.29522175757510255
8.165000000000001,-0.26553681597764534
8.166,-0.23145254901905102
8.167,-0.19392285715828078
8.168000000000001,-0.1108134836057094
8.169,0.03177023122453396
8.17,0.11229436175559065
8.171,0.202902328901151
8.172,0.31146723650552754
8.173,0.4070174849287898
8.174,0.5150201284390025
8.175,0.5007005466815833
8.176,0.5925226900991423
8.177,0.6740298145890734
8.178,0.7181918781872245
8.179,0.8556846543473626
8.18,0.800827066194997
8.181000000000001,0.7229953736339534
8.182,0.8279581391064786
8.183,0.8265786797501813
8.184000000000001,0.7742692978192087
8.185,0.690333249430687
8.186,0.7990419083841938
8.187,0.6079937004495779
8.188,0.6357764872677156
8.189,0.5457054192668678
8.19,0.491351126724605
8.191,0.465932589956384
8.192,0.3227376346007016
8.193,0.17676229626490172
8.194,0.16725068244744634
8.195,-0.013852809624143255
8.196,-0.06857331668288075
8.197000000000001,-0.23476098643349103
8.198,-0.31274208067726406
8.199,-0.3458423518141689
8.2,-0.4125009721311989
8.201,-0.59254315268689
8.202,-0.5520498496702164
8.203,-0.6793934661205432
8.204,-0.627117994345521
8.205,-0.7518310026942543
8.206,-0.8234036830104662
8.207,-0.7858309771116392
8.208,-0.8469360867063065
8.209,-0.7381306948252653
8.21,-0.7909539264306907
8.211,-0.7770663654875626
8.212,-0.7077951511699268
8.213000000000001,-0.7453827722306586
8.214,-0.7077775508285877
8.215,-0.5622393971745197
8.216,-0.5689703028913832
8.217,-0.49325983273220675
8.218,-0.314683825670954
8.219,-0.24364986761504134
8.22,-0.24229135446417
8.221,-0.11781535265202277
8.222,-0.038145270817567495
8.223,0.1896206248567999
8.224,0.2384394203575091
8.225,0.26172941754707546
8.226,0.39727809098211636
8.227,0.3812398765348717
8.228,0.48977306231262985
8.229000000000001,0.5957575755573344
8.23,0.6720656960208562
8.231,0.6945425111499254
8.232,0.752113993858107
8.233,0.7737130264632532
8.234,0.7810748049898368
8.235,0.7830146652469395
8.236,0.774074215337489
8.237,0.7935852760495147
8.238,0.77835487928438
8.239,0.7331203181660294
8.24,0.6197048849736476
8.241,0.5747834515951853
8.242,0.5821788497951366
8.243,0.5655983430144687
8.244,0.4226617043739305
8.245000000000001,0.3117941319215525
8.246,0.2563835908129273
8.247,0.09777114890156177
8.248,0.12741149612138594
8.249,-0.02216920249583385
8.25,-0.15796151292960064
8.251,-0.2240628600897735
8.252,-0.3302969600751353
8.253,-0.32235633157032983
8.254,-0.4766629210469645
8.255,-0.5309286099825297
8.256,-0.5746995252424837
8.257,-0.6967673973746158
8.258000000000001,-0.6972678110213507
8.259,-0.7306894943962828
8.26,-0.84929466092814
8.261000000000001,-0.7754864080516852
8.262,-0.7960674879552911
8.263,-0.7819934213439811
8.264,-0.770554294885535
8.265,-0.7325803224069048
8.266,-0.6416075852983434
8.267,-0.720634237145861
8.268,-0.6228483138869318
8.269,-0.5081640438297382
8.27,-0.4457646269663313
8.271,-0.3687096490326427
8.272,-0.170502992204428
8.273,-0.18976332138660734
8.274000000000001,-0.07320877659521899
8.275,-0.05264405609240647
8.276,0.006004418332421588
8.277000000000001,0.13206841070970732
8.278,0.2734404223062811
8.279,0.34492511146362426
8.28,0.42697630100155604
8.281,0.47268346740308664
8.282,0.5346009555305036
8.283,0.6065313386792365
8.284,0.7054690422039247
8.285,0.7557536140552387
8.286,0.6980188090218975
8.287,0.8107302834298207
8.288,0.7536975442473326
8.289,0.8124550240090199
8.290000000000001,0.7713071671081327
8.291,0.8403288584148938
8.292,0.7117717555358196
8.293000000000001,0.7021534480520905
8.294,0.6745593452367927
8.295,0.5426774881461447
8.296,0.5168185606497422
8.297,0.43407049822241267
8.298,0.34251000836198386
8.299,0.26197253714427854
8.3,0.2514380047432393
8.301,0.07512542191052493
8.302,0.041178847297174956
8.303,-0.0637448614887724
8.304,-0.2405222351008841
8.305,-0.23352209636392351
8.306000000000001,-0.4153489523602074
8.307,-0.393673818550116
8.308,-0.524949011374031
8.309000000000001,-0.5667632171767267
8.31,-0.6916399066651443
8.311,-0.6718829323530595
8.312,-0.673361956598577
8.313,-0.7918254027976794
8.314,-0.8032295741849889
8.315,-0.7608700985333882
8.316,-0.7595425547397846
8.317,-0.8943527575890663
8.318,-0.6503463251357346
8.319,-0.6928156033651001
8.32,-0.6426215282752417
8.321,-0.6335463169094299
8.322000000000001,-0.6594248310181267
8.323,-0.46542177880486857
8.324,-0.4530647222378671
8.325,-0.3174308257650305
8.326,-0.2706720217598506
8.327,-0.159389415606122
8.328,-0.1192762516353032
8.329,0.05453002948893069
8.33,0.0435341487164393
8.331,0.3054162474643925
8.332,0.39251932340544843
8.333,0.44583546216882297
8.334,0.506496884452101
8.335,0.5108814053205424
8.336,0.6386901124754658
8.337,0.6327793444514105
8.338000000000001,0.6083235571107353
8.339,0.8000929225964643
8.34,0.810296870532561
8.341,0.7708063252992056
8.342,0.7189756151509007
8.343,0.7480263471008795
8.344,0.6726651378115569
8.345,0.7868391672640683
8.346,0.6250962425313467
8.347,0.6755711359637553
8.348,0.5659152864966834
8.349,0.47527389387299784
8.35,0.48952593782535725
8.351,0.3853617686888917
8.352,0.36289359608952865
8.353,0.1721450794675083
8.354000000000001,0.10898963201806683
8.355,-0.06318410998244874
8.356,-0.14441340213703946
8.357,-0.03615690858386786
8.358,-0.11098090644968228
8.359,-0.29661507550718264
8.36,-0.42434404398034276
8.361,-0.47465955415665273
8.362,-0.48627258394101563
8.363,-0.618549283595874
8.364,-0.6356272366456777
8.365,-0.693875999428512
8.366,-0.7578315792620902
8.367,-0.7817824159363546
8.368,-0.7564623041385051
8.369,-0.824990602728253
8.370000000000001,-0.7478751443457688
8.371,-0.777736407355085
8.372,-0.721094610094111
8.373,-0.6215524172220231
8.374,-0.6529401141451402
8.375,-0.5434538613855654
8.376,-0.6158560590781518
8.377,-0.4793542420010323
8.378,-0.37777852880399043
8.379,-0.20112816713953066
8.38,-0.30935977596376996
8.381,-0.12736227894317123
8.382,0.0407453080862652
8.383000000000001,0.01952690659900208
8.384,0.13815455069067187
8.385,0.25331282483587814
8.386000000000001,0.3305801480748734
8.387,0.47980620130717716
8.388,0.498535147652211
8.389,0.6104986567841265
8.39,0.586578232821493
8.391,0.619660614734976
8.392,0.6884336775926504
8.393,0.6751328896661047
8.394,0.7805111195407549
8.395,0.7498521514981784
8.396,0.7377579371246817
8.397,0.7878465365745274
8.398,0.6867797079093403
8.399000000000001,0.7532937779630986
8.4,0.65181308316965
8.401,0.6853465142381866
8.402000000000001,0.5507873262157594
8.403,0.5372119799398667
8.404,0.44284344767275796
8.405,0.3933579077373279
8.406,0.2790800397717171
8.407,0.10409563917615475
8.408,0.14884251444514351
8.409,0.003836704606225685
8.41,-0.04256080028453466
8.411,-0.136612838867609
8.412,-0.29648192203897783
8.413,-0.38665800982407594
8.414,-0.3865166678093171
8.415000000000001,-0.5069996937121988
8.416,-0.5107574266470153
8.417,-0.6245159292124741
8.418000000000001,-0.6139509791295368
8.419,-0.6842813525224595
8.42,-0.7216303763883607
8.421,-0.7751521412179027
8.422,-0.7548152741865571
8.423,-0.7062084348967582
8.424,-0.757418113368996
8.425,-0.7066048084037554
8.426,-0.6992030177472913
8.427,-0.6539900906523735
8.428,-0.5236642537770689
8.429,-0.49097647010975853
8.43,-0.4807484202843897
8.431000000000001,-0.40099684049476086
8.432,-0.3681684930689427
8.433,-0.25852006000406286
8.434000000000001,-0.14778819758714273
8.435,-0.03189962710121631
8.436,0.05284735088445117
8.437,0.049490127777382875
8.438,0.24188444775723628
8.439,0.2739805933283557
8.44,0.3105793995484404
8.441,0.5032615131952277
8.442,0.5800704028044681
8.443,0.5835399333935863
8.444,0.6613485983706671
8.445,0.7111853020318959
8.446,0.7802099550388195
8.447000000000001,0.7746232762319168
8.448,0.6894448111952424
8.449,0.8635013673726711
8.45,0.8129533265533678
8.451,0.7203819934002286
8.452,0.6702877110093307
8.453,0.7129798577625894
8.454,0.6303291916616969
8.455,0.6083814002336784
8.456,0.5685534350068834
8.457,0.4352619596569311
8.458,0.3336168920236253
8.459,0.3292138307110478
8.46,0.19951476641829685
8.461,0.14666707942611265
8.462,-0.01651075890134763
8.463000000000001,-0.05132141346450052
8.464,-0.09176129015835027
8.465,-0.18421368113313705
8.466,-0.3379357515000385
8.467,-0.4367878311515474
8.468,-0.4521932004140197
8.469,-0.4932601693770751
8.47,-0.5621677280157138
8.471,-0.6610938781229685
8.472,-0.6648706697823697
8.473,-0.6395300073667174
8.474,-0.7294093079573103
8.475,-0.8361347954989254
8.476,-0.7487204299988809
8.477,-0.6506215061676044
8.478,-0.8007516179899429
8.479000000000001,-0.7083133509387785
8.48,-0.6847593856246279
8.481,-0.6230223583234682
8.482,-0.5638415690393964
8.483,-0.454408738970862
8.484,-0.43799692375430105
8.485,-0.3031340260537242
8.486,-0.2926126989537775
8.487,-0.22005037513930256
8.488,-0.14905929409231944
8.489,-0.11795389415731432
8.49,0.07552657503821564
8.491,0.2523861193010108
8.492,0.2584459037586709
8.493,0.35243628702130214
8.494,0.37559200758506156
8.495000000000001,0.4566759401069399
8.496,0.5842788342981777
8.497,0.6942314007734641
8.498,0.7187330369606508
8.499,0.7262324495942173
8.5,0.7198877262268076
8.501,0.7508621288610159
8.502,0.7147302789304666
8.503,0.6816486525382599
8.504,0.6889720074704224
8.505,0.7287852667075503
8.506,0.6826739203918034
8.507,0.5851789543887941
8.508000000000001,0.6090981142961782
8.509,0.5389529869021623
8.51,0.43251606575327284
8.511000000000001,0.40218897063204007
8.512,0.3284193267668888
8.513,0.23268719800920643
8.514,0.22530563177631455
8.515,-0.0031517797063107394
8.516,-0.09550721677539628
8.517,-0.08427865357351254
8.518,-0.1666610407841257
8.519,-0.23588062611767505
8.52,-0.36409790719440505
8.521,-0.45942113199653684
8.522,-0.4845333331865622
8.523,-0.5701843876738809
8.524000000000001,-0.5269065704820007
8.525,-0.6686691202951237
8.526,-0.6940993806906369
8.527000000000001,-0.5971026855930557
8.528,-0.7500944032424856
8.529,-0.7218162569891128
8.53,-0.7162377662778311
8.531,-0.7005928275258403
8.532,-0.7011401180910868
8.533,-0.6745172556980464
8.534,-0.6383677433843796
8.535,-0.6225064501497667
8.536,-0.5195888449314765
8.537,-0.36922712165018884
8.538,-0.338458589582293
8.539,-0.3066594437383608
8.540000000000001,-0.19752165278531505
8.541,-0.1989509037311181
8.542,-0.0815886098396391
8.543000000000001,0.06666733626805613
8.544,0.1811684334838446
8.545,0.15429270274121634
8.546,0.25198787993910615
8.547,0.4647250019826075
8.548,0.4350215654177673
8.549,0.5899665251159749
8.55,0.5708257387421941
8.551,0.6267233444308279
8.552,0.644577984921021
8.553,0.7433023604379106
8.554,0.7907725043598829
8.555,0.6878653014108941
8.556000000000001,0.7285209510666174
8.557,0.7881360359452707
8.558,0.7219100508753195
8.559000000000001,0.6796875581008911
8.56,0.7211027760905042
8.561,0.6828357610351575
8.562,0.5535832032340502
8.563,0.5271655937690823
8.564,0.3895091099976319
8.565,0.3323693678219846
8.566,0.30539332284062204
8.567,0.21870507472856185
8.568,0.0837815346997873
8.569,0.009531399849137485
8.57,-0.09530586181057826
8.571,-0.10606792461226484
8.572000000000001,-0.312157729598774
8.573,-0.3463265942402402
8.574,-0.46675503141741004
8.575000000000001,-0.4253337114065259
8.576,-0.602914992360486
8.577,-0.570588097840449
8.578,-0.5416813845706379
8.579,-0.5828492515957459
8.58,-0.7904727166216281
8.581,-0.70924613073126
8.582,-0.7876106650932997
8.583,-0.8016318562792647
8.584,-0.7412306797335798
8.585,-0.657586700915754
8.586,-0.6625568460498835
8.587,-0.6922987914505186
8.588000000000001,-0.5762557155980084
8.589,-0.6702468770897478
8.59,-0.5345915338565198
8.591,-0.4701961556690985
8.592,-0.3512569858150806
8.593,-0.286620275650378
8.594,-0.2010796627979631
8.595,-0.11762928488054109
8.596,-0.021194630838789676
8.597,0.09154116093299013
8.598,0.157924594925723
8.599,0.22005351648005775
8.6,0.3349066165344405
8.601,0.4322994026538509
8.602,0.4339435464979486
8.603,0.5231307737709363
8.604000000000001,0.6412722032219824
8.605,0.577050881717369
8.606,0.7626998241827445
8.607,0.6364949295838296
8.608,0.7074612619432368
8.609,0.6884964024887873
8.61,0.8465269949205634
8.611,0.7029249758541433
8.612,0.683978213226318
8.613,0.6616437413846162
8.614,0.6467570305353599
8.615,0.578515952666009
8.616,0.5330725025281636
8.617,0.3006175378527239
8.618,0.4107462951638649
8.619,0.3339946112077161
8.620000000000001,0.30568776336815506
8.621,0.23640228386201667
8.622,0.07643173072342828
8.623,0.04034911684290303
8.624,-0.14177764352391908
8.625,-0.13333746574236918
8.626,-0.28293085433782506
8.627,-0.3926037338158963
8.628,-0.417080907634485
8.629,-0.4065570619449022
8.63,-0.5297103659092092
8.631,-0.5186624699007377
8.632,-0.6774446712819605
8.633000000000001,-0.6252936447434334
8.634,-0.7386136362350506
8.635,-0.7133134096977791
8.636000000000001,-0.7223227043770982
8.637,-0.6985480065459992
8.638,-0.7074654523536933
8.639,-0.7354201786266467
8.64,-0.6232837988523955
8.641,-0.5403678891258034
8.642,-0.6071659604382496
8.643,-0.6128147760743075
8.644,-0.43200498915741165
8.645,-0.4031746695418199
8.646,-0.3175149483047813
8.647,-0.2032398004677871
8.648,-0.17080539957642663
8.649000000000001,-0.07636014234193686
8.65,0.017976405105187946
8.651,0.1820170860078647
8.652000000000001,0.19404771682275251
8.653,0.2120856186413796
8.654,0.2915905912446539
8.655,0.4309843232191061
8.656,0.4343134542561886
8.657,0.4726374764673772
8.658,0.6348791242929942
8.659,0.6813402773444353
8.66,0.6637816372655712
8.661,0.722524828813755
8.662,0.7331319256078643
8.663,0.7597464887901965
8.664,0.7557012444837773
8.665000000000001,0.581012704496237
8.666,0.675315163231561
8.667,0.6798073578421187
8.668000000000001,0.5909602450133007
8.669,0.5624517488431333
8.67,0.5396272317526836
8.671,0.4406916102638195
8.672,0.44060211415763073
8.673,0.3451113409183036
8.674,0.20244079299942236
8.675,0.11523474699933547
8.676,-0.10230134450013735
8.677,-0.061551205474009815
8.678,-0.1976711102427811
8.679,-0.20189980938473714
8.68,-0.2853005516979583
8.681000000000001,-0.3340618461679104
8.682,-0.3698145736487968
8.683,-0.5056641044983382
8.684000000000001,-0.44805196299868727
8.685,-0.6003991075632793
8.686,-0.7190228008477058
8.687,-0.7140788229443477
8.688,-0.7276049955083796
8.689,-0.6925699096884002
8.69,-0.7727855525862947
8.691,-0.7335662468882876
8.692,-0.7100588029518471
8.693,-0.6980809576404943
8.694,-0.599468153624861
8.695,-0.563527937744153
8.696,-0.48462825186796105
8.697000000000001,-0.49940711078967004
8.698,-0.35599707006213516
8.699,-0.41188204282417984
8.700000000000001,-0.33595239435457713
8.701,-0.24643209534080227
8.702,-0.101963454444507
8.703,0.04238991966425788
8.704,0.03706781860719438
8.705,0.12728240319110556
8.706,0.22213970538862268
8.707,0.34015974898286594
8.708,0.36188707961624295
8.709,0.42799793213626447
8.71,0.4500022371387969
8.711,0.5441315161659586
8.712,0.6791171881526441
8.713000000000001,0.6637459887487206
8.714,0.6520581482053911
8.715,0.7711971355429631
8.716,0.6906797929157402
8.717,0.7915589016435268
8.718,0.7814278627818365
8.719,0.6949327964024719
8.72,0.5885553984561265
8.721,0.7401735009423245
8.722,0.5986675538768204
8.723,0.5087476017781333
8.724,0.5111722751766155
8.725,0.43054261646342556
8.726,0.38761296669716083
8.727,0.21117787945963268
8.728,0.17911284381063486
8.729000000000001,0.020573818777551336
8.73,0.02879610552444706
8.731,-0.089958068435496
8.732,-0.15779073994813578
8.733,-0.2597851406201504
8.734,-0.342129050437229
8.735,-0.4455269995763649
8.736,-0.42955554574459925
8.737,-0.4550584299631579
8.738,-0.6105176907889183
8.739,-0.6000924081247386
8.74,-0.6425717490025243
8.741,-0.6910155285973872
8.742,-0.7854460015450798
8.743,-0.7821082296708685
8.744,-0.7541009860334611
8.745000000000001,-0.8101684311036635
8.746,-0.611293029131605
8.747,-0.632396643164777
8.748,-0.6124080851602118
8.749,-0.6721444943922362
8.75,-0.5978124635560614
8.751,-0.4437612359015431
8.752,-0.2760550655154723
8.753,-0.3353120375796426
8.754,-0.1788801673743317
8.755,-0.1647267470257276
8.756,-0.05472518318567939
8.757,0.08724911694044049
8.758000000000001,0.09281859264747899
8.759,0.15765895862861048
8.76,0.34243204037176006
8.761000000000001,0.3493939634434922
8.762,0.47244663711087864
8.763,0.44860334780344274
8.764,0.611494606724033
8.765,0.6056521801487891
8.766,0.656337587298643
8.767,0.6750402847551903
8.768,0.6678157694547737
8.769,0.7080704686366079
8.77,0.6913209012189822
8.771,0.7568853252920625
8.772,0.6844413326966193
8.773,0.5958849989149134
8.774000000000001,0.553618635727956
8.775,0.5093571642475301
8.776,0.5764999403663752
8.777000000000001,0.4304336278159098
8.778,0.4387168318244999
8.779,0.36043046206246304
8.78,0.27541001604875714
8.781,0.22179935023054007
8.782,0.12630535666633327
8.783,-0.10018318348154581
8.784,-0.06441665373262208
8.785,-0.10981885509914907
8.786,-0.1300566569816965
8.787,-0.20578698070754864
8.788,-0.4322740873781492
8.789,-0.4505585641835347
8.790000000000001,-0.574334278716608
8.791,-0.4761255986021625
8.792,-0.5499330125681017
8.793000000000001,-0.6232022243548702
8.794,-0.6637323746561623
8.795,-0.625032888672827
8.796,-0.6459475535588866
8.797,-0.6513153805955374
8.798,-0.6793086734555056
8.799,-0.7028520261900535
8.8,-0.6208402235725144
8.801,-0.5831232230226758
8.802,-0.5895991205948626
8.803,-0.5457929518561523
8.804,-0.4124674278327837
8.805,-0.3203869921394894
8.806000000000001,-0.3699856892707447
8.807,-0.2700534582621613
8.808,-0.16019691819437554
8.809000000000001,-0.07185534339661905
8.81,-0.03945352300112678
8.811,0.1638399705540064
8.812,0.17277257344050834
8.813,0.2581154518126098
8.814,0.39614320617944454
8.815,0.35811747423631485
8.816,0.44324339635893556
8.817,0.44589341442114205
8.818,0.5537997209616135
8.819,0.5340522164735495
8.82,0.6835640035923782
8.821,0.6959200651570353
8.822000000000001,0.6804986067132942
8.823,0.6991818992115002
8.824,0.7424147983237985
8.825000000000001,0.6379796170982042
8.826,0.6858313521200515
8.827,0.6821455625675992
8.828,0.5206932311435563
8.829,0.5982992950717902
8.83,0.42683764618585274
8.831,0.444133328850794
8.832,0.32513710106448795
8.833,0.3829061490180449
8.834,0.17726281326251767
8.835,0.07317496307728234
8.836,0.08080467096278585
8.837,-0.029083325479482253
8.838000000000001,-0.16601323944371954
8.839,-0.14559084735793265
8.84,-0.3501514928176227
8.841,-0.37759590686490485
8.842,-0.42522909661935426
8.843,-0.4215458057743553
8.844,-0.45568025098649273
8.845,-0.5169113864316666
8.846,-0.6234027878659498
8.847,-0.7722858888873131
8.848,-0.6575705275019734
8.849,-0.6204311863702419
8.85,-0.6395427084104699
8.851,-0.6756865546664602
8.852,-0.7462774644630106
8.853,-0.6915724619839518
8.854000000000001,-0.5379579591190617
8.855,-0.6660900244099043
8.856,-0.6050605679762073
8.857,-0.44542544751788826
8.858,-0.4522280761432486
8.859,-0.4219635185125793
8.86,-0.2137085395158997
8.861,-0.19031663577906932
8.862,-0.15281243836042574
8.863,-0.10955395096896775
8.864,0.13224863851434743
8.865,0.11035282906304772
8.866,0.261566394723011
8.867,0.31382972672730813
8.868,0.3168079032670253
8.869,0.38615317149068373
8.870000000000001,0.5473569899203431
8.871,0.6048324263026728
8.872,0.48717191826371276
8.873,0.6497869909899436
8.874,0.6489208647514283
8.875,0.6269554576611172
8.876,0.7059832000801962
8.877,0.6301317447330894
8.878,0.6693849158952947
8.879,0.6383321536578825
8.88,0.6294697404501195
8.881,0.618076143495874
8.882,0.5295059092310842
8.883000000000001,0.6095946597629709
8.884,0.49895232252756977
8.885,0.500853786686071
8.886000000000001,0.33431765781908546
8.887,0.2413876594791809
8.888,0.27957812012895344
8.889,0.08297465831486626
8.89,0.021674451426954698
8.891,-0.0150847511067414
8.892,-0.1939109777410661
8.893,-0.17554337619049595
8.894,-0.2580805340373302
8.895,-0.29592928859241907
8.896,-0.38205590055923466
8.897,-0.42281284108190786
8.898,-0.5478355577031445
8.899000000000001,-0.632451187759171
8.9,-0.5226772556981875
8.901,-0.7346935002081418
8.902000000000001,-0.7507774420341093
8.903,-0.6629123477751215
8.904,-0.612102703612247
8.905,-0.6764979183497137
8.906,-0.6191796395706421
8.907,-0.7428862392684251
8.908,-0.6331695347822334
8.909,-0.6586156854341869
8.91,-0.47485369102863323
8.911,-0.533128665285362
8.912,-0.4552918763267868
8.913,-0.29596449510093387
8.914,-0.19443400261118632
8.915000000000001,-0.17795172102601717
8.916,-0.06166159055646353
8.917,0.017761899612637917
8.918000000000001,0.061235660770865535
8.919,0.09737944948482397
8.92,0.25833624881099326
8.921,0.33551851965801277
8.922,0.4201026159168582
8.923,0.45633729349711655
8.924,0.4415379483358116
8.925,0.5867913228153184
8.926,0.5968807455136691
8.927,0.6092398147688292
8.928,0.6463244503289663
8.929,0.6450976756400486
8.93,0.7332297864319239
8.931000000000001,0.6175591124967417
8.932,0.6289764315256057
8.933,0.6430458782650358
8.934000000000001,0.7119219358839257
8.935,0.6470076529773617
8.936,0.4671331110160234
8.937,0.564071783818034
8.938,0.5044817862038066
8.939,0.31281684600941356
8.94,0.17485642125613746
8.941,0.22261121004749207
8.942,0.20454902887608173
8.943,0.1481827936881951
8.944,-0.055642293043203596
8.945,-0.00502187482225909
8.946,-0.2832266234303436
8.947000000000001,-0.26703951582729546
8.948,-0.3428444186604669
8.949,-0.333244109809988
8.950000000000001,-0.3894053937870181
8.951,-0.4637787613768002
8.952,-0.6291112207197521
8.953,-0.5607832421404081
8.954,-0.6124489436332945
8.955,-0.7466409270653986
8.956,-0.7824559629317146
8.957,-0.6338626686726613
8.958,-0.6919669174326731
8.959,-0.7350064095098181
8.96,-0.6596991373805262
8.961,-0.6006893006618292
8.962,-0.5841151553945522
8.963000000000001,-0.6106737118171868
8.964,-0.38456883661033536
8.965,-0.3678292207583025
8.966,-0.3682646601036513
8.967,-0.29488824109621986
8.968,-0.18696476969325154
8.969,-0.1834320256287441
8.97,-0.03111149154332308
8.971,-0.03345841542889977
8.972,0.10938525447012723
8.973,0.13272696732328343
8.974,0.21082670239366677
8.975,0.4208833756759105
8.976,0.40872664090781796
8.977,0.47768149041714536
8.978,0.42181957233653405
8.979000000000001,0.5403908486015238
8.98,0.6332722035231104
8.981,0.6514596167005725
8.982,0.5567317602731718
8.983,0.6883008743877049
8.984,0.7004305103016392
8.985,0.7410437206839112
8.986,0.6295178610269033
8.987,0.5264753947496457
8.988,0.5562459036684221
8.989,0.5103946724686486
8.99,0.5534712189605658
8.991,0.3250846194099595
8.992,0.3764582095161104
8.993,0.4026473463240109
8.994,0.25965983256201336
8.995000000000001,0.22851212132737275
8.996,0.023502656071735573
8.997,-0.054033564094777234
8.998,0.01807541024288755
8.999,-0.12780350798084159
9.0,-0.20491318524581342
9.001,-0.3402685279475194
9.002,-0.3496542543681182
9.003,-0.4774031667850616
9.004,-0.42035645810176303
9.005,-0.3962637380797165
9.006,-0.554047835120949
9.007,-0.6475907150616331
9.008000000000001,-0.7716187184641592
9.009,-0.7493478018682479
9.01,-0.5983920931301285
9.011000000000001,-0.7292792164823036
9.012,-0.6887003528009145
9.013,-0.6204953818654009
9.014,-0.5532511774449882
9.015,-0.60281070896766
9.016,-0.5703718444486333
9.017,-0.49629804039429964
9.018,-0.4741311040176872
9.019,-0.40823033025186084
9.02,-0.29052955104854894
9.021,-0.22918259722042633
9.022,-0.05593369402764306
9.023,-0.062429694275728184
9.024000000000001,0.05245734877657704
9.025,0.02064504175250318
9.026,0.1787200062516829
9.027000000000001,0.19243113974497938
9.028,0.32128765582225477
9.029,0.4046880510047482
9.03,0.43636960916955847
9.031,0.6118479608232715
9.032,0.6136861785812638
9.033,0.6444574058234509
9.034,0.6590259156010219
9.035,0.7356225179438258
9.036,0.5933115762295113
9.037,0.7422021094631475
9.038,0.6233622827335112
9.039,0.6346671463759609
9.040000000000001,0.6717787049879713
9.041,0.6773286397704852
9.042,0.5214712329529729
9.043000000000001,0.5090361460209998
9.044,0.4877008722769953
9.045,0.4150321670246913
9.046,0.4027525227695191
9.047,0.462610917638305
9.048,0.23856395324854626
9.049,0.10465231168399003
9.05,-0.001516651667342564
9.051,-0.03189730815048329
9.052,-0.14134178855116028
9.053,-0.14831297250369108
9.054,-0.2240510558642189
9.055,-0.34134028092766716
9.056000000000001,-0.28604720830691877
9.057,-0.48384036972907346
9.058,-0.5086231677986846
9.059000000000001,-0.5193239541909311
9.06,-0.5476891548953372
9.061,-0.5612400435989006
9.062,-0.6278890414581869
9.063,-0.6120013125392784
9.064,-0.7038672773928858
9.065,-0.6215247669219237
9.066,-0.6098092442523466
9.067,-0.5579926290256165
9.068,-0.6869233886968762
9.069,-0.610417861704849
9.07,-0.4776847453439701
9.071,-0.5980595097668485
9.072000000000001,-0.38114538440679857
9.073,-0.28744116143464676
9.074,-0.2992699098280842
9.075000000000001,-0.21828122792721272
9.076,-0.1741173247649039
9.077,-0.0684985712893102
9.078,0.01149169240861133
9.079,0.07998843681666165
9.08,0.15365075913230317
9.081,0.25072971051094056
9.082,0.320195558470576
9.083,0.4934892493089419
9.084,0.4399662053103613
9.085,0.5304133243252289
9.086,0.5307942356000399
9.087,0.5688562235531867
9.088000000000001,0.5435499157364291
9.089,0.5719512768743946
9.09,0.60294331187421
9.091,0.6761018603907992
9.092,0.7151535331909623
9.093,0.5573241769225058
9.094,0.5956071529433866
9.095,0.5225401366495706
9.096,0.5373617869481151
9.097,0.5564815110453352
9.098,0.42555604905291566
9.099,0.3845794939329454
9.1,0.3934627744323783
9.101,0.27294889064716493
9.102,0.13798404378978985
9.103,0.10747403004940141
9.104000000000001,-0.01964959364854533
9.105,-0.035315332671290875
9.106,-0.10783021188396957
9.107,-0.27733871379699937
9.108,-0.2726940036447613
9.109,-0.35589022619880784
9.11,-0.38648356498252434
9.111,-0.4301254950930586
9.112,-0.4992684508145311
9.113,-0.5825148054772067
9.114,-0.5570624461958269
9.115,-0.6754173235418722
9.116,-0.7171039441117713
9.117,-0.8211716554930568
9.118,-0.6661210281984782
9.119,-0.6957623396495196
9.120000000000001,-0.6178458573098844
9.121,-0.7105585299454911
9.122,-0.6101931862255122
9.123,-0.5122059057322121
9.124,-0.5377283494346801
9.125,-0.40960813297051674
9.126,-0.3958509474137902
9.127,-0.30252172202529437
9.128,-0.1998849842865008
9.129,-0.10762855792545586
9.13,-0.07415993861162073
9.131,-0.04194717859807623
9.132,0.05337391638079203
9.133000000000001,0.18456202263527066
9.134,0.1759524806106576
9.135,0.289251795057282
9.136000000000001,0.3458605023572359
9.137,0.4219238678483295
9.138,0.4326509766101554
9.139,0.4398570491572714
9.14,0.6004691720984654
9.141,0.6566793631536633
9.142,0.5445018015893216
9.143,0.6694416958406406
9.144,0.7130573456492493
9.145,0.6875093578238429
9.146,0.6266288400542239
9.147,0.5811141508114335
9.148,0.6045106502573037
9.149000000000001,0.5767572062578585
9.15,0.5252990435847763
9.151,0.4604850849790805
9.152000000000001,0.35789116092595596
9.153,0.37003386596936766
9.154,0.30453429109256175
9.155,0.2192794178165622
9.156,0.1401802088309031
9.157,0.14216046338283328
9.158,-0.05022373840657596
9.159,-0.03184140479757695
9.16,-0.2081681438633758
9.161,-0.1891775009901882
9.162,-0.2527115228933042
9.163,-0.39442384765327204
9.164,-0.3568513533019323
9.165000000000001,-0.4704860151011854
9.166,-0.58500737898041
9.167,-0.5995772432295315
9.168000000000001,-0.5559321279138364
9.169,-0.5896593377641077
9.17,-0.7031815443645615
9.171,-0.6627381996637968
9.172,-0.6420518522021765
9.173,-0.6650704581698833
9.174,-0.5004486569769779
9.175,-0.5767881217299023
9.176,-0.5535941768484653
9.177,-0.4454197091780834
9.178,-0.47073910251978834
9.179,-0.3434071626285023
9.18,-0.41306110837055365
9.181000000000001,-0.2837350030439422
9.182,-0.13640641442426288
9.183,-0.03558428428824398
9.184000000000001,-0.07645162876615023
9.185,-0.005481692447865255
9.186,0.14360789347849529
9.187,0.15868935841930304
9.188,0.2483690705330901
9.189,0.3739356424527294
9.19,0.36664788979913654
9.191,0.35386270758665217
9.192,0.43910295968650026
9.193,0.5497057480923369
9.194,0.49349703569097403
9.195,0.6011665761924596
9.196,0.5672710361832454
9.197000000000001,0.7309350440957686
9.198,0.7603058169467533
9.199,0.5932586620048825
9.200000000000001,0.6442203596806877
9.201,0.5598778141614461
9.202,0.5605768823966539
9.203,0.6264325653779712
9.204,0.4657646873474771
9.205,0.4209141043600681
9.206,0.3282289058562604
9.207,0.36765453605165
9.208,0.0779201619626354
9.209,0.14638745143588697
9.21,0.09138390162827005
9.211,-0.015484834196787586
9.212,-0.015573122360129255
9.213000000000001,-0.07412645487036809
9.214,-0.2784249927877295
9.215,-0.17384783079099206
9.216000000000001,-0.41651472288492347
9.217,-0.3429606171679551
9.218,-0.4562985799412404
9.219,-0.5389551193160758
9.22,-0.5771144416526462
9.221,-0.5935055699909735
9.222,-0.6084188459731189
9.223,-0.6833143006976046
9.224,-0.6586764550119352
9.225,-0.6862623400001256
9.226,-0.7003002023910603
9.227,-0.6634186605372936
9.228,-0.6544814760288284
9.229000000000001,-0.5842006045468353
9.23,-0.5000289688164967
9.231,-0.46690273910359825
9.232,-0.31900686180166915
9.233,-0.46729683450293963
9.234,-0.26746415148201674
9.235,-0.2207839343940745
9.236,-0.10747623727664343
9.237,-0.03757791040377425
9.238,-0.005811664449733197
9.239,0.08684412486302366
9.24,0.11567165703386964
9.241,0.25608371156783677
9.242,0.20084258194187904
9.243,0.3989211750158488
9.244,0.4192229975622808
9.245000000000001,0.4505094788833637
9.246,0.5111472702914995
9.247,0.55549813619975
9.248,0.6612219671673731
9.249,0.7826948170222532
9.25,0.6981049905687366
9.251,0.6161461932250356
9.252,0.6743153601315723
9.253,0.666044867022297
9.254,0.5669586261482388
9.255,0.5225688968424256
9.256,0.5467751216105068
9.257,0.547088106331305
9.258000000000001,0.375908378529108
9.259,0.3639775331722238
9.26,0.3666874598345947
9.261000000000001,0.2735389364080387
9.262,0.2719499066702783
9.263,0.05750788865701807
9.264,0.17088950144801263
9.265,-0.09911652773155756
9.266,-0.1988352562894237
9.267,-0.1741088262672728
9.268,-0.29928152881858994
9.269,-0.31251775146740246
9.27,-0.3779773300043201
9.271,-0.4426038055725473
9.272,-0.527468183087492
9.273,-0.5095340650321761
9.274000000000001,-0.5855108071126842
9.275,-0.5450682435942026
9.276,-0.6315894268395142
9.277000000000001,-0.6845300790809007
9.278,-0.7256320583911047
9.279,-0.6459582135288993
9.28,-0.68813396474452
9.281,-0.6708860940577647
9.282,-0.5474197415058553
9.283,-0.6251825617423131
9.284,-0.4208179082530828
9.285,-0.43181406114567394
9.286,-0.38432270113993877
9.287,-0.37095553571634854
9.288,-0.21371082836707866
9.289,-0.18134192861285667
9.290000000000001,-0.14230038958066962
9.291,-0.023345057349935944
9.292,-0.04238805981500462
9.293000000000001,0.03446522905065291
9.294,0.13306895420454323
9.295,0.27676398154135157
9.296,0.32572991599032297
9.297,0.4404261253595481
9.298,0.3986870894418382
9.299,0.5239749176116136
9.3,0.5332540746014258
9.301,0.5280528751035645
9.302,0.6227827708991619
9.303,0.6201967768400315
9.304,0.6034171674544943
9.305,0.6395913952922043
9.306000000000001,0.6248433717939531
9.307,0.6087628491305928
9.308,0.572452562887038
9.309000000000001,0.49630305527184837
9.31,0.5260284498843896
9.311,0.43571009908650654
9.312,0.37184427589653
9.313,0.35203311603262655
9.314,0.3369822937642451
9.315,0.241661467148187
9.316,0.13474830507969332
9.317,0.05946874755104206
9.318,0.04537440776438763
9.319,-0.1808613582530253
9.32,-0.09489199172232929
9.321,-0.30030786923670366
9.322000000000001,-0.3463457611203214
9.323,-0.36642876711596567
9.324,-0.29262475744613237
9.325000000000001,-0.3721199317064744
9.326,-0.4692169004510508
9.327,-0.5282883216839561
9.328,-0.6732569732897095
9.329,-0.5983204797685434
9.33,-0.6512670111569273
9.331,-0.6736794496318063
9.332,-0.6254173605163451
9.333,-0.6482954021701733
9.334,-0.5642478804446928
9.335,-0.6791124797649244
9.336,-0.5451486472856568
9.337,-0.55188519907827
9.338000000000001,-0.4804578797989401
9.339,-0.39046920240912525
9.34,-0.40171995960703494
9.341000000000001,-0.2730540149378252
9.342,-0.2234430458706768
9.343,-0.1745106074764482
9.344,-0.09174444680388134
9.345,-0.001768284176224713
9.346,0.04162931270243468
9.347,0.15330338063968546
9.348,0.2098280973303621
9.349,0.26084680317439246
9.35,0.43453109473742624
9.351,0.4345075755311348
9.352,0.44758781663356445
9.353,0.5205375785876019
9.354000000000001,0.5013293074663837
9.355,0.5626215566467567
9.356,0.5921750891731915
9.357,0.5611634828997869
9.358,0.6495927474461728
9.359,0.6029748678539855
9.36,0.5998520215184494
9.361,0.5700487968430002
9.362,0.7190557919190441
9.363,0.5027249989650755
9.364,0.3898036372294931
9.365,0.36384050112609
9.366,0.4263036372615671
9.367,0.394332029926618
9.368,0.22810076552908504
9.369,0.25723208017358595
9.370000000000001,0.15882228815609412
9.371,0.0390786096023789
9.372,-0.03829850639076873
9.373,-0.08968201788270377
9.374,-0.12691015513996692
9.375,-0.22059088126889032
9.376,-0.34062439467745526
9.377,-0.3775653781564663
9.378,-0.32675162181619005
9.379,-0.46431946743389163
9.38,-0.47788330613637925
9.381,-0.5316184985967611
9.382,-0.5744910795021697
9.383000000000001,-0.6041491907402078
9.384,-0.5777267562310279
9.385,-0.5910874511372616
9.386000000000001,-0.6096019132216429
9.387,-0.6446773370747791
9.388,-0.5694996670028335
9.389,-0.5628081358145663
9.39,-0.5378500240844759
9.391,-0.34429089329511525
9.392,-0.5044001792699648
9.393,-0.3228682180123054
9.394,-0.35218550201788573
9.395,-0.23651546117961664
9.396,-0.045345692621830774
9.397,-0.1502267043835971
9.398,-0.06525745359593194
9.399000000000001,0.043474941693019485
9.4,0.07476196334549749
9.401,0.23245254204467533
9.402000000000001,0.2300249975308982
9.403,0.3543852320234919
9.404,0.31569640690084894
9.405,0.346991424461175
9.406,0.4750084337232846
9.407,0.450429805841344
9.408,0.6398573026708064
9.409,0.5147528059260342
9.41,0.5584951456638315
9.411,0.6417739526746382
9.412,0.5939210537599384
9.413,0.5408729677752391
9.414,0.7038429996608504
9.415000000000001,0.528524481276478
9.416,0.5375874755485284
9.417,0.4982013129038873
9.418000000000001,0.498440591852982
9.419,0.43394404869400016
9.42,0.31174569099718985
9.421,0.27421013505685754
9.422,0.21259241357118588
9.423,0.1917641755076922
9.424,0.024179527951883606
9.425,0.11067198788316075
9.426,-0.10112593627459746
9.427,-0.13563599067999532
9.428,-0.2633355878342574
9.429,-0.33752134720753474
9.43,-0.3798254676959044
9.431000000000001,-0.4434605059329304
9.432,-0.4690080353627301
9.433,-0.5444014544483902
9.434000000000001,-0.5009832420190307
9.435,-0.6078145348654572
9.436,-0.6384068804402124
9.437,-0.6302195392348116
9.438,-0.569359437434866
9.439,-0.6081504667668846
9.44,-0.6152393163217801
9.441,-0.6648580032561912
9.442,-0.6251210513019652
9.443,-0.5988660555601995
9.444,-0.42920178432541767
9.445,-0.4208139146246629
9.446,-0.4370733689693803
9.447000000000001,-0.36345183235840595
9.448,-0.3131416521537043
9.449,-0.24909247202124352
9.450000000000001,-0.11191133087567594
9.451,-0.07759934510280696
9.452,0.11338120854730417
9.453,0.14422717639603372
9.454,0.2184126879467213
9.455,0.2555976091163119
9.456,0.26689787487103317
9.457,0.37992279424505926
9.458,0.38974227432969216
9.459,0.5402107388363363
9.46,0.524078484797597
9.461,0.5551846275390563
9.462,0.5791331037286856
9.463000000000001,0.6825961425260154
9.464,0.5384780878883955
9.465,0.7082446188923421
9.466000000000001,0.6046875459943919
9.467,0.5328889427653075
9.468,0.5464756386434141
9.469,0.4743910276427074
9.47,0.5547927717150053
9.471,0.42819039340046783
9.472,0.43993220964610735
9.473,0.4336750228639886
9.474,0.2836545600006047
9.475,0.23979269337573436
9.476,0.12050820970121937
9.477,0.09620587368256073
9.478,0.17270747089078045
9.479000000000001,0.010708889426830293
9.48,-0.11319942282950879
9.481,-0.20091416084513306
9.482,-0.2404504899702401
9.483,-0.29649121623908803
9.484,-0.38441779722184216
9.485,-0.39239562366478875
9.486,-0.5162068143375401
9.487,-0.559609395748665
9.488,-0.5292632847329343
9.489,-0.6347211758565323
9.49,-0.5603972828765348
9.491,-0.6098841643864062
9.492,-0.704484095830562
9.493,-0.6030781990050246
9.494,-0.6798871043946577
9.495000000000001,-0.5398320782102033
9.496,-0.5578948369843517
9.497,-0.41635608396382473
9.498,-0.41179509159787947
9.499,-0.46844839783698455
9.5,-0.46079768332569865
9.501,-0.3369262057563737
9.502,-0.29554545058721415
9.503,-0.07530146814391893
9.504,-0.0969417994808483
9.505,0.02170709389454824
9.506,0.03256098404275801
9.507,0.10893001140423676
9.508000000000001,0.18572742400232015
9.509,0.30951895108175115
9.51,0.3330739557253869
9.511000000000001,0.32352307025031174
9.512,0.5111986916319147
9.513,0.46316369648015915
9.514,0.49615266626688953
9.515,0.41140613913648405
9.516,0.6109175690174793
9.517,0.6025682591426637
9.518,0.6125885889896648
9.519,0.58914496084858
9.52,0.573818566320163
9.521,0.5690890664024056
9.522,0.587620567413524
9.523,0.5655405986019238
9.524000000000001,0.4838120266838189
9.525,0.49777610511719445
9.526,0.395156600370816
9.527000000000001,0.31718931897521874
9.528,0.29092005985269836
9.529,0.1477803930859053
9.53,0.15918903192326275
9.531,0.0002418118518626583
9.532,-0.04527454849159472
9.533,-0.16611623451445567
9.534,-0.14430241270325547
9.535,-0.12353152353804325
9.536,-0.27549231094810933
9.537,-0.2993395553657892
9.538,-0.27118701338410695
9.539,-0.4204995241102893
9.540000000000001,-0.5247649992821811
9.541,-0.5569584908692188
9.542,-0.5573605057195646
9.543000000000001,-0.6131536507940226
9.544,-0.6255016824080057
9.545,-0.5561775303707139
9.546,-0.5536251212253941
9.547,-0.678430584903819
9.548,-0.6199332489251446
9.549,-0.5771882542960912
9.55,-0.49136981681580405
9.551,-0.4243332022896284
9.552,-0.2999300192208203
9.553,-0.4058755121240939
9.554,-0.3456891375924537
9.555,-0.23333001482188762
9.556000000000001,-0.2311287448611769
9.557,-0.13563681673693812
9.558,-0.07916739197347483
9.559000000000001,-0.11854906802985606
9.56,0.08944181716590782
9.561,0.14373078763202987
9.562,0.283842607646251
9.563,0.284922578700801
9.564,0.28232636385438975
9.565,0.387791889364733
9.566,0.3462282255056736
9.567,0.4340862761301064
9.568,0.5634196160894702
9.569,0.54894439892014
9.57,0.6293529688655621
9.571,0.49874922136921507
9.572000000000001,0.5905993951738344
9.573,0.5762636854161367
9.574,0.6368772804109062
9.575000000000001,0.6036517229514107
9.576,0.5752044516439068
9.577,0.5857645845648408
9.578,0.44889330802465344
9.579,0.48623027818870396
9.58,0.3136814810920444
9.581,0.25324159361295256
9.582,0.2821047259254981
9.583,0.10306830940737796
9.584,0.13835115553853955
9.585,0.04470230983892001
9.586,0.02263603849859693
9.587,-0.10406561875559449
9.588000000000001,-0.1670046218833649
9.589,-0.2106875724981735
9.59,-0.33234350505335447
9.591000000000001,-0.3934300012162766
9.592,-0.38834492516349134
9.593,-0.4617739001745628
9.594,-0.5225520116086959
9.595,-0.5412613596794489
9.596,-0.48491032346510016
9.597,-0.6065094333642185
9.598,-0.6196151790984462
9.599,-0.6848202618074624
9.6,-0.5967338280599039
9.601,-0.5487444999594427
9.602,-0.5187386728125368
9.603,-0.5263784437911762
9.604000000000001,-0.44791896300338474
9.605,-0.416251483467293
9.606,-0.34804316896705545
9.607,-0.299808377387768
9.608,-0.21106857918147748
9.609,-0.23462897550533124
9.61,-0.22598294510849565
9.611,-0.0577570250643119
9.612,0.017996718937916073
9.613,0.12764143665642114
9.614,0.1826718353067129
9.615,0.283682243729247
9.616,0.2826042337595755
9.617,0.3247587608262094
9.618,0.30143030418143724
9.619,0.43831106369710954
9.620000000000001,0.441655526066343
9.621,0.5197414485858134
9.622,0.5447405058639043
9.623,0.5909641531601152
9.624,0.5800407761205643
9.625,0.6411169840141862
9.626,0.459468734212089
9.627,0.5981744814850879
9.628,0.6337348091732549
9.629,0.6441465206334637
9.63,0.556694136109909
9.631,0.5666347267778021
9.632,0.44649724597863727
9.633000000000001,0.38783288996351034
9.634,0.3584761275101245
9.635,0.2716074122740788
9.636000000000001,0.16868961628153648
9.637,0.11524776396940037
9.638,0.0166884378001126
9.639,0.029033389831622177
9.64,-0.06650420743777653
9.641,-0.1538224624001885
9.642,-0.2309755238541826
9.643,-0.24139992301731952
9.644,-0.2879386533118987
9.645,-0.4392621172664666
9.646,-0.49759599664003296
9.647,-0.4299679497923855
9.648,-0.5843274035079878
9.649000000000001,-0.5189498821271827
9.65,-0.4886874433890923
9.651,-0.5039182420531708
9.652000000000001,-0.5552635499297408
9.653,-0.5558270809674545
9.654,-0.4696314356414063
9.655,-0.681882779728943
9.656,-0.563531524743429
9.657,-0.46560328756745656
9.658,-0.48561501000097096
9.659,-0.3610385942912751
9.66,-0.3734592014713495
9.661,-0.3082683739659452
9.662,-0.26763640027062624
9.663,-0.21560048541518
9.664,-0.1498175672338734
9.665000000000001,-0.04023070424298986
9.666,-0.02313149267609236
9.667,0.13239861419545823
9.668000000000001,0.18534400327935177
9.669,0.27346437813213187
9.67,0.2248182951284023
9.671,0.25515763607458986
9.672,0.3940751909559706
9.673,0.5879189894530161
9.674,0.5488563089710116
9.675,0.49367862227625137
9.676,0.5712782715469985
9.677,0.6074884150628252
9.678,0.5158636358834805
9.679,0.6578775800782939
9.68,0.5780104706962895
9.681000000000001,0.5707501507617756
9.682,0.5574494568192598
9.683,0.5868023785981915
9.684000000000001,0.4578416355628584
9.685,0.36945929078509154
9.686,0.4239095333237484
9.687,0.2529309969971124
9.688,0.282537190295228
9.689,0.2953359554643691
9.69,0.20011917094992634
9.691,0.1561219798755975
9.692,0.06645579537847983
9.693,0.0869292252648293
9.694,-0.1315331686855161
9.695,-0.14931162158378228
9.696,-0.25586014858431194
9.697000000000001,-0.24759739345032727
9.698,-0.3559006719664082
9.699,-0.3193758858963567
9.700000000000001,-0.4787451745421262
9.701,-0.4224803018845022
9.702,-0.49700035786792596
9.703,-0.5548261405977836
9.704,-0.5449888518237598
9.705,-0.5700602938053746
9.706,-0.5682944776274942
9.707,-0.5913230675448491
9.708,-0.602938724898026
9.709,-0.5636693685762132
9.71,-0.6025983240473876
9.711,-0.4407333995200445
9.712,-0.5023371706549568
9.713000000000001,-0.40315318877042156
9.714,-0.30617269830749727
9.715,-0.2382640190403791
9.716000000000001,-0.3067864154221253
9.717,-0.15748610115398345
9.718,-0.06266583655900339
9.719,-0.01465902082706741
9.72,0.11854639998444196
9.721,0.07811814396538985
9.722,0.08295030598049938
9.723,0.28952869496932515
9.724,0.2823084043442387
9.725,0.2770984727285086
9.726,0.4079068004628223
9.727,0.5224130356507486
9.728,0.4364023201012577
9.729000000000001,0.6481410776048848
9.73,0.5138848589482775
9.731,0.5768946422572099
9.732,0.5204522308295715
9.733,0.5843348163533126
9.734,0.5683847617111547
9.735,0.4854901056552777
9.736,0.6784351964057757
9.737,0.4821602955903811
9.738,0.4450112786160576
9.739,0.47453308571104713
9.74,0.46728508965173754
9.741,0.37821442422455265
9.742,0.2027390044805394
9.743,0.21080064542830573
9.744,0.040611333978928466
9.745000000000001,0.1125106853454994
9.746,-0.08248982097751524
9.747,-0.1090076362773941
9.748,-0.13614703237283543
9.749,-0.17897304185510282
9.75,-0.27670495795280575
9.751,-0.24647776333481553
9.752,-0.3405738064953511
9.753,-0.39358672245520837
9.754,-0.5304889670308162
9.755,-0.4207622294957636
9.756,-0.5756079222954597
9.757,-0.4709070666629812
9.758000000000001,-0.4713047006984111
9.759,-0.5535141672842332
9.76,-0.5262916528043543
9.761000000000001,-0.7228170346946796
9.762,-0.5613638052455238
9.763,-0.47185039096310016
9.764,-0.4488235948010034
9.765,-0.5173141240552698
9.766,-0.42601801046399573
9.767,-0.48750220954802326
9.768,-0.28443502327873066
9.769,-0.3394691189486637
9.77,-0.12564008230469506
9.771,-0.057404119340464466
9.772,-0.07305596557251885
9.773,0.04458088223920485
9.774000000000001,0.07523308162221348
9.775,0.16453914496007174
9.776,0.1593069352406512
9.777000000000001,0.30900663370216785
9.778,0.2531781183098429
9.779,0.296450420744947
9.78,0.4291895054270112
9.781,0.4660418100396347
9.782,0.5249490713492007
9.783,0.5065245408872738
9.784,0.6535078994838123
9.785,0.579758752335797
9.786,0.5879904027824787
9.787,0.5828780916693694
9.788,0.611933493312915
9.789,0.5716201075501581
9.790000000000001,0.5384757664430335
9.791,0.5196218228598094
9.792,0.3513972956740934
9.793000000000001,0.30700564983857
9.794,0.3408202885210721
9.795,0.2782853030929083
9.796,0.25675613002818853
9.797,0.16524840079428071
9.798,0.1275849963208106
9.799,-0.030874063041720856
9.8,-0.03662238113938758
9.801,-0.17010301506540604
9.802,-0.14922348818498668
9.803,-0.3256453953289866
9.804,-0.2742591157714668
9.805,-0.42102172940303967
9.806000000000001,-0.41783002605696135
9.807,-0.39947164686981285
9.808,-0.472270090219489
9.809000000000001,-0.5986589241612802
9.81,-0.5755996748234719
9.811,-0.635170229852
9.812,-0.6552311137557066
9.813,-0.5671324575190883
9.814,-0.539622198127822
9.815,-0.5324048579795446
9.816,-0.5034636854728194
9.817,-0.5060027938539314
9.818,-0.4839330358411888
9.819,-0.4823047425830427
9.82,-0.403150891594652
9.821,-0.3944752317805992
9.822000000000001,-0.31342155081220546
9.823,-0.20575804298177353
9.824,-0.1522634213339465
9.825000000000001,0.07268572129540687
9.826,-0.08093515324256122
9.827,0.04716502518619761
9.828,0.04853405541244493
9.829,0.1649536997570726
9.83,0.22904209002366155
9.831,0.3472715046092622
9.832,0.3369450546321202
9.833,0.3992851834680276
9.834,0.43110067488572396
9.835,0.4200710275803738
9.836,0.4882527080160916
9.837,0.5253015000617659
9.838000000000001,0.5641149165027165
9.839,0.5966632739259723
9.84,0.5574342977380649
9.841000000000001,0.5491565646396548
9.842,0.46058431318518
9.843,0.5509416126559782
9.844,0.4592759330377755
9.845,0.4947439801019618
9.846,0.48023644117032993
9.847,0.3563500458652899
9.848,0.26088967534218943
9.849,0.2532501523238247
9.85,0.21007142945456314
9.851,0.11278160187024379
9.852,0.03453150421621381
9.853,0.024248625103839926
9.854000000000001,-0.04562833679941712
9.855,-0.15340099330651666
9.856,-0.28246538858993936
9.857,-0.2378379856838061
9.858,-0.3562989572569879
9.859,-0.3600840237299114
9.86,-0.41097745341761255
9.861,-0.5549267501781878
9.862,-0.49200335504049036
9.863,-0.4990550469149052
9.864,-0.5144013317022722
9.865,-0.554327936520366
9.866,-0.6652638104000057
9.867,-0.5009474068374498
9.868,-0.5348613263971608
9.869,-0.5985361848469173
9.870000000000001,-0.55330105400434
9.871,-0.470819594188927
9.872,-0.41022240415572264
9.873,-0.42433247816386743
9.874,-0.3088856916148822
9.875,-0.38522132856312474
9.876,-0.28907483166738984
9.877,-0.2782968627036856
9.878,-0.15568796295696585
9.879,0.03034791216281353
9.88,0.12418947226957688
9.881,0.09906268493232925
9.882,0.12021375672171115
9.883000000000001,0.2037306570550761
9.884,0.2981692519347968
9.885,0.25223333535714776
9.886000000000001,0.3530592643186406
9.887,0.4994470971674273
9.888,0.41551932475347664
9.889,0.46398974581027097
9.89,0.5288096048042584
9.891,0.5617234215221545
9.892,0.5281753266542769
9.893,0.5674154788365471
9.894,0.5903346181329392
9.895,0.6466625684154245
9.896,0.5233717333110011
9.897,0.5014185222595857
9.898,0.5467251784235456
9.899000000000001,0.4032928463034369
9.9,0.3190101520320775
9.901,0.34692509658197934
9.902000000000001,0.33281720717947033
9.903,0.2378333406824913
9.904,0.15269759281983253
9.905,0.020750193206319337
9.906,0.02461543445756221
9.907,0.02320364364565735
9.908,-0.16559010021073906
9.909,-0.18009207512768016
9.91,-0.24885843539737762
9.911,-0.3228092509927473
9.912,-0.32997369703478846
9.913,-0.3699074718800988
9.914,-0.4147081009402936
9.915000000000001,-0.5234323305793317
9.916,-0.5885744130960266
9.917,-0.5178461340769598
9.918000000000001,-0.5736213207617408
9.919,-0.4662027951737846
9.92,-0.4659873732460007
9.921,-0.4550485683548497
9.922,-0.5883154179297251
9.923,-0.4921110481937636
9.924,-0.4491332514045375
9.925,-0.42008391933425915
9.926,-0.43474261303439826
9.927,-0.3063534869327123
9.928,-0.3184913175532035
9.929,-0.2559436432702042
9.93,-0.2794812205462918
9.931000000000001,-0.10782399447927792
9.932,-0.08865081402574367
9.933,0.013056348372190562
9.934000000000001,0.0671336237945859
9.935,0.12919430458584646
9.936,0.18094772559461791
9.937,0.28309668489500933
9.938,0.2909692614657176
9.939,0.2811286668565847
9.94,0.43040984509532215
9.941,0.4040234861410524
9.942,0.41462678725694335
9.943,0.45944946887388216
9.944,0.5473986815189023
9.945,0.543715635653688
9.946,0.4496480504780092
9.947000000000001,0.5371676061215266
9.948,0.6072100224803582
9.949,0.5110196171068893
9.950000000000001,0.5027966283367676
9.951,0.5336696735534542
9.952,0.48511815069444403
9.953,0.45413029651526
9.954,0.216575337210754
9.955,0.3891625337379795
9.956,0.27744168102628297
9.957,0.30846837702533597
9.958,0.08352050324780139
9.959,-0.029957854391172052
9.96,-0.006622054125498297
9.961,-0.08582559835293906
9.962,-0.10342704997445493
9.963000000000001,-0.1445137210178653
9.964,-0.2620153273202332
9.965,-0.32549946984337613
9.966000000000001,-0.3387965206611129
9.967,-0.42416464136326376
9.968,-0.46907247447649514
9.969,-0.43469218158861817
9.97,-0.4513133201192274
9.971,-0.4807551131756717
9.972,-0.5566323260517481
9.973,-0.6609140970594903
9.974,-0.5593996920707524
9.975,-0.5803439494474153
9.976,-0.531912361227697
9.977,-0.5347251852745046
9.978,-0.47105296900904375
9.979000000000001,-0.4843583087977688
9.98,-0.4528635486760637
9.981,-0.27878398075556404
9.982000000000001,-0.33482657013951506
9.983,-0.22882706744694148
9.984,-0.12048706176367834
9.985,-0.0595731500097418
9.986,-0.001196365012190212
9.987,0.039091512061598103
9.988,0.12467790532093893
9.989,0.22041480660826876
9.99,0.2341753746307269
9.991,0.17926681289204488
9.992,0.29914062873924396
9.993,0.410314863787686
9.994,0.38887289512324985
9.995000000000001,0.5401520857438192
9.996,0.48856051302526077
9.997,0.5217619089868527
9.998,0.5923713239997944
9.999,0.5382270347052175
10.0,0.5598677789248279
10.001,0.5920958568394591
10.002,0.46207041970239593
10.003,0.5025829235853975
10.004,0.532351773961252
10.005,0.46146358966295625
10.006,0.49253674181612866
10.007,0.29559785422425966
10.008000000000001,0.23997513026395945
10.009,0.3085883308143792
10.01,0.25532219921446603
10.011000000000001,0.14139838371441502
10.012,0.10805265393994903
10.013,0.061078134438959236
10.014,-0.08139192188367772
10.015,-0.13996954349529836
10.016,-0.15759989470737487
10.017,-0.1820110763838496
10.018,-0.342484939701218
10.019,-0.34711418075557415
10.02,-0.39778703545087957
10.021,-0.4076996215194384
10.022,-0.4661279498778459
10.023,-0.5236468198461909
10.024000000000001,-0.45772812991147177
10.025,-0.563741948826032
10.026,-0.5605992736905331
10.027000000000001,-0.6272535058512374
10.028,-0.5774928178210752
10.029,-0.5026734090284394
10.03,-0.4918325616454585
10.031,-0.45027927355385017
10.032,-0.4184890365646974
10.033,-0.30130054810808876
10.034,-0.39715124848930494
10.035,-0.3898610358104706
10.036,-0.30631189595013497
10.037,-0.23038558304517479
10.038,-0.18267151966381237
10.039,-0.06620326015836431
10.040000000000001,0.05576610238676038
10.041,0.13420375464282458
10.042,0.14570788536524512
10.043000000000001,0.2891399946948991
10.044,0.2233056021706066
10.045,0.2151971239205995
10.046,0.4010652659047489
10.047,0.30323497100101515
10.048,0.39870530233711937
10.049,0.49771730432631955
10.05,0.4953308087519268
10.051,0.5127289239474447
10.052,0.47785421818149804
10.053,0.5435627446611413
10.054,0.593990841434266
10.055,0.5370138944242387
10.056000000000001,0.4793254903369701
10.057,0.43610701387748535
10.058,0.4287884068422683
10.059000000000001,0.45321173413096477
10.06,0.4091392994770647
10.061,0.30491171637344794
10.062,0.18264126182809481
10.063,0.2584018561997602
10.064,0.13348832742917122
10.065,0.15136494130867734
10.066,0.016058461157177226
10.067,-0.0592950732413909
10.068,-0.06584218689508939
10.069,-0.01817652856066751
10.07,-0.15926861907165754
10.071,-0.24783023262017384
10.072000000000001,-0.29108477172993324
10.073,-0.44668605528399374
10.074,-0.4603780127741758
10.075000000000001,-0.5693458817435808
10.076,-0.3907091524696602
10.077,-0.42764397958798106
10.078,-0.5042229606317248
10.079,-0.5297281622311202
10.08,-0.6192819228830877
10.081,-0.550415564232042
10.082,-0.440142935921449
10.083,-0.506204200191912
10.084,-0.5169575637236159
10.085,-0.5458513108639731
10.086,-0.3518544640373015
10.087,-0.38150916937703705
10.088000000000001,-0.41778354154636504
10.089,-0.3235733764798234
10.09,-0.28484849867304374
10.091000000000001,-0.1681475368001952
10.092,-0.08957977325188587
10.093,-0.06214189479753413
10.094,0.06532036681389236
10.095,0.09346568345828518
10.096,0.20443800387740996
10.097,0.19314734137356177
10.098,0.42002387845596056
10.099,0.292568450764519
10.1,0.32421679998772734
10.101,0.36154578487827044
10.102,0.4400811340602072
10.103,0.396190287814244
10.104000000000001,0.5217735251029222
10.105,0.42965766634919206
10.106,0.5436395265931738
10.107000000000001,0.4712386209897268
10.108,0.5155522298625598
10.109,0.5532908830934801
10.11,0.6195063510564527
10.111,0.4247003374806169
10.112,0.4387929659546535
10.113,0.3716899105022176
10.114,0.3203462710747441
10.115,0.2790554851573355
10.116,0.30265238882165635
10.117,0.18010912686314662
10.118,0.25724481873621524
10.119,0.10387449726213249
10.120000000000001,-0.03024805720041513
10.121,-0.061158672103767985
10.122,-0.14537478083793504
10.123,-0.1262603154235725
10.124,-0.30686624872016427
10.125,-0.34751276356985905
10.126,-0.3616904798056445
10.127,-0.3450134537033196
10.128,-0.3593083498779496
10.129,-0.3879136956025603
10.13,-0.46011545637363854
10.131,-0.5136937015271017
10.132,-0.4857271009848288
10.133000000000001,-0.5913416863569639
10.134,-0.6276405552067644
10.135,-0.5074849232823967
10.136000000000001,-0.5662149722558878
10.137,-0.4987033840163201
10.138,-0.46214195024833443
10.139,-0.4219602731254263
10.14,-0.34774541676362364
10.141,-0.30787603234184413
10.142,-0.2897754508740557
10.143,-0.2675634549209471
10.144,-0.18265045779774378
10.145,-0.15785667725105504
10.146,-0.0761350822164032
10.147,0.127215864887944
10.148,0.06806212415862684
10.149000000000001,0.14327128032258432
10.15,0.14560059197823985
10.151,0.2894750222417057
10.152000000000001,0.3307698330487049
10.153,0.38134982709796894
10.154,0.39920314081344094
10.155,0.4802698891784642
10.156,0.526321270969035
10.157,0.5046747172943031
10.158,0.5057977053507143
10.159,0.5702044271151332
10.16,0.4869668462173087
10.161,0.49563272427898597
10.162,0.5208956788131736
10.163,0.42130808688520816
10.164,0.5275686089379447
10.165000000000001,0.40916253878936193
10.166,0.39856052566119515
10.167,0.37049295259156967
10.168000000000001,0.33690552318404104
10.169,0.2669445140382726
10.17,0.22604884448213472
10.171,0.16858634872254774
10.172,0.08902549232310633
10.173,0.011016404427744417
10.174,0.041389960549135595
10.175,-0.18006283402634604
10.176,-0.14622920344824583
10.177,-0.21858947684965802
10.178,-0.23069077130825827
10.179,-0.37733801160323277
10.18,-0.37838372799972897
10.181000000000001,-0.40239099093224967
10.182,-0.38215244484300004
10.183,-0.45140771537551466
10.184000000000001,-0.5530863165556625
10.185,-0.5373605031434572
10.186,-0.4806785696941466
10.187,-0.5897716712213797
10.188,-0.5311117832321789
10.189,-0.51781535496192
10.19,-0.5196998064612421
10.191,-0.34178260003216954
10.192,-0.46680608249828526
10.193,-0.3871422296870454
10.194,-0.40577450169461315
10.195,-0.2938527392656314
10.196,-0.2250862952992359
10.197000000000001,-0.24272768379346268
10.198,-0.15785053603289056
10.199,-0.13955134557888588
10.200000000000001,-0.09039800780137848
10.201,0.08070302911144887
10.202,0.0627803103229417
10.203,0.030143561769595012
10.204,0.29733113272480954
10.205,0.2242910024198313
10.206,0.3037412378568715
10.207,0.44539028848943074
10.208,0.39851382738771257
10.209,0.4340805172150515
10.21,0.4113726870522598
10.211,0.4150428333335319
10.212,0.5056093941749444
10.213000000000001,0.5421209173729284
10.214,0.5420803528573225
10.215,0.4983007216135721
10.216000000000001,0.5117366646391648
10.217,0.40018707768306244
10.218,0.4896039686399738
10.219,0.4427919255817346
10.22,0.49555079616099873
10.221,0.35393233713643013
10.222,0.25825935086955193
10.223,0.25050105817403684
10.224,0.18082511305470717
10.225,0.16043292260372988
10.226,0.07963697961808068
10.227,-0.04616412274201841
10.228,-0.12661937966663908
10.229000000000001,-0.09270826013133956
10.23,-0.09623442488563981
10.231,-0.2186540910190259
10.232000000000001,-0.23609475163798643
10.233,-0.2764190210355098
10.234,-0.35948962480705043
10.235,-0.45416430736614544
10.236,-0.4385679124023469
10.237,-0.41667766461186156
10.238,-0.4726461397573798
10.239,-0.4769470806296992
10.24,-0.5456077440921955
10.241,-0.5335126271185333
10.242,-0.523029652978106
10.243,-0.5062322847968358
10.244,-0.42490143097554317
10.245000000000001,-0.5736375495844384
10.246,-0.42145233030129614
10.247,-0.38783703390484203
10.248,-0.4080445580376997
10.249,-0.2568269769051784
10.25,-0.27360297675167716
10.251,-0.19894189303334553
10.252,-0.029890496878064013
10.253,-0.011408421088849346
10.254,0.028067841132216775
10.255,0.07961626970405682
10.256,0.11271648825621745
10.257,0.27959958596790535
10.258000000000001,0.27591822137761124
10.259,0.25123688287069484
10.26,0.26761123265142434
10.261000000000001,0.41018513851937993
10.262,0.4179938275273061
10.263,0.38246689197200495
10.264,0.502197840334627
10.265,0.487532522520756
10.266,0.5408171814785655
10.267,0.5425752496275664
10.268,0.48910103461767046
10.269,0.5430206061457626
10.27,0.47130055380039454
10.271,0.4525347351350999
10.272,0.4190202667153087
10.273,0.46750583027840825
10.274000000000001,0.35660066978709387
10.275,0.39383088869273125
10.276,0.36449800204111105
10.277000000000001,0.18472803185508996
10.278,0.01892101895137921
10.279,0.15825249726157106
10.28,0.028547672240391724
10.281,-0.05864775337772279
10.282,-0.10552196663859263
10.283,-0.15649991326157958
10.284,-0.12867602900805203
10.285,-0.24062414572635377
10.286,-0.23607307882529394
10.287,-0.32301419290536854
10.288,-0.40584508234246935
10.289,-0.44715982517796293
10.290000000000001,-0.43090862292922266
10.291,-0.4429738670989009
10.292,-0.4524785117141854
10.293000000000001,-0.5267851749744291
10.294,-0.5092510477150962
10.295,-0.4859690503581112
10.296,-0.5244278484675303
10.297,-0.5450739610999381
10.298,-0.5050126618564581
10.299,-0.4467263855657988
10.3,-0.36555973538168096
10.301,-0.2942355572145298
10.302,-0.37859423572357803
10.303,-0.2900013235230936
10.304,-0.22380433336531996
10.305,-0.10913647027232962
10.306000000000001,-0.11621048777642594
10.307,-0.05101092549483993
10.308,-0.03946156155767171
10.309000000000001,0.11551605189901239
10.31,0.14219873364045177
10.311,0.17439301790156375
10.312,0.24806721338480225
10.313,0.36771873858419435
10.314,0.30713689187865945
10.315,0.35636417852087204
10.316,0.49661527663889604
10.317,0.467348589984062
10.318,0.520201476899411
10.319,0.523235497872014
10.32,0.5108717647740775
10.321,0.4976426599854803
10.322000000000001,0.5519527923477103
10.323,0.556774687070356
10.324,0.5342804261075206
10.325000000000001,0.3955998917577994
10.326,0.48866096488968247
10.327,0.368236392551177
10.328,0.3057916571857717
10.329,0.287768360909538
10.33,0.2864186096119101
10.331,0.2171586229966488
10.332,0.12004100114284107
10.333,0.11556160741796007
10.334,0.02054840094191997
10.335,-0.07537777809774876
10.336,-0.14174600015515523
10.337,-0.1439563790410448
10.338000000000001,-0.22442604963927962
10.339,-0.34184685338322174
10.34,-0.2796980979869981
10.341000000000001,-0.39059391023030277
10.342,-0.32642561571815315
10.343,-0.5100182233253481
10.344,-0.476662829063752
10.345,-0.5239263658121979
10.346,-0.5522491559659507
10.347,-0.5354208134915242
10.348,-0.4231069394752962
10.349,-0.49796697001463003
10.35,-0.5312597273223378
10.351,-0.5628717861154673
10.352,-0.5307835255844856
10.353,-0.43869374952080253
10.354000000000001,-0.405045731061064
10.355,-0.34092343798725794
10.356,-0.3951622974222742
10.357000000000001,-0.23410799130913731
10.358,-0.12296574739753136
10.359,-0.035657961690011064
10.36,-0.15238402480374907
10.361,-0.03782292937456888
10.362,0.019387311071128968
10.363,0.12835611155168364
10.364,0.117358560295607
10.365,0.317254658086277
10.366,0.28687472142611664
10.367,0.3261517440913259
10.368,0.4549538409727022
10.369,0.41233249187115084
10.370000000000001,0.4652552060911508
10.371,0.43365350979973327
10.372,0.4221147102126198
10.373,0.47279575925705386
10.374,0.6183924110596789
10.375,0.5394041182083381
10.376,0.513189677771485
10.377,0.4354717759717405
10.378,0.5080102047843399
10.379,0.366353865995835
10.38,0.3217017959602004
10.381,0.33242535953982355
10.382,0.41345779214961675
10.383000000000001,0.3616573817580465
10.384,0.191573091936045
10.385,0.12486718722184516
10.386000000000001,0.018838344432658277
10.387,0.04567107310104163
10.388,-0.009767778879754269
10.389,-0.03775717179352029
10.39,-0.08997644942916685
10.391,-0.20176705912458764
10.392,-0.21780946107642093
10.393,-0.33094902467946896
10.394,-0.3152704014535421
10.395,-0.4089535106405651
10.396,-0.39678256321496597
10.397,-0.43119186810030197
10.398,-0.4708199203721495
10.399000000000001,-0.4521277667738969
10.4,-0.5811810224704592
10.401,-0.5597787306495571
10.402000000000001,-0.5169228215305788
10.403,-0.5655308441318855
10.404,-0.4968611539181576
10.405,-0.47183726604341336
10.406,-0.35797248190532194
10.407,-0.38085537837549144
10.408,-0.2957019654828799
10.409,-0.28651192478715765
10.41,-0.2786624362890405
10.411,-0.1920249946670923
10.412,-0.10635408334225958
10.413,-0.025324305875386748
10.414,-0.03263135806818185
10.415000000000001,-0.049078968503286996
10.416,0.006234920974145311
10.417,0.13333809062199473
10.418000000000001,0.08820990704133772
10.419,0.34745550771082645
10.42,0.33656738264603653
10.421,0.3197086233500967
10.422,0.3359162091909089
10.423,0.4772983919700101
10.424,0.39881838495465877
10.425,0.4259187380371317
10.426,0.45427942696120643
10.427,0.5072302301866769
10.428,0.5345968319227846
10.429,0.5582785403900651
10.43,0.5391089657994054
10.431000000000001,0.46840741484705967
10.432,0.49445376450819484
10.433,0.37883378715352384
10.434000000000001,0.28462428354496494
10.435,0.3002311303392677
10.436,0.24701058589857497
10.437,0.2053185147769337
10.438,0.1352982907427355
10.439,0.1040566282482027
10.44,0.10022919911544961
10.441,0.09617731567702346
10.442,-0.13478562316454223
10.443,-0.17114414757706198
10.444,-0.2030725814787006
10.445,-0.17967810650784705
10.446,-0.2796496606266313
10.447000000000001,-0.353309128940031
10.448,-0.324576622384908
10.449,-0.35091634719348147
10.450000000000001,-0.4324831894256762
10.451,-0.499202216770195
10.452,-0.4653924653762886
10.453,-0.5044739929128206
10.454,-0.5119654207866658
10.455,-0.5257438967796351
10.456,-0.4471888140639827
10.457,-0.4674580894985806
10.458,-0.40806999307469727
10.459,-0.36661032213725925
10.46,-0.3780848524666696
10.461,-0.38844976380318236
10.462,-0.2682113028792029
10.463000000000001,-0.24964928712447543
10.464,-0.09172612166003463
10.465,-0.15231364116834908
10.466000000000001,-0.0765677351350956
10.467,-0.03905143017426546
10.468,6.623173987145743e-05
10.469,0.05058154155405191
10.47,0.1358329713909405
10.471,0.20308521067644034
10.472,0.2881874149932183
10.473,0.29615236092720076
10.474,0.3039160891033116
10.475,0.35254008539949655
10.476,0.33945501797789346
10.477,0.5197743956829552
10.478,0.43473305145014807
10.479000000000001,0.528864769878082
10.48,0.5063891471951834
10.481,0.5130212938611896
10.482000000000001,0.49036980324611384
10.483,0.44841898195668317
10.484,0.4242272580796984
10.485,0.5374125268191929
10.486,0.42881408269377674
10.487,0.44568461029693696
10.488,0.41961716434408625
10.489,0.28596606804839914
10.49,0.2796130460194554
10.491,0.20907487765736454
10.492,0.0945205229892942
10.493,0.08658614909023248
10.494,0.06741657182033586
10.495000000000001,-0.045229302073271395
10.496,-0.09453503178790384
10.497,-0.1438725030314562
10.498,-0.084651094520926
10.499,-0.33430773497865435
10.5,-0.2665341827902753
10.501,-0.3492534174249177
10.502,-0.4089300981668743
10.503,-0.42588901176144556
10.504,-0.40802958516609655
10.505,-0.42847771089460807
10.506,-0.4722921097235494
10.507,-0.4371984106849265
10.508000000000001,-0.4318513556120327
10.509,-0.4511019372609081
10.51,-0.5090776457058218
10.511000000000001,-0.4402556116318682
10.512,-0.41682396608505423
10.513,-0.45329097290999565
10.514,-0.4560319875077483
10.515,-0.43855891643596767
10.516,-0.28915247208545625
10.517,-0.22895262520647533
10.518,-0.25081164479630946
10.519,-0.08466761544355011
10.52,-0.07273965850845888
10.521,0.04482470764032712
10.522,0.0538695184200121
10.523,0.03950509156079707
10.524000000000001,0.17191105427701697
10.525,0.23660001883121048
10.526,0.22698812068194663
10.527000000000001,0.2300110773706583
10.528,0.35069179544349977
10.529,0.3344120639979685
10.53,0.47395942724808987
10.531,0.42524132968670847
10.532,0.5533604547839253
10.533,0.3760035762777192
10.534,0.4973780671110313
10.535,0.5637669818363726
10.536,0.44265345184420973
10.537,0.4673657502823475
10.538,0.4367830432753291
10.539,0.3980636776906994
10.540000000000001,0.41385155208401303
10.541,0.3006936301791556
10.542,0.3187372709921707
10.543000000000001,0.30445295427698243
10.544,0.21844360291124587
10.545,0.12659405325278225
10.546,0.1731068413425278
10.547,0.101450422906527
10.548,-0.04465324881863479
10.549,-0.11490867963937702
10.55,-0.15469261554895203
10.551,-0.13522545725538848
10.552,-0.20183977806834583
10.553,-0.2262486657896003
10.554,-0.3285098425286554
10.555,-0.40056489724186295
10.556000000000001,-0.3456090864598832
10.557,-0.45103331518977774
10.558,-0.4399929509814985
10.559000000000001,-0.5465706124157238
10.56,-0.5108437281394396
10.561,-0.4385066976845046
10.562,-0.5246695018549478
10.563,-0.4412702917080453
10.564,-0.5850440356088971
10.565,-0.4765070007067673
10.566,-0.4309741435976375
10.567,-0.3033358641267653
10.568,-0.4116027953671294
10.569,-0.2774337356857564
10.57,-0.21170089959957986
10.571,-0.2505583790749457
10.572000000000001,-0.18016054615424654
10.573,-0.09919931612766805
10.574,-0.12370935222830906
10.575000000000001,-0.015084106233118403
10.576,0.12865299425149956
10.577,0.14723844417883383
10.578,0.16783320548261688
10.579,0.2334446599788607
10.58,0.3057942591197427
10.581,0.36049149424472704
10.582,0.33471585972087387
10.583,0.4749230147479569
10.584,0.49415021072722576
10.585,0.4864236543099645
10.586,0.42839135715006926
10.587,0.4310121011395249
10.588000000000001,0.47052682502887183
10.589,0.4880149130051373
10.59,0.38798637581613143
10.591000000000001,0.48601550241547636
10.592,0.504170748901769
10.593,0.44108389161943307
10.594,0.3452480391695877
10.595,0.300909173888513
10.596,0.3125206787359989
10.597,0.24267782705752178
10.598,0.22187848700011553
10.599,0.17646364211123322
10.6,0.1456276151788628
10.601,-0.022149353678510564
10.602,-0.011489787052645585
10.603,-0.09743691929362182
10.604000000000001,-0.13977078988059233
10.605,-0.14531217073421165
10.606,-0.1909481473867437
10.607000000000001,-0.21742933825940508
10.608,-0.30983747192144917
10.609,-0.37579997171965757
10.61,-0.41700362809852043
10.611,-0.5195690270393314
10.612,-0.3883369208912527
10.613,-0.4876242336804137
10.614,-0.4559325646083698
10.615,-0.45033719054920285
10.616,-0.5429344926047955
10.617,-0.5165925259308005
10.618,-0.37634949293052744
10.619,-0.41620608385094054
10.620000000000001,-0.43085593887663715
10.621,-0.3737151623212677
10.622,-0.2736064564546269
10.623000000000001,-0.23721880585083188
10.624,-0.3093588571645841
10.625,-0.10322655658072924
10.626,-0.08299110803754578
10.627,-0.0834924133730532
10.628,-0.07900222825531117
10.629,0.08998084541020474
10.63,0.11726053465044459
10.631,0.07539620796451066
10.632,0.18946181545242685
10.633000000000001,0.4073598070564452
10.634,0.2983795867566379
10.635,0.3028375511494685
10.636000000000001,0.3271885124579829
10.637,0.49867377512830713
10.638,0.479245247817669
10.639,0.5279837027772966
10.64,0.48445791395134863
10.641,0.5426725618280265
10.642,0.43885808422309985
10.643,0.48407053277085305
10.644,0.47840122722211625
10.645,0.5148858626730934
10.646,0.4372828001870449
10.647,0.3598436434614176
10.648,0.35872203703396316
10.649000000000001,0.23121040153801026
10.65,0.15416917265711721
10.651,0.2632646930270454
10.652000000000001,0.15140438925356112
10.653,0.10319067281026448
10.654,0.10234861320969406
10.655,0.07437659266297283
10.656,-0.02506350268369874
10.657,-0.010960612899838254
10.658,-0.1363026391850622
10.659,-0.19815090877502356
10.66,-0.25010473825975743
10.661,-0.3716272667089023
10.662,-0.3005245661419555
10.663,-0.5067504312812036
10.664,-0.44462663911856065
10.665000000000001,-0.4392656770802958
10.666,-0.49891623539196106
10.667,-0.4946899575660922
10.668000000000001,-0.386293475449919
10.669,-0.4226250112620464
10.67,-0.5050941821904124
10.671,-0.48076995129507827
10.672,-0.5013318815895639
10.673,-0.37639903842341477
10.674,-0.39263855367130274
10.675,-0.4417497334176153
10.676,-0.2969429883209241
10.677,-0.23444311303071982
10.678,-0.1591292972436567
10.679,-0.15901124495326557
10.68,-0.119914393688452
10.681000000000001,0.053468672994361276
10.682,0.01052977815425469
10.683,0.10205943073880225
10.684000000000001,0.09405073158242354
10.685,0.20877795191909318
10.686,0.1523306709082472
10.687,0.24971354630721468
10.688,0.25632679732076524
10.689,0.3260302475940984
10.69,0.45341238468766965
10.691,0.3894790415926617
10.692,0.47941069486812266
10.693,0.5366395976502498
10.694,0.4703161827836632
10.695,0.5257945135307647
10.696,0.5005058848296312
10.697000000000001,0.47108564189312113
10.698,0.4876810805241947
10.699,0.5208638555525078
10.700000000000001,0.36980153242972286
10.701,0.32097683556350703
10.702,0.2802404571272097
10.703,0.33850755670916344
10.704,0.2989409513491147
10.705,0.16598373943987726
10.706,0.03376024340373085
10.707,0.0526325288186816
10.708,0.05840453142100231
10.709,-0.028087175923639567
10.71,-0.07113182819330507
10.711,-0.16058639494183644
10.712,-0.13610872019484202
10.713000000000001,-0.21945009142523464
10.714,-0.25380008776551494
10.715,-0.31776075180761004
10.716000000000001,-0.3375780673512361
10.717,-0.3739188659356474
10.718,-0.47081714791293117
10.719,-0.42746348477603024
10.72,-0.42208496160876696
10.721,-0.4130758282638063
10.722,-0.45270509463793174
10.723,-0.5179213608965932
10.724,-0.49989975869955405
10.725,-0.4644380907584747
10.726,-0.4104582694054107
10.727,-0.39751422315867485
10.728,-0.413675892020862
10.729000000000001,-0.3751478820470677
10.73,-0.38038363853840973
10.731,-0.3844475169563536
10.732000000000001,-0.1849489624389552
10.733,-0.009796541358905564
10.734,0.018295110655053196
10.735,-0.06522768953439231
10.736,0.04660854364147185
10.737,0.020751389583475346
10.738,0.08192317696750645
10.739,0.13914692539592935
10.74,0.23647210749871644
10.741,0.28391452674146744
10.742,0.34690409705787734
10.743,0.40403560220913676
10.744,0.3855080911124285
10.745000000000001,0.4300793522374236
10.746,0.3935805356111974
10.747,0.3948597357293473
10.748000000000001,0.39457307446152134
10.749,0.5029450114494911
10.75,0.44806145500884575
10.751,0.35946726150917546
10.752,0.4316946681645789
10.753,0.3482464824753908
10.754,0.46389313258041176
10.755,0.31688135198437944
10.756,0.3400930276790264
10.757,0.31645897670258794
10.758000000000001,0.16666377119076178
10.759,0.16767594401142008
10.76,0.1387723581934747
10.761000000000001,0.0625921435887096
10.762,0.019825262635456524
10.763,-0.11975714659427225
10.764,-0.0798621689417833
10.765,-0.18465476749460322
10.766,-0.19342379554946354
10.767,-0.21251796811990822
10.768,-0.2691139964855702
10.769,-0.3249657943552112
10.77,-0.3454054762904882
10.771,-0.37298214490433074
10.772,-0.3568892446447914
10.773,-0.45166712300895
10.774000000000001,-0.45385591057004265
10.775,-0.42116441985114533
10.776,-0.49154986974962683
10.777000000000001,-0.5266181940992238
10.778,-0.4216808759691136
10.779,-0.43698331602423035
10.78,-0.46152405959781234
10.781,-0.34506645665489194
10.782,-0.2623935184443541
10.783,-0.3747050916819905
10.784,-0.19734416957924059
10.785,-0.3271496492691849
10.786,-0.16940530289507352
10.787,-0.004421673505352289
10.788,-0.058612729597883176
10.789,0.017110295607137022
10.790000000000001,0.10536967944131281
10.791,0.03506593952568755
10.792,0.17646842478432692
10.793000000000001,0.22564340128242968
10.794,0.3620304796230648
10.795,0.2498821705674723
10.796,0.33103225228927946
10.797,0.3372885187844372
10.798,0.36027874049836583
10.799,0.4909705875396816
10.8,0.452533045096309
10.801,0.43379469136699494
10.802,0.4396855132782183
10.803,0.4350008500030059
10.804,0.43067207753574155
10.805,0.3760796402489466
10.806000000000001,0.4052549976446897
10.807,0.37336418285858225
10.808,0.32118401819918485
10.809000000000001,0.3296386796963465
10.81,0.2922712891707275
10.811,0.20698834386137774
10.812,0.17893962263357813
10.813,0.24285727806192453
10.814,0.18788886806575275
10.815,-0.025002571633655414
10.816,-0.07254487534654369
10.817,-0.1339244124349749
10.818,-0.0810944983173948
10.819,-0.20499769408896162
10.82,-0.22163860200456653
10.821,-0.17908381563466347
10.822000000000001,-0.3209007705214233
10.823,-0.32207616083199675
10.824,-0.3634359527932059
10.825000000000001,-0.44555354357105437
10.826,-0.3841219260583414
10.827,-0.49446780227935033
10.828,-0.39365401171486974
10.829,-0.492331434585368
10.83,-0.4827846130049404
10.831,-0.502913242347886
10.832,-0.4781257284866632
10.833,-0.43072728395656296
10.834,-0.5027982286552488
10.835,-0.35949514322567405
10.836,-0.3350436577956821
10.837,-0.2277079300905159
10.838000000000001,-0.19995694184272253
10.839,-0.2073564294871454
10.84,-0.14342038182379369
10.841000000000001,-0.07910247707812387
10.842,0.06095403201927552
10.843,-0.00026997318565813444
10.844,0.058460417060579195
10.845,0.09029781174340737
10.846,0.1228588125965218
10.847,0.25980824493939364
10.848,0.29871034618381515
10.849,0.39281356844409054
10.85,0.41630810110400857
10.851,0.5146191726350843
10.852,0.4161401690611308
10.853,0.4260792412405443
10.854000000000001,0.38730449864741184
10.855,0.49411342990622975
10.856,0.465845095288066
10.857000000000001,0.4867746375578336
10.858,0.3852884707648924
10.859,0.44176627726975015
10.86,0.4105469843236542
10.861,0.37783117703471647
10.862,0.3022077773860229
10.863,0.3567060697658911
10.864,0.35654252088600297
10.865,0.1518132501701338
10.866,0.19381721100567767
10.867,-0.03778757254733214
10.868,0.08640424700454402
10.869,-0.09437317800812361
10.870000000000001,-0.08091847210096767
10.871,-0.17334969370307365
10.872,-0.17000034117066806
10.873000000000001,-0.1665846724936464
10.874,-0.3477990907459917
10.875,-0.31578235940355387
10.876,-0.36222802729509707
10.877,-0.2916021238440828
10.878,-0.3780371376247415
10.879,-0.48193508316411693
10.88,-0.46424543426340437
10.881,-0.374399161364733
10.882,-0.4217706191292119
10.883000000000001,-0.5023756885508409
10.884,-0.4625000703200758
10.885,-0.4473954508325789
10.886000000000001,-0.4430322684947809
10.887,-0.4764081374130181
10.888,-0.39416446788820647
10.889,-0.25525508429412014
10.89,-0.3037421988464828
10.891,-0.24590958580061958
10.892,-0.18648194901624265
10.893,-0.03271452706907965
10.894,-0.09133213513449596
10.895,0.01601061285545556
10.896,-0.014995384471630303
10.897,0.05531582626232584
10.898,0.12132175820467182
10.899000000000001,0.13270985352191078
10.9,0.2095684607553359
10.901,0.3094448087666192
10.902000000000001,0.26663892885824503
10.903,0.3440313054951212
10.904,0.4120746166214413
10.905,0.3628195158132064
10.906,0.48063655050166637
10.907,0.4454527217744082
10.908,0.44339742650820746
10.909,0.3548603237194189
10.91,0.43392319355547276
10.911,0.46228084243939227
10.912,0.5159525380300687
10.913,0.43616005370756483
10.914,0.4375438479550503
10.915000000000001,0.2890005270618088
10.916,0.30653292857157993
10.917,0.3330316017245565
10.918000000000001,0.18299515005259887
10.919,0.22791444485100693
10.92,0.1661339470910125
10.921,0.09125514115556997
10.922,0.008087832672194675
10.923,-0.07810362035570229
10.924,0.007087558918853404
10.925,-0.1018325136404353
10.926,-0.16627786886546705
10.927,-0.25128606989052915
10.928,-0.27288526834031956
10.929,-0.3068714871247558
10.93,-0.33108091101758863
10.931000000000001,-0.3454698374477296
10.932,-0.447140508336377
10.933,-0.5015408961214342
10.934000000000001,-0.43827911751573356
10.935,-0.5380297180464135
10.936,-0.4688110210407912
10.937,-0.47380561295560203
10.938,-0.41329754434872823
10.939,-0.32226143450710304
10.94,-0.49632457238053757
10.941,-0.25759679050291606
10.942,-0.35006346574194663
10.943,-0.2834712737219797
10.944,-0.3299232581418131
10.945,-0.16410231302029082
10.946,-0.1637059398717295
10.947000000000001,-0.11842132103402911
10.948,-0.16021652441511502
10.949,-0.006805245905952448
10.950000000000001,0.08477100872910434
10.951,0.0830324510772283
10.952,0.20459355308055124
10.953,0.25153289481303037
10.954,0.2091305181665506
10.955,0.3638935940307715
10.956,0.32541996477881
10.957,0.3601882372259567
10.958,0.3922498497866626
10.959,0.415014445583011
10.96,0.29860586952640666
10.961,0.43346356290706317
10.962,0.38105879118306984
10.963000000000001,0.5308937339082491
10.964,0.5230037132645524
10.965,0.47430450720057016
10.966000000000001,0.4018455523351488
10.967,0.33973262590572567
10.968,0.32825012940529996
10.969,0.4242905598618817
10.97,0.25408178076911897
10.971,0.12848117841653572
10.972,0.25196126269933883
10.973,0.2269258779347424
10.974,0.18423545271578096
10.975,0.10119105177822184
10.976,0.056691144175717405
10.977,-0.053327850281852586
10.978,-0.2115852742447682
10.979000000000001,-0.15666485441166708
10.98,-0.17506848834347383
10.981,-0.25813661384198555
10.982000000000001,-0.3021563592517957
10.983,-0.37900335138356367
10.984,-0.41399092620048716
10.985,-0.3000722453491042
10.986,-0.32092222472684423
10.987,-0.4317058362469621
10.988,-0.4284742452051022
10.989,-0.49646445134548306
10.99,-0.41399351454728417
10.991,-0.3506905962187986
10.992,-0.5016407614680194
10.993,-0.3826351657586333
10.994,-0.35394149344501835
10.995000000000001,-0.3243348569120901
10.996,-0.23357441971256765
10.997,-0.17457660652324558
10.998000000000001,-0.244920159839725
10.999,-0.15325822119089214
11.0,-0.1338186759805746
11.001,-0.11886715735394307
11.002,-0.021770007188837225
11.003,0.05067993489339228
11.004,0.08010923908120215
11.005,0.07638479858358177
11.006,0.14676489271078016
11.007,0.19428291905752654
11.008000000000001,0.2190789190876775
11.009,0.31738135053938893
11.01,0.35893678127358386
11.011000000000001,0.4186583467820321
11.012,0.35334272825332136
11.013,0.3884176123929438
11.014,0.5103258914479674
11.015,0.43370807423086855
11.016,0.4466782479754898
11.017,0.4335166280012118
11.018,0.48992731793883515
11.019,0.4769006028927737
11.02,0.453244224441111
11.021,0.3727132716775953
11.022,0.29645507412585204
11.023,0.4003541917606981
11.024000000000001,0.30674838139100663
11.025,0.19731753548225428
11.026,0.2445422630234657
11.027000000000001,0.09740145772948977
11.028,0.14385627173312682
11.029,0.09538504614240774
11.03,-0.0767278412879569
11.031,-0.05324581251370826
11.032,-0.09374742393543622
11.033,-0.05078188527048405
11.034,-0.2647897265338582
11.035,-0.1990366216914335
11.036,-0.30903604653448463
11.037,-0.4069221644913874
11.038,-0.3810349227240375
11.039,-0.3999108404975517
11.040000000000001,-0.4724515428084757
11.041,-0.41757960380356635
11.042,-0.3930011862361247
11.043000000000001,-0.43060340113853357
11.044,-0.465126038726836
11.045,-0.43494077364162376
11.046,-0.41133813240372036
11.047,-0.37817779285613445
11.048,-0.30613096571959425
11.049,-0.3156301582487772
11.05,-0.3624413385698249
11.051,-0.2794875470258213
11.052,-0.19868708774299831
11.053,-0.10356356176410572
11.054,-0.04547627395452876
11.055,0.02926771152709394
11.056000000000001,-0.0012353349754908663
11.057,0.08218526154135627
11.058,0.02245395996318683
11.059000000000001,0.1664947112466264
11.06,0.13904105331999397
11.061,0.2348027587008805
11.062,0.4312479355772253
11.063,0.3328856110032064
11.064,0.3080731106765826
11.065,0.4003523122688425
11.066,0.37755779080362506
11.067,0.37325156025697853
11.068,0.5385073616026821
11.069,0.4927731632478891
11.07,0.4567307871844988
11.071,0.4138256524676585
11.072000000000001,0.4058674458778635
11.073,0.48071644067383756
11.074,0.3955500135130438
11.075000000000001,0.19747757084284745
11.076,0.439225883210144
11.077,0.28952067767948664
11.078,0.2558752077092295
11.079,0.24810726317881965
11.08,0.16945585601599922
11.081,0.1339489332459561
11.082,0.024524114429612026
11.083,-0.06728150635196126
11.084,-0.04318065500138972
11.085,-0.036202051160851914
11.086,-0.18925621246067062
11.087,-0.24016734297010728
11.088000000000001,-0.1867863267813009
11.089,-0.31133538634502944
11.09,-0.3456428650932239
11.091000000000001,-0.37591624982736105
11.092,-0.387713409087879
11.093,-0.4850397539473728
11.094,-0.4496069054616197
11.095,-0.42156999524179184
11.096,-0.42639984300951067
11.097,-0.3781011154307624
11.098,-0.33645992400255853
11.099,-0.33933077308773685
11.1,-0.3500326258569175
11.101,-0.3785641218671495
11.102,-0.37253679777546606
11.103,-0.3060513892110043
11.104000000000001,-0.2390111038980509
11.105,-0.18485534003847873
11.106,-0.14936282267780085
11.107000000000001,-0.1386711452238003
11.108,-0.04355637967967215
11.109,0.03097903087432688
11.11,0.06319903388897749
11.111,0.06855987158224296
11.112,0.07844892987792523
11.113,0.12556651891462495
11.114,0.18034498944641375
11.115,0.27024540860721447
11.116,0.3228010388793416
11.117,0.2613949078416937
11.118,0.3376388261427423
11.119,0.4007047466869191
11.120000000000001,0.3638909710790619
11.121,0.445259181414573
11.122,0.41703594128480587
11.123000000000001,0.3991146347285751
11.124,0.43482194611285757
11.125,0.44269503987551206
11.126,0.36574494082731485
11.127,0.3755101440297449
11.128,0.38515847708731976
11.129,0.29282710741522355
11.13,0.21265140152093998
11.131,0.17925859348817907
11.132,0.1922188084355454
11.133000000000001,0.10131435195358947
11.134,0.1016767673000926
11.135,0.1525163710864463
11.136000000000001,-0.05038839441213061
11.137,-0.04655074239187616
11.138,0.02370106729249226
11.139,-0.11183701942604257
11.14,-0.19811516418748942
11.141,-0.2325608374789223
11.142,-0.2451193426263418
11.143,-0.21997674850030152
11.144,-0.36526822916296386
11.145,-0.4058821727821953
11.146,-0.46113246356717935
11.147,-0.4058104875250501
11.148,-0.4943492712645411
11.149000000000001,-0.4545017838856219
11.15,-0.47804524711365365
11.151,-0.3742385920186402
11.152000000000001,-0.4428003860539195
11.153,-0.3812200758814458
11.154,-0.4594347711125191
11.155,-0.3455993215671479
11.156,-0.3804332940959359
11.157,-0.3052562389370578
11.158,-0.13321246395792802
11.159,-0.15361876709113084
11.16,-0.16036086088834497
11.161,0.05439697558936264
11.162,-0.10148389734266253
11.163,0.05310794521126073
11.164,-0.031164503702571247
11.165000000000001,0.0832470569121162
11.166,0.0766908724082956
11.167,0.20357453621279065
11.168000000000001,0.23749082287568044
11.169,0.2600365903291668
11.17,0.36693602918814794
11.171,0.31657010089731874
11.172,0.3890905199190566
11.173,0.436447996773505
11.174,0.3384705320907063
11.175,0.3867262530351779
11.176,0.4325030661353162
11.177,0.46105279041784525
11.178,0.4944203046761382
11.179,0.4005436981390907
11.18,0.3778275557285137
11.181000000000001,0.3269150891004831
11.182,0.3588390701483398
11.183,0.2945711430759623
11.184000000000001,0.2585604753246755
11.185,0.22666479954020652
11.186,0.2148653101579223
11.187,0.1124585831811989
11.188,0.053478993100198394
11.189,0.06386572938692897
11.19,-0.15937607360774633
11.191,-0.08851040483250944
11.192,-0.16530342660705435
11.193,-0.09548042020835795
11.194,-0.22342945921707832
11.195,-0.272362549431377
11.196,-0.2863153516403488
11.197000000000001,-0.34927995711826165
11.198,-0.3708509544575905
11.199,-0.3722219577436747
11.200000000000001,-0.419328791481998
11.201,-0.43533790690599894
11.202,-0.4743227025765775
11.203,-0.48559470222968854
11.204,-0.42306333730197043
11.205,-0.4030812303703834
11.206,-0.47636996912915847
11.207,-0.34793859155907036
11.208,-0.32339410017678166
11.209,-0.28354792207812574
11.21,-0.2834051259423022
11.211,-0.22856302375453297
11.212,-0.10960909840002792
11.213000000000001,-0.18937986790295383
11.214,-0.17964743397632835
11.215,-0.15538874947778966
11.216000000000001,0.05883940445386905
11.217,0.10961468706422119
11.218,0.024751974179651193
11.219,0.0834230518760373
11.22,0.15072470703094934
11.221,0.27295117803940916
11.222,0.18924935537630017
11.223,0.19364558442863428
11.224,0.434672941633282
11.225,0.3717236369750264
11.226,0.40371144139169585
11.227,0.3903583070539901
11.228,0.4379943926481668
11.229000000000001,0.34736314928019174
11.23,0.3835595038087033
11.231,0.42752684889975123
11.232000000000001,0.2995676303549082
11.233,0.38313799618799305
11.234,0.3597229375211299
11.235,0.33726212053973104
11.236,0.2944604303338012
11.237,0.23741112349269283
11.238,0.15735038652857083
11.239,0.2135265851191709
11.24,0.14629398901915286
11.241,0.04534219594667689
11.242,0.06848572205398687
11.243,0.0009837179565038191
11.244,-0.057143832550361776
11.245000000000001,-0.1912703028647037
11.246,-0.09744924604331773
11.247,-0.2395678826264006
11.248000000000001,-0.2186072468191536
11.249,-0.30296375671691295
11.25,-0.31912946616924837
11.251,-0.2750740107199379
11.252,-0.33450275926460143
11.253,-0.327986709137519
11.254,-0.38606389425764454
11.255,-0.3953126486923199
11.256,-0.5109851305923492
11.257,-0.4387930188502713
11.258000000000001,-0.42931985485875424
11.259,-0.3462870644965295
11.26,-0.4165645399889011
11.261000000000001,-0.356405672643879
11.262,-0.3316692730348637
11.263,-0.25366490997095736
11.264,-0.2825454286396387
11.265,-0.19499030607230877
11.266,-0.27890207292068825
11.267,-0.22898701580445308
11.268,-0.21505519904385556
11.269,-0.012819683391162746
11.27,0.031031522416461427
11.271,0.0916724494040666
11.272,0.061779459948859874
11.273,0.11494750803302499
11.274000000000001,0.18255672295132322
11.275,0.30365892905046704
11.276,0.3558210180487778
11.277000000000001,0.3467211085891255
11.278,0.355234794539759
11.279,0.4324235177028724
11.28,0.3747804217171579
11.281,0.3845911642752239
11.282,0.4086742303550128
11.283,0.37144898198956927
11.284,0.411095761820259
11.285,0.3576493811232513
11.286,0.4527454011087183
11.287,0.41112445225518257
11.288,0.4325774636746337
11.289,0.25182576630524206
11.290000000000001,0.395982098728179
11.291,0.18574611319826656
11.292,0.16429772031647094
11.293000000000001,0.14994103905067357
11.294,0.20066018987011675
11.295,0.09899910764228127
11.296,0.026785859982620307
11.297,-0.04991405183602262
11.298,-0.12817699340985855
11.299,-0.05100716427971937
11.3,-0.11446064112889265
11.301,-0.1313759956261049
11.302,-0.2210012984817678
11.303,-0.4114530807720923
11.304,-0.37621546293089747
11.305,-0.321037797761964
11.306000000000001,-0.38830311107520166
11.307,-0.41818605316758156
11.308,-0.4604433194770142
11.309000000000001,-0.36734680196478803
11.31,-0.39563936547370765
11.311,-0.39134165050343245
11.312,-0.44029369055050505
11.313,-0.3863814830847158
11.314,-0.4432236838231066
11.315,-0.35878598109300386
11.316,-0.44980339770860517
11.317,-0.3684785491309511
11.318,-0.268869072612184
11.319,-0.09320940084921449
11.32,-0.2583091611668826
11.321,-0.18445620481745664
11.322000000000001,-0.06377714477201483
11.323,0.06252522827508326
11.324,0.03316994122357857
11.325000000000001,0.10683712925441574
11.326,0.10250922795411119
11.327,0.1398517421482347
11.328,0.21318608486929225
11.329,0.21695566133126373
11.33,0.32341490180706467
11.331,0.24024397071833564
11.332,0.39397968040598336
11.333,0.37553849329815303
11.334,0.38176894122556787
11.335,0.3238686859563418
11.336,0.3649381768504072
11.337,0.47605995374316395
11.338000000000001,0.4021593435542318
11.339,0.4172844610127639
11.34,0.344606077037097
11.341000000000001,0.36699710493387283
11.342,0.2746382204258385
11.343,0.3183143528021003
11.344,0.2976196845211521
11.345,0.25705251359161546
11.346,0.15446981523945078
11.347,0.13843870189454316
11.348,0.1361673074932081
11.349,0.05101451633897914
11.35,-0.0013290981378784941
11.351,0.059499990165364045
11.352,-0.13142014318781564
11.353,-0.07687054050006528
11.354000000000001,-0.23382199637359322
11.355,-0.18609879615743408
11.356,-0.22314515455969625
11.357000000000001,-0.32020476223632777
11.358,-0.38761620603279456
11.359,-0.45280179420172956
11.36,-0.40767774002020285
11.361,-0.3680471259364208
11.362,-0.4602313281701948
11.363,-0.40788718193950324
11.364,-0.4872479523366276
11.365,-0.4201127365795408
11.366,-0.4551338378557487
11.367,-0.38556444049942085
11.368,-0.3853481057299804
11.369,-0.39348294145891893
11.370000000000001,-0.33598566964415166
11.371,-0.314662301782762
11.372,-0.2948837410036158
11.373000000000001,-0.13313985136646772
11.374,-0.16081122822839716
11.375,-0.20648903140620634
11.376,-0.0798078573486968
11.377,0.045476293757391484
11.378,0.010040558928885696
11.379,0.17067990998998123
11.38,0.09930317111909599
11.381,0.21167121507986342
11.382,0.28010746068986897
11.383000000000001,0.2893952910863292
11.384,0.23307532856163873
11.385,0.2854156116993671
11.386000000000001,0.417184152207158
11.387,0.33963567125716043
11.388,0.4445897959883188
11.389000000000001,0.3847679953316189
11.39,0.41822475681210836
11.391,0.341047789329303
11.392,0.37348304630989904
11.393,0.34810877842680255
11.394,0.385734235579776
11.395,0.3565391956896311
11.396,0.34759517685029395
11.397,0.26805823592131367
11.398,0.21017421365994524
11.399000000000001,0.2263998089428364
11.4,0.12338280358430243
11.401,0.18398933863806105
11.402000000000001,0.07777368307100453
11.403,0.019493023117125776
11.404,0.010735012748528694
11.405,-0.06417472097755064
11.406,-0.19038955721618894
11.407,-0.20618728389302288
11.408,-0.1437290831605747
11.409,-0.233190142280104
11.41,-0.3589427762137064
11.411,-0.2909336580170815
11.412,-0.36590926621054387
11.413,-0.40640694746666983
11.414,-0.43965071586067594
11.415000000000001,-0.3468554046880227
11.416,-0.5040943387854651
11.417,-0.45106497820580943
11.418000000000001,-0.4009083077401958
11.419,-0.32011379754084834
11.42,-0.3579584094203583
11.421,-0.4092607620528107
11.422,-0.2667488386074707
11.423,-0.3825078831181284
11.424,-0.26869274062140736
11.425,-0.2209046919819956
11.426,-0.2493177349132617
11.427,-0.12753730431889612
11.428,-0.1430452972188923
11.429,-0.035928572527328055
11.43,-0.11504545985577644
11.431000000000001,0.04160112640747515
11.432,0.05180224796270608
11.433,0.17642981562510435
11.434000000000001,0.1616232654829326
11.435,0.2688840762994698
11.436,0.27153980572342495
11.437,0.2761099576379492
11.438,0.3542853258217887
11.439,0.3826662624847216
11.44,0.3898802772145151
11.441,0.26993157462666206
11.442,0.34837127150925
11.443,0.47417168527474673
11.444,0.34404999974610506
11.445,0.44724146697856804
11.446,0.4291561404529184
11.447000000000001,0.3428353080232835
11.448,0.25943016905625044
11.449,0.30587132362603026
11.450000000000001,0.40874429943780954
11.451,0.22801593258973596
11.452,0.19407870037843916
11.453,0.14331675406536842
11.454,0.2106929605805241
11.455,0.0925166367639628
11.456,0.026651888265570273
11.457,0.08112640619943189
11.458,-0.008191247169777285
11.459,-0.13021673720632843
11.46,-0.19133638037643994
11.461,-0.11633996058563414
11.462,-0.2150795369933351
11.463000000000001,-0.3320483719838614
11.464,-0.378900968847545
11.465,-0.3766878071521832
11.466000000000001,-0.4095638241144436
11.467,-0.4717939157365827
11.468,-0.4412627246476031
11.469,-0.44370611425845913
11.47,-0.4268624453868487
11.471,-0.319490670004114
11.472,-0.41231433993298694
11.473,-0.39668866805280933
11.474,-0.34683595728298544
11.475,-0.36302746201811686
11.476,-0.305184336569043
11.477,-0.2807193187614979
11.478,-0.25412792871993706
11.479000000000001,-0.0838677977451113
11.48,-0.13552130561397643
11.481,-0.19157103393855074
11.482000000000001,-0.07350403380306911
11.483,-0.08488272006044825
11.484,0.02434077471220251
11.485,-0.019454852310786433
11.486,0.04049224045852974
11.487,0.15831186260367247
11.488,0.23427071710380598
11.489,0.2502300342698742
11.49,0.30539383716609253
11.491,0.3153317245081627
11.492,0.33511453751249476
11.493,0.3266403261578522
11.494,0.4129492702184547
11.495000000000001,0.4388760381104393
11.496,0.3944586675521925
11.497,0.3962646295490822
11.498000000000001,0.4806321185726655
11.499,0.3934628442777768
11.5,0.3862545486330199
11.501,0.38939999781764384
11.502,0.33798942627115014
11.503,0.27483602208109337
11.504,0.30338146280765127
11.505,0.2472667296730891
11.506,0.30261742505151323
11.507,0.208341949702447
11.508000000000001,0.0952486491121714
11.509,0.11587382435353004
11.51,0.048136370288379984
11.511000000000001,0.05110484748210657
11.512,-0.08748087952421432
11.513,-0.09785183772181391
11.514000000000001,-0.15676938477501864
11.515,-0.19130809943845817
11.516,-0.27821379784973493
11.517,-0.24163796666390389
11.518,-0.28227139045072985
11.519,-0.2674510890896395
11.52,-0.3561710976484759
11.521,-0.39530582022413513
11.522,-0.3491191832532021
11.523,-0.43680114946822524
11.524000000000001,-0.3458706727802579
11.525,-0.34348925119201634
11.526,-0.3267979651153474
11.527000000000001,-0.3574925996718882
11.528,-0.3821278271008986
11.529,-0.32889781313668676
11.53,-0.287308181901477
11.531,-0.30206195311554646
11.532,-0.1713775931105082
11.533,-0.16974121847275042
11.534,-0.20134509118604715
11.535,-0.01843560762309858
11.536,-0.06202164442026961
11.537,-0.0750050690150465
11.538,-0.014961131460486842
11.539,0.14740651978835578
11.540000000000001,0.20970618724162174
11.541,0.2127186105112412
11.542,0.26974204093097137
11.543000000000001,0.30331282971640133
11.544,0.3056740853486697
11.545,0.3257814712415301
11.546,0.36354585413236434
11.547,0.3959254701321327
11.548,0.3396562568468403
11.549,0.4257442913979325
11.55,0.46911722472278816
11.551,0.38744281582137413
11.552,0.3781897106470104
11.553,0.40834188481464667
11.554,0.3373969790940406
11.555,0.28431101641723466
11.556000000000001,0.3829909104175946
11.557,0.2740317673080686
11.558,0.2643995338027146
11.559000000000001,0.19625010507479393
11.56,0.2507625972116124
11.561,0.18719185330437493
11.562,0.08812945587732242
11.563,-0.004557360399781919
11.564,-0.00936920709698596
11.565,-0.010065776020879165
11.566,-0.07514098116301202
11.567,-0.12393194291477651
11.568,-0.16181337858595526
11.569,-0.17507514912581196
11.57,-0.2527707827548759
11.571,-0.26236823155746064
11.572000000000001,-0.36446424879223027
11.573,-0.2133180592548413
11.574,-0.37638366487244856
11.575000000000001,-0.3681889200575971
11.576,-0.3610000010630513
11.577,-0.4154455114801433
11.578,-0.3946507462681465
11.579,-0.3899479261050406
11.58,-0.42475249932591913
11.581,-0.34121873926755214
11.582,-0.424707059703523
11.583,-0.22899871220390045
11.584,-0.24701924058700173
11.585,-0.22080576048648465
11.586,-0.30221761797546576
11.587,-0.21468186633187736
11.588000000000001,-0.06286163347839928
11.589,0.11976613193044812
11.59,0.01766333411736741
11.591000000000001,0.056061344905673494
11.592,0.07667081487576305
11.593,0.05354062609375699
11.594,0.18982613213824343
11.595,0.12720942625186765
11.596,0.16141231951881435
11.597,0.19486044399630106
11.598,0.34033869386194426
11.599,0.3176641623099381
11.6,0.35012885547173367
11.601,0.3640990085732122
11.602,0.32332806342781506
11.603,0.3555822987841347
11.604000000000001,0.3622339162601806
11.605,0.3217046937544539
11.606,0.36006747793132193
11.607000000000001,0.3192135578846613
11.608,0.3850223962205792
11.609,0.367144200912811
11.61,0.24277397705092296
11.611,0.2617570811385294
11.612,0.33472417645372077
11.613,0.15489486584705625
11.614,0.184481162902105
11.615,0.12540950109623658
11.616,0.13012376054794633
11.617,0.04457685859834353
11.618,-0.03782882929385799
11.619,-0.058749852830690646
11.620000000000001,-0.10296834727804727
11.621,-0.15507585312546912
11.622,-0.25780792662989055
11.623000000000001,-0.16839684626720286
11.624,-0.21273377891990813
11.625,-0.35008621396010076
11.626,-0.3406143138172687
11.627,-0.36003337755721854
11.628,-0.42498791695838845
11.629,-0.4738150820582881
11.63,-0.42206718722222936
11.631,-0.40906000621586214
11.632,-0.4606089340888805
11.633000000000001,-0.3716501882615973
11.634,-0.30906570627807645
11.635,-0.3067552263721266
11.636000000000001,-0.33204596660547936
11.637,-0.3901022215190564
11.638,-0.23056857752565252
11.639000000000001,-0.2236473865426909
11.64,-0.17119337698950907
11.641,-0.05441325021506241
11.642,-0.14919895713483033
11.643,-0.20696895695086137
11.644,-0.07031776268569437
11.645,0.052464468162075464
11.646,0.07490826551376946
11.647,0.057146694962916245
11.648,0.08966471412974798
11.649000000000001,0.18340946849181003
11.65,0.17653450799313558
11.651,0.29926165135467286
11.652000000000001,0.2832680537317076
11.653,0.2988911920745207
11.654,0.3141769199237948
11.655,0.3822272651850311
11.656,0.38308665615846554
11.657,0.3976820882447964
11.658,0.39787252066954426
11.659,0.3811764624189363
11.66,0.3237467655161093
11.661,0.3243297931070762
11.662,0.3215918351349363
11.663,0.42036464236837273
11.664,0.221080774405847
11.665000000000001,0.23502576581910814
11.666,0.22482462279491128
11.667,0.16566465162335997
11.668000000000001,0.19297316872073408
11.669,0.08039053958849846
11.67,0.03932640190825791
11.671,0.04633788161481661
11.672,0.050636813584186785
11.673,-0.014459904517405905
11.674,-0.13541512814617718
11.675,-0.17301468572779258
11.676,-0.2077908035759277
11.677,-0.239451053849593
11.678,-0.3224247706608117
11.679,-0.2626090451726094
11.68,-0.32421123982278094
11.681000000000001,-0.35726477270287127
11.682,-0.43415639539730655
11.683,-0.3779461802987641
11.684000000000001,-0.48092459366282614
11.685,-0.41522252716117175
11.686,-0.4088475658621647
11.687,-0.35564941616478696
11.688,-0.2602166732734541
11.689,-0.30494713200444923
11.69,-0.23586603291843758
11.691,-0.2465295833901788
11.692,-0.18921042283940892
11.693,-0.1159095568687492
11.694,-0.2057978552777651
11.695,-0.16718518055994436
11.696,-0.05027551110819788
11.697000000000001,-0.039150240221465585
11.698,0.017319530219569917
11.699,0.039030761255085374
11.700000000000001,0.06608496416146563
11.701,0.2200291746741346
11.702,0.12515663540656868
11.703,0.25312714043652534
11.704,0.2806439592577374
11.705,0.2075842085697357
11.706,0.2731343974570331
11.707,0.3053273714136192
11.708,0.3858034027438042
11.709,0.35339702375392223
11.71,0.37651281083650734
11.711,0.3116998718179849
11.712,0.49936413651036304
11.713000000000001,0.37983411062773814
11.714,0.38924550734235397
11.715,0.32026799813577717
11.716000000000001,0.2928908180931046
11.717,0.3949006678574949
11.718,0.17305979925720544
11.719,0.24876330232787885
11.72,0.13696763531025435
11.721,0.13729689019555472
11.722,0.08349111919249452
11.723,0.02237265012805939
11.724,0.028749574556643443
11.725,-0.14647117261246617
11.726,-0.07862330900817575
11.727,-0.11125728503370338
11.728,-0.21711047589116705
11.729000000000001,-0.11381556136244426
11.73,-0.2569001157729761
11.731,-0.2736043034901114
11.732000000000001,-0.3222710975834024
11.733,-0.3236207518482353
11.734,-0.27660089327449533
11.735,-0.23609843786170093
11.736,-0.33524127208087584
11.737,-0.3257563994034545
11.738,-0.29672334904815845
11.739,-0.3672148557693905
11.74,-0.2930266106506605
11.741,-0.3186810340124097
11.742,-0.3329295063166667
11.743,-0.29975805639884023
11.744,-0.3811276791874888
11.745000000000001,-0.24424515694477894
11.746,-0.3012772423264384
11.747,-0.26751725601642057
11.748000000000001,-0.13622189932324338
11.749,-0.1591877815922393
11.75,-0.06004867590865672
11.751,-0.008175830890009037
11.752,0.038839770714008286
11.753,0.028837978872258342
11.754,0.1622954940346696
11.755,0.15458074885619927
11.756,0.22056729137452263
11.757,0.17540914615835032
11.758000000000001,0.2597739406913233
11.759,0.35329589027029135
11.76,0.37255409089570407
11.761000000000001,0.30531641933347825
11.762,0.33427128061865347
11.763,0.32349162580344865
11.764000000000001,0.34633597431479907
11.765,0.31020404893772413
11.766,0.369007984408343
11.767,0.3981522608682278
11.768,0.31277253551925116
11.769,0.328177589794509
11.77,0.297786948849526
11.771,0.333424376122802
11.772,0.21808780543584153
11.773,0.18449073869219723
11.774000000000001,0.13260951745987157
11.775,0.07729882605101626
11.776,0.11806459387430748
11.777000000000001,0.04103580652743895
11.778,0.0060773648652194204
11.779,0.022587118449538167
11.78,-0.018436791901957905
11.781,-0.21005758619480255
11.782,-0.1362800812764548
11.783,-0.19597283657759973
11.784,-0.26604457933118536
11.785,-0.25892606358807907
11.786,-0.39016548640060544
11.787,-0.2550493297364895
11.788,-0.3222346781033539
11.789,-0.40623644594254293
11.790000000000001,-0.40223127936921815
11.791,-0.46295629229648916
11.792,-0.3931244810258305
11.793000000000001,-0.39598763855285846
11.794,-0.4274068038593153
11.795,-0.3066419049679344
11.796,-0.2612065585222066
11.797,-0.3015111763820558
11.798,-0.28639476896596583
11.799,-0.21660697149185948
11.8,-0.20330958778465383
11.801,-0.21763378102716718
11.802,-0.15511776190308008
11.803,-0.0945933173082667
11.804,-0.023568008494697052
11.805,0.008761287653607439
11.806000000000001,0.06295176918163839
11.807,0.019589344277378087
11.808,0.17114968200437608
11.809000000000001,0.17819897832493817
11.81,0.34333178882985943
11.811,0.23099325869427617
11.812,0.2977601909986547
11.813,0.45036530925994156
11.814,0.3416558425452222
11.815,0.34703052633344095
11.816,0.31468804948228535
11.817,0.4490450833172725
11.818,0.3181334150918814
11.819,0.39571488097725743
11.82,0.3437910448357364
11.821,0.3460487646627208
11.822000000000001,0.2674694415077619
11.823,0.3843109550781881
11.824,0.277389854623275
11.825000000000001,0.20064550550626803
11.826,0.29056354750015756
11.827,0.16612292179295549
11.828,0.16883847599740914
11.829,0.1528767134065273
11.83,0.0916951135597384
11.831,-0.08557029002090005
11.832,0.014981296014951555
11.833,-0.06857397065782249
11.834,-0.12285704857302453
11.835,-0.15323673493233977
11.836,-0.2676072186139481
11.837,-0.21422358493566968
11.838000000000001,-0.32567697159450093
11.839,-0.30181110917519244
11.84,-0.30579112246736795
11.841000000000001,-0.2816532559139454
11.842,-0.39345403404236523
11.843,-0.29214571724256994
11.844,-0.32460071254426753
11.845,-0.39550133010672295
11.846,-0.4263983280977644
11.847,-0.43496873958902493
11.848,-0.33600930837071724
11.849,-0.3684661010268089
11.85,-0.2490748787715484
11.851,-0.3162085970512708
11.852,-0.29657590712770626
11.853,-0.2057159960959756
11.854000000000001,-0.21457180584575558
11.855,-0.14024442139903814
11.856,-0.04985216923849028
11.857000000000001,-0.05042036646719829
11.858,-0.006605880393491112
11.859,0.04138709740648369
11.86,-0.010188877422825912
11.861,0.13634944714123007
11.862,0.16541819136640049
11.863,0.2405431662504562
11.864,0.26194862216496034
11.865,0.25411166684381975
11.866,0.34472357682899846
11.867,0.3033142258888148
11.868,0.3507516596636452
11.869,0.3386105302200941
11.870000000000001,0.3881407347879146
11.871,0.35207583313134677
11.872,0.45400951445942433
11.873000000000001,0.46810787851083735
11.874,0.4014833623101978
11.875,0.4204693431915115
11.876,0.24733354690213177
11.877,0.22965229155250586
11.878,0.2569340697145201
11.879,0.24361232468469096
11.88,0.19686215948684319
11.881,0.08705145994685513
11.882,0.1868071977165978
11.883000000000001,0.19524208724671635
11.884,0.10869687037586889
11.885,0.05544143672298173
11.886000000000001,-0.031008765916819614
11.887,-0.12734300491571587
11.888,-0.12325260518505542
11.889000000000001,-0.06151875788870026
11.89,-0.22200039495094248
11.891,-0.26191792091740695
11.892,-0.21526203116657291
11.893,-0.23965586078323775
11.894,-0.364323504577507
11.895,-0.3541427307048841
11.896,-0.38059368877138744
11.897,-0.3615367272462868
11.898,-0.314323288063222
11.899000000000001,-0.40909932907044927
11.9,-0.3087194948923348
11.901,-0.3474200591298076
11.902000000000001,-0.2206376229546081
11.903,-0.3008115087837868
11.904,-0.2970463742846293
11.905,-0.23489399604616273
11.906,-0.24829380156385866
11.907,-0.28582972647190835
11.908,-0.17003350079715734
11.909,-0.13060110885710838
11.91,-0.15557431657705617
11.911,-0.03675258254949822
11.912,-0.09316036632642745
11.913,0.03594803544182362
11.914,0.10789602941575839
11.915000000000001,0.1416125037424424
11.916,0.15535297401181505
11.917,0.2083321123638447
11.918000000000001,0.20716105866674633
11.919,0.2772500835226877
11.92,0.30613096553094404
11.921,0.280539970362427
11.922,0.3567656552652672
11.923,0.3695400559834622
11.924,0.35632372862101114
11.925,0.4888229247469959
11.926,0.35880022292602026
11.927,0.3448956296526758
11.928,0.3258152360488553
11.929,0.28168747474892797
11.93,0.3432830899623726
11.931000000000001,0.2491787206701489
11.932,0.2256988709098725
11.933,0.1942986589723796
11.934000000000001,0.13604211107178021
11.935,0.059274266609532486
11.936,0.08321248889371799
11.937,0.10810796722494873
11.938,0.0315010957277218
11.939,0.056611234117915035
11.94,-0.026625991160200604
11.941,-0.07982915803340124
11.942,-0.052269219932409336
11.943,-0.18959790572356455
11.944,-0.21736277494640419
11.945,-0.25381054209123505
11.946,-0.20526375528042617
11.947000000000001,-0.3076367943871119
11.948,-0.36123230660043065
11.949,-0.31594844765928154
11.950000000000001,-0.3978911510037082
11.951,-0.3372227368913685
11.952,-0.34500270496911717
11.953,-0.37192092499166396
11.954,-0.32592069385267586
11.955,-0.4154813824337579
11.956,-0.3151274452169753
11.957,-0.32414813466235143
11.958,-0.1314904832997373
11.959,-0.23663147529936193
11.96,-0.2407043417131796
11.961,-0.24336856084540837
11.962,-0.07036209729323892
11.963000000000001,-0.11245938390952533
11.964,-0.09255863859260303
11.965,0.006503575781404324
11.966000000000001,0.06497844300235706
11.967,0.10652810330603972
11.968,0.11710650607497779
11.969,0.16374881022818077
11.97,0.20489703119674393
11.971,0.24494025511535325
11.972,0.28103036418772753
11.973,0.3425795713274945
11.974,0.31476818457801164
11.975,0.29088701228239433
11.976,0.33971066809890527
11.977,0.39502311132415313
11.978,0.2734857391535695
11.979000000000001,0.2742483907553366
11.98,0.4046650352245999
11.981,0.42527858553643805
11.982000000000001,0.2717224005287111
11.983,0.32110309516796826
11.984,0.2728509096276962
11.985,0.25250738690908947
11.986,0.24989664011809593
11.987,0.13582617715922496
11.988,0.10820898095524889
11.989,0.10936790653484894
11.99,0.07632327123461911
11.991,-0.014679409966709848
11.992,0.0385708779391912
11.993,-0.06428898032858667
11.994,-0.1063849078181163
11.995000000000001,-0.11185069207930802
11.996,-0.17136469237912388
11.997,-0.15969107874250865
11.998000000000001,-0.2820874280571819
11.999,-0.33587723565001787
12.0,-0.3084087296848339
12.001,-0.3127693608002026
12.002,-0.3963176733069261
12.003,-0.4175499495842881
12.004,-0.34812401557374173
12.005,-0.3992756871997633
12.006,-0.43317600653721483
12.007,-0.3064767472527566
12.008000000000001,-0.3756387058493488
12.009,-0.2711248183356281
12.01,-0.30723431582389366
12.011000000000001,-0.26971544362544836
12.012,-0.26691245768136085
12.013,-0.35745748058416627
12.014000000000001,-0.2468160623472624
12.015,-0.1589350498205338
12.016,-0.09499713251097103
12.017,-0.1617567614541016
12.018,-0.033013425264900954
12.019,-0.04410624471531231
12.02,0.06589495449436907
12.021,0.0945864610730608
12.022,0.17278936542095627
12.023,0.22712675213523764
12.024000000000001,0.23249450023642854
12.025,0.2854201801694279
12.026,0.25438322586754486
12.027000000000001,0.4387951326093529
12.028,0.2583230132569707
12.029,0.31009027786293053
12.030000000000001,0.3941140174211322
12.031,0.39443278004341575
12.032,0.38399456627483675
12.033,0.3912602959440387
12.034,0.24625805823434865
12.035,0.4180140891549641
12.036,0.31180543457937016
12.037,0.36331322202065564
12.038,0.17421953845650684
12.039,0.2598085630140494
12.040000000000001,0.1864964491955601
12.041,0.20802299719573644
12.042,0.1575572134514481
12.043000000000001,0.12035502281747443
12.044,0.008064193825054258
12.045,0.016297570361557573
12.046,-0.03197395445905992
12.047,-0.03997743041706819
12.048,-0.05614529311443374
12.049,-0.13748040423077887
12.05,-0.24619123239512336
12.051,-0.21185198485683163
12.052,-0.11851593785694725
12.053,-0.19516114180335625
12.054,-0.4507359065156154
12.055,-0.3192292430810485
12.056000000000001,-0.291717626774176
12.057,-0.35869617571584894
12.058,-0.3790163906237334
12.059000000000001,-0.37088122319772265
12.06,-0.3265149448688009
12.061,-0.4032586260007773
12.062,-0.27334703392198567
12.063,-0.31794505105836335
12.064,-0.33992320939620924
12.065,-0.21094849834373733
12.066,-0.3147442033258463
12.067,-0.2323081575871888
12.068,-0.19738524007109032
12.069,-0.023546055574158606
12.07,-0.12514934964725694
12.071,-0.15756529437477726
12.072000000000001,-0.037156960137713836
12.073,0.056555814886135716
12.074,0.11434377184964115
12.075000000000001,0.22927449815706746
12.076,0.2244918201613477
12.077,0.2001011050807654
12.078,0.18004773395423943
12.079,0.33662247118939104
12.08,0.2642612216776981
12.081,0.27314109441344664
12.082,0.30432567582376774
12.083,0.27720425119446007
12.084,0.32651590475557607
12.085,0.3432335064698401
12.086,0.39164894643773857
12.087,0.3310429952925181
12.088000000000001,0.27757626942736263
12.089,0.2465659412468405
12.09,0.3185395187437797
12.091000000000001,0.2887595782215093
12.092,0.2305586179756212
12.093,0.20449798152590515
12.094,0.2137629322694259
12.095,0.22766851459125997
12.096,0.08077157788190831
12.097,0.0842263345594617
12.098,0.08661399211632179
12.099,-0.04170225649873834
12.1,-0.045217761420944656
12.101,-0.08724548832444182
12.102,-0.19062622694151093
12.103,-0.1546114477394588
12.104000000000001,-0.19717043152676586
12.105,-0.20394970429359624
12.106,-0.3207962712690426
12.107000000000001,-0.28708446496630174
12.108,-0.24065158742703902
12.109,-0.22373910080951773
12.11,-0.27695927876480037
12.111,-0.40846464278475414
12.112,-0.33088022179086135
12.113,-0.37653777257785886
12.114,-0.3322753574501111
12.115,-0.3743970396842487
12.116,-0.4061508697912899
12.117,-0.317982228312056
12.118,-0.24076730905975208
12.119,-0.2348311106987659
12.120000000000001,-0.19799295747780432
12.121,-0.17323775372349037
12.122,-0.12722065362629004
12.123000000000001,-0.08234579338258087
12.124,-0.08244576212332279
12.125,-0.02352702200240939
12.126,0.10089576935430614
12.127,0.062032088853129025
12.128,0.09748180076763706
12.129,0.139589374685923
12.13,0.16077130618998264
12.131,0.18473820663848087
12.132,0.24891758305960443
12.133000000000001,0.24187427036857684
12.134,0.2848654191686043
12.135,0.27355847675127115
12.136000000000001,0.3351027247110624
12.137,0.3709773935571402
12.138,0.338520575325088
12.139000000000001,0.2512298968810839
12.14,0.3788508328623988
12.141,0.34820979469447405
12.142,0.28069262923442084
12.143,0.3526218652793569
12.144,0.22331974824003503
12.145,0.3207599817849981
12.146,0.23717872918615202
12.147,0.09486380447892638
12.148,0.1826250422219328
12.149000000000001,0.11642014743938524
12.15,0.07003900964147391
12.151,0.02081376624077324
12.152000000000001,0.010379236754831623
12.153,-0.04869302224464274
12.154,-0.15808757232357595
12.155000000000001,-0.041552387102654506
12.156,-0.15580990161447394
12.157,-0.21662923840420584
12.158,-0.2703968241318801
12.159,-0.20641796462631867
12.16,-0.3374650243335568
12.161,-0.28966391879404846
12.162,-0.3452697827257274
12.163,-0.35771634978148503
12.164,-0.3974054628826983
12.165000000000001,-0.3793029369848479
12.166,-0.34910162844774417
12.167,-0.3342124344166317
12.168000000000001,-0.37692514412455225
12.169,-0.3292082696129607
12.17,-0.2627843689483319
12.171,-0.36865608371759323
12.172,-0.2602283941580172
12.173,-0.2782718735078951
12.174,-0.25101587773793427
12.175,-0.15025868567284975
12.176,-0.15326269410408655
12.177,-0.1478097045072001
12.178,0.019457798579547235
12.179,0.0400890215925806
12.18,-0.061625441320486016
12.181000000000001,0.0016741970754845376
12.182,0.1444177970530057
12.183,0.13825213951753496
12.184000000000001,0.26315721802281733
12.185,0.25196936784702967
12.186,0.26608710345403197
12.187,0.22650741470366648
12.188,0.32482102906021143
12.189,0.2549603936681171
12.19,0.39810820531546204
12.191,0.36345560064461174
12.192,0.3058860608824854
12.193,0.38735270472676814
12.194,0.4544007775710722
12.195,0.3219319401511929
12.196,0.34623739319732405
12.197000000000001,0.27864114294909953
12.198,0.2818847053349886
12.199,0.17582198547091293
12.200000000000001,0.22127201680690325
12.201,0.1905537594988444
12.202,0.2428179803465481
12.203,0.025518530928095196
12.204,0.062051747450157596
12.205,0.10029636922396003
12.206,-0.01688139964368756
12.207,-0.05396007508430688
12.208,-0.12701326502055332
12.209,-0.17074443903371367
12.21,-0.25244333940748187
12.211,-0.22741064201658148
12.212,-0.27750078884946944
12.213000000000001,-0.2510570054692641
12.214,-0.3217135621481616
12.215,-0.32777791297935127
12.216000000000001,-0.34367951970773974
12.217,-0.3363147278713983
12.218,-0.36856101432055327
12.219,-0.39873234692730625
12.22,-0.3400961865350409
12.221,-0.28500449192795174
12.222,-0.321286957748288
12.223,-0.34301941238393074
12.224,-0.2992015417390051
12.225,-0.37205982381726804
12.226,-0.24927631582804827
12.227,-0.2317727709784937
12.228,-0.22497041619536054
12.229000000000001,-0.18000061710784698
12.23,-0.12505766559067844
12.231,-0.015647840589173928
12.232000000000001,0.029490814527598067
12.233,-0.031030570384462747
12.234,0.029730735052469523
12.235,0.07048011122465837
12.236,0.1737340873240989
12.237,0.17682618056588206
12.238,0.20813163740690482
12.239,0.2614268731912471
12.24,0.23266710392375
12.241,0.35492564732370707
12.242,0.3069244337369321
12.243,0.28025526558438807
12.244,0.32314762674098946
12.245000000000001,0.4031865786925496
12.246,0.32258132986554205
12.247,0.3888233343688994
12.248000000000001,0.30288025660542045
12.249,0.28406276664573343
12.25,0.33908516628622853
12.251,0.24195271654648323
12.252,0.30239486769777224
12.253,0.2508739401331376
12.254,0.1584331908330896
12.255,0.16458766482904186
12.256,0.10446392722249785
12.257,0.11129106074384822
12.258000000000001,0.14889396409600864
12.259,-0.00410425991086227
12.26,0.0008645771632839507
12.261000000000001,-0.06448448220533089
12.262,-0.1034632981908263
12.263,-0.15042677037739502
12.264000000000001,-0.22056199475894084
12.265,-0.19399408044730287
12.266,-0.25532872270883883
12.267,-0.3129384921774463
12.268,-0.24009480080549025
12.269,-0.30493909999130414
12.27,-0.33610034464176175
12.271,-0.26801575736610656
12.272,-0.4325227937069225
12.273,-0.2780780996248702
12.274000000000001,-0.3820174353535587
12.275,-0.3190619256797346
12.276,-0.3461312136449984
12.277000000000001,-0.3456064073633357
12.278,-0.21236916142578482
12.279,-0.16003525763936394
12.280000000000001,-0.2352146979450439
12.281,-0.1756087711126055
12.282,-0.15512309750587497
12.283,-0.03487403398351961
12.284,-0.18882530125275898
12.285,-0.024949472673686607
12.286,-0.0402124292021865
12.287,-0.08166839636776196
12.288,0.05757432458024943
12.289,0.20641544993324282
12.290000000000001,0.11803476378107862
12.291,0.22510473398493047
12.292,0.277656412041833
12.293000000000001,0.24622917130857963
12.294,0.2786123786688612
12.295,0.2087314347205913
12.296,0.276624891674801
12.297,0.37135535693419064
12.298,0.33811066078774704
12.299,0.3578921699871752
12.3,0.3459486443583737
12.301,0.44397910248104416
12.302,0.30333320745071374
12.303,0.3911353269014266
12.304,0.2992657557547143
12.305,0.35500019191899485
12.306000000000001,0.18302399993149346
12.307,0.22413143701448277
12.308,0.1628900454324193
12.309000000000001,0.15472007439852808
12.31,0.17201506452403945
12.311,0.09147313012719062
12.312,0.09420432210057349
12.313,-0.040114313845729464
12.314,-0.08742568548805724
12.315,-0.08450465697988727
12.316,-0.125075956593286
12.317,-0.16855615292154158
12.318,-0.24110376142798365
12.319,-0.16447118285092086
12.32,-0.2706703566733873
12.321,-0.20585603539490832
12.322000000000001,-0.29732281458159143
12.323,-0.282222023569741
12.324,-0.29909664315923784
12.325000000000001,-0.37602140325107347
12.326,-0.3196539552434817
12.327,-0.2401425175048837
12.328,-0.31788425962182976
12.329,-0.27475335396127
12.33,-0.2701012345728236
12.331,-0.2701646656708166
12.332,-0.2530173398405133
12.333,-0.20819259350453378
12.334,-0.1673750651243911
12.335,-0.24030715935756852
12.336,-0.12512645508707682
12.337,-0.10960739516459736
12.338000000000001,-0.08152310758349482
12.339,0.04214606879383406
12.34,-0.01971905413447294
12.341000000000001,-0.013459929790113033
12.342,0.13461219717246836
12.343,0.06103104680565111
12.344,0.071041793399443
12.345,0.24591728553273648
12.346,0.23872683954744778
12.347,0.28151902441720333
12.348,0.25928730407276607
12.349,0.2318245016125784
12.35,0.2572329786792837
12.351,0.3140201968825393
12.352,0.27059527726571886
12.353,0.35154342356355534
12.354000000000001,0.3104075218334455
12.355,0.33552476769164136
12.356,0.3222778095107678
12.357000000000001,0.3177766238191702
12.358,0.30321937782668024
12.359,0.2370312827937812
12.36,0.2359110359397445
12.361,0.20788522388959024
12.362,0.04132208806072833
12.363,0.15954468874769465
12.364,0.09742834213697796
12.365,0.0796223284832515
12.366,-0.05212636959898672
12.367,-0.04292887442309967
12.368,-0.12068202018180632
12.369,-0.06691308530196695
12.370000000000001,-0.2109848478347245
12.371,-0.22179210552350292
12.372,-0.180841875302629
12.373000000000001,-0.2683495143825837
12.374,-0.309345460827485
12.375,-0.2399993365439197
12.376,-0.25641592022611237
12.377,-0.2819680403223051
12.378,-0.2855151276378312
12.379,-0.3448831532148511
12.38,-0.3442900757586625
12.381,-0.36261489315750595
12.382,-0.3134239439489016
12.383000000000001,-0.33537178598421136
12.384,-0.3135423321558277
12.385,-0.2407892050996369
12.386000000000001,-0.18672816979703652
12.387,-0.19783259470825398
12.388,-0.09683018916457166
12.389000000000001,-0.18806342433029705
12.39,-0.20883581241637245
12.391,-0.04375802384645328
12.392,-0.07955327912394217
12.393,-0.015569858657286597
12.394,-0.05128913485712327
12.395,0.030796836207289346
12.396,0.03814201796696304
12.397,0.1274571550309848
12.398,0.16329202867932413
12.399000000000001,0.2188274998141203
12.4,0.3046575064633995
12.401,0.30150106514269387
12.402000000000001,0.20783114134167474
12.403,0.3366318679785742
12.404,0.32488119378355085
12.405000000000001,0.3230570815184797
12.406,0.33094348182362415
12.407,0.3418562070398369
12.408,0.29201257084212917
12.409,0.30796704070440317
12.41,0.36239173065580293
12.411,0.24993551937143077
12.412,0.21164907848103787
12.413,0.23445218856944686
12.414,0.15213925683220725
12.415000000000001,0.09079377835612762
12.416,0.12554897340365542
12.417,0.17908884059248414
12.418000000000001,0.06715768553798948
12.419,0.03951018610455244
12.42,-0.11483808508500017
12.421,-0.025205200915686093
12.422,-0.08055820481231485
12.423,-0.15539628310866654
12.424,-0.14837253090166755
12.425,-0.18190904686364903
12.426,-0.273790568776868
12.427,-0.23156748675530375
12.428,-0.21221466492128588
12.429,-0.3036188242479295
12.43,-0.3517146038192963
12.431000000000001,-0.3290694209072305
12.432,-0.2848960037426802
12.433,-0.391858909934136
12.434000000000001,-0.2999731102963383
12.435,-0.3566261029246584
12.436,-0.29999992833627476
12.437,-0.3253990055229494
12.438,-0.30652181391472455
12.439,-0.17917772891610403
12.44,-0.2994377664549597
12.441,-0.17522027853486058
12.442,-0.08068965680333579
12.443,-0.09845473574755495
12.444,-0.1629452440167435
12.445,-0.12281535488293181
12.446,-0.057869578690400214
12.447000000000001,0.02631866493444069
12.448,0.06816173576193986
12.449,0.030921000284058947
12.450000000000001,0.08719047314347395
12.451,0.12475782491545248
12.452,0.18850437767517594
12.453,0.32624932919581
12.454,0.20668593325535384
12.455,0.22732432831506114
12.456,0.2385251100629972
12.457,0.34189175275168215
12.458,0.3186981852025051
12.459,0.28217798157806434
12.46,0.3105629280529151
12.461,0.28630821707770027
12.462,0.33336771464357146
12.463000000000001,0.44109246623528064
12.464,0.31849154645564703
12.465,0.266369124109532
12.466000000000001,0.2141119756240934
12.467,0.15313264574629493
12.468,0.22690319979323792
12.469,0.19149267129392122
12.47,0.09936817515670282
12.471,0.146811589225045
12.472,0.04949960582772313
12.473,0.048829619505099266
12.474,-0.013574265991156916
12.475,-0.07530913541418935
12.476,-0.15133266801925355
12.477,-0.14655764911110877
12.478,-0.13093548794969787
12.479000000000001,-0.22980221830809355
12.48,-0.21093477256222806
12.481,-0.3123618647656775
12.482000000000001,-0.2409547418152016
12.483,-0.28217442281500293
12.484,-0.371677446814921
12.485,-0.33222179986414685
12.486,-0.2794684740271293
12.487,-0.3895145329137397
12.488,-0.37613043128133944
12.489,-0.317632168250908
12.49,-0.19473759897421472
12.491,-0.31812990726266266
12.492,-0.2389190005666791
12.493,-0.22623111274674956
12.494,-0.240981076663834
12.495000000000001,-0.17281134695434894
12.496,-0.17014201181464902
12.497,-0.13049973238024493
12.498000000000001,-0.15899456948301238
12.499,-0.03944284830408181
12.5,0.04495467533105966
12.501,0.0410762758349568
12.502,0.13039260714798867
12.503,0.1414840665624743
12.504,0.14452520131358215
12.505,0.14909231259760775
12.506,0.18665957408385117
12.507,0.16501003297929445
12.508000000000001,0.24944426893766955
12.509,0.2907275571707898
12.51,0.3859119476833213
12.511000000000001,0.3391252774472465
12.512,0.27771849261640275
12.513,0.2528163174732869
12.514000000000001,0.31380142217488566
12.515,0.3595932205710895
12.516,0.29845434812315197
12.517,0.3228018263286352
12.518,0.268792886431286
12.519,0.2920226564474945
12.52,0.15111059225335532
12.521,0.28280972762392464
12.522,0.1158223417522691
12.523,0.17762846092505316
12.524000000000001,0.08894031125704327
12.525,0.059966847214866344
12.526,0.016020752455078235
12.527000000000001,0.0028024386446480667
12.528,-0.025001664004317994
12.529,-0.032183933761955885
12.530000000000001,-0.0507397952568405
12.531,-0.13889620411501208
12.532,-0.10199556499613811
12.533,-0.21262169057651661
12.534,-0.18998152145686326
12.535,-0.245627732778741
12.536,-0.31404250955302043
12.537,-0.2930799743825141
12.538,-0.2883704879628905
12.539,-0.3221991434569971
12.540000000000001,-0.30258380370914695
12.541,-0.2781386088418294
12.542,-0.3163252368858178
12.543000000000001,-0.4517585102656155
12.544,-0.2058637464028817
12.545,-0.28588115297539357
12.546,-0.2896616457452893
12.547,-0.2787827442771143
12.548,-0.21042144675992225
12.549,-0.19010158241180386
12.55,-0.16496007076513267
12.551,-0.1266093530947465
12.552,-0.02914900057221794
12.553,0.0835004739131151
12.554,0.060861929640711104
12.555,0.11352498063702962
12.556000000000001,0.07527924276773958
12.557,0.13482425809898882
12.558,0.18455486949233973
12.559000000000001,0.16162811056943677
12.56,0.20199865070212444
12.561,0.29160154169281705
12.562,0.3255355299431516
12.563,0.292792629709487
12.564,0.24406764160719896
12.565,0.2992545530073876
12.566,0.2478425341041467
12.567,0.32513126216359683
12.568,0.33117215674548434
12.569,0.29750894301864783
12.57,0.3114873687480467
12.571,0.3044814044547036
12.572000000000001,0.27681025234500345
12.573,0.18059052429468597
12.574,0.20139554358078388
12.575000000000001,0.20500268564746615
12.576,0.2313665586661925
12.577,0.1046670997475321
12.578,0.11002172577452743
12.579,0.08948156072607782
12.58,-0.0017759778917670766
12.581,0.02786193506153038
12.582,-0.006640318511979132
12.583,-0.03398448038306805
12.584,-0.11490153298736175
12.585,-0.052720985983959454
12.586,-0.23202915768206428
12.587,-0.12281071711010087
12.588000000000001,-0.21518025841046484
12.589,-0.20764999485119287
12.59,-0.30794980445623427
12.591000000000001,-0.26297054669374165
12.592,-0.24287882105018044
12.593,-0.37329282352680465
12.594,-0.3273897428465067
12.595,-0.42218350722812553
12.596,-0.3155922802495214
12.597,-0.3348063679122512
12.598,-0.2881766818188837
12.599,-0.11057265859552678
12.6,-0.1468000566924058
12.601,-0.277400139779239
12.602,-0.14755770049127906
12.603,-0.10291016076058622
12.604000000000001,-0.12530781953942546
12.605,-0.06357366510132864
12.606,-0.021781730917703298
12.607000000000001,-0.06552816953024021
12.608,-0.012421374596966427
12.609,0.08454726927129338
12.61,0.1166276114401226
12.611,0.11040003570406384
12.612,0.1382552448072341
12.613,0.20316383517819508
12.614,0.27876382719835335
12.615,0.25419189055657776
12.616,0.3591455917496267
12.617,0.25936973199115193
12.618,0.3159057343507115
12.619,0.29639776778589527
12.620000000000001,0.3470390732448117
12.621,0.277709484615678
12.622,0.40793957294089095
12.623000000000001,0.2175266134035242
12.624,0.3741584816912902
12.625,0.27524106342091936
12.626,0.276994873048135
12.627,0.29130288057746134
12.628,0.23957699250015863
12.629,0.12960984683393492
12.63,0.16325569559979075
12.631,0.19194167588114597
12.632,0.018175809330895645
12.633000000000001,0.13158715457805298
12.634,0.007737831397661019
12.635,-0.07024688068478466
12.636000000000001,-0.12960278472691433
12.637,-0.13126922710270691
12.638,-0.2513647573159941
12.639000000000001,-0.2057273510456712
12.64,-0.2269125880134931
12.641,-0.2933288283984565
12.642,-0.224743601645843
12.643,-0.291978500289316
12.644,-0.3278517440784912
12.645,-0.3232625830939831
12.646,-0.2959373977028476
12.647,-0.3124010640848277
12.648,-0.3491218525999252
12.649000000000001,-0.30147227024026313
12.65,-0.2997303826973789
12.651,-0.339518575121454
12.652000000000001,-0.2784302234832582
12.653,-0.2128657854765404
12.654,-0.18772878449223168
12.655000000000001,-0.19936511092985368
12.656,-0.12298138225810214
12.657,-0.17262196510149336
12.658,-0.13618734708814015
12.659,-0.06520573320621677
12.66,0.059040896751167526
12.661,0.02933363333203292
12.662,0.044103808966477115
12.663,0.17096678310469576
12.664,0.11399305625220203
12.665000000000001,0.2728728574815662
12.666,0.16613298429155582
12.667,0.1690159868229002
12.668000000000001,0.2361503447830957
12.669,0.25349944943782277
12.67,0.2433772953880692
12.671000000000001,0.427752053869751
12.672,0.32336530901400384
12.673,0.3361845499842386
12.674,0.2910990893420177
12.675,0.2821984353484181
12.676,0.3549612556462359
12.677,0.20830906443669678
12.678,0.21935356089433575
12.679,0.2447216252884635
12.68,0.30169350631499053
12.681000000000001,0.18925103552510825
12.682,0.1997639223268827
12.683,0.1488672464013517
12.684000000000001,0.17879817645680862
12.685,-0.0003038421989713519
12.686,0.07960404210760458
12.687,-0.0038404639552048194
12.688,0.015578544852082467
12.689,-0.10796170567476121
12.69,-0.10117096499461119
12.691,-0.14148250380538518
12.692,-0.2185513430219181
12.693,-0.26218710252322863
12.694,-0.25417939733604955
12.695,-0.24253916763760802
12.696,-0.3073148774758483
12.697000000000001,-0.3026828731610681
12.698,-0.3932265705191167
12.699,-0.3261000641597665
12.700000000000001,-0.2607752022582468
12.701,-0.2767798870881924
12.702,-0.31216741494125205
12.703,-0.2871790945526942
12.704,-0.3281915705199467
12.705,-0.1890250530642441
12.706,-0.1466084850160198
12.707,-0.21806698156989412
12.708,-0.06997537774957022
12.709,-0.2039810111500668
12.71,-0.20065716645308854
12.711,-0.13982512875278055
12.712,-0.0801348309682248
12.713000000000001,0.08256533662273895
12.714,-0.010533311061279822
12.715,-0.0029594546260566443
12.716000000000001,0.03103197651511204
12.717,0.16782536936328177
12.718,0.1940161766974177
12.719,0.15120267478662663
12.72,0.11058051444214698
12.721,0.1740035071517288
12.722,0.3393710331411336
12.723,0.30712304888088837
12.724,0.2915620670662652
12.725,0.39335595626095476
12.726,0.4053162659491234
12.727,0.308847519748882
12.728,0.3087264021874208
12.729000000000001,0.2751952194109465
12.73,0.28056698841286265
12.731,0.20692027701266277
12.732000000000001,0.18928501202827258
12.733,0.1566095788022685
12.734,0.2725598427375375
12.735,0.11287341534714296
12.736,0.25842124143320916
12.737,0.09217787410695805
12.738,0.1815771627427621
12.739,0.04117840747502516
12.74,-0.054961288954776366
12.741,0.051147183715765765
12.742,0.020856789930217556
12.743,-0.13003977513993703
12.744,-0.13563743674114237
12.745000000000001,-0.19700646100137348
12.746,-0.18829948553406883
12.747,-0.20491244356867713
12.748000000000001,-0.2529926826773681
12.749,-0.3482315180322545
12.75,-0.30463807001758564
12.751,-0.25491816158845637
12.752,-0.31103360664913265
12.753,-0.32330672419942535
12.754,-0.3555853690275229
12.755,-0.33739940787254985
12.756,-0.2300696067105846
12.757,-0.3469856541506149
12.758000000000001,-0.23944179782272815
12.759,-0.25482450677392443
12.76,-0.22309316687291778
12.761000000000001,-0.24687269488621455
12.762,-0.19987678574601198
12.763,-0.1521055976600819
12.764000000000001,-0.1453043441030808
12.765,-0.06852013801506907
12.766,-0.026881776256698704
12.767,0.09489071027514018
12.768,0.03634835603638013
12.769,-0.03731434946281018
12.77,0.1514888871828491
12.771,0.11688303539633746
12.772,0.2596453639247052
12.773,0.2623616935941312
12.774000000000001,0.19070287666522723
12.775,0.2762233442745217
12.776,0.23127173789940492
12.777000000000001,0.27833872410892097
12.778,0.32539541705197217
12.779,0.35661247134458124
12.780000000000001,0.35093589068536435
12.781,0.31091494564657574
12.782,0.4280913771251646
12.783,0.2782352525336655
12.784,0.20460795099161266
12.785,0.19879085828967036
12.786,0.3240747215173682
12.787,0.2239464616999096
12.788,0.2100059707531727
12.789,0.14642609133753343
12.790000000000001,0.12003564325355666
12.791,0.07048049563264122
12.792,0.09905689660366848
12.793000000000001,0.03526797488344083
12.794,0.0259863559395583
12.795,-0.0147362029276361
12.796000000000001,-0.08849403127005431
12.797,-0.1746872418680394
12.798,-0.2121740138844273
12.799,-0.01481128862449349
12.8,-0.12119136432193615
12.801,-0.15434517438960252
12.802,-0.278276187729157
12.803,-0.2638807400564407
12.804,-0.32128188480393766
12.805,-0.3584012860040871
12.806000000000001,-0.33047749235148066
12.807,-0.23881747632174088
12.808,-0.26296902370867503
12.809000000000001,-0.3491833465702945
12.81,-0.3079528872947428
12.811,-0.24226204407024737
12.812,-0.29192180672146895
12.813,-0.23942483211812227
12.814,-0.19999537785264132
12.815,-0.1742003835236073
12.816,-0.15203877320413722
12.817,-0.16617094620962958
12.818,-0.12794768273554388
12.819,-0.1226240571086441
12.82,-0.10865637226523103
12.821,-0.000568080291075892
12.822000000000001,0.08165495407868159
12.823,0.0069224237216449075
12.824,0.12361814131603625
12.825000000000001,0.18170359240408157
12.826,0.08116005963874609
12.827,0.18759457520773892
12.828,0.3087764242920441
12.829,0.27627243947875396
12.83,0.17392432071667652
12.831,0.31544090271529457
12.832,0.2563124993850437
12.833,0.3353863218193641
12.834,0.2692882698385833
12.835,0.2999226432622684
12.836,0.2703081112522382
12.837,0.2878592438863637
12.838000000000001,0.24589104998491892
12.839,0.24585648141490188
12.84,0.17749512326515166
12.841000000000001,0.23680164403491413
12.842,0.1941098579014989
12.843,0.07505196357429085
12.844,0.17392073654988327
12.845,0.08215679387367489
12.846,0.06451541192468215
12.847,0.059348047525963954
12.848,0.0019484038196814941
12.849,0.008427123057604666
12.85,-0.09916526331587633
12.851,-0.06626694853167579
12.852,-0.14368941043567268
12.853,-0.15422211421421259
12.854000000000001,-0.18670186659637472
12.855,-0.16926270056558915
12.856,-0.2164454347803615
12.857000000000001,-0.29238994692228054
12.858,-0.3162995052430922
12.859,-0.2967928479769858
12.86,-0.33831753965014494
12.861,-0.3547866297410834
12.862,-0.4062774542846852
12.863,-0.370902527671202
12.864,-0.18369083619136573
12.865,-0.3014112923236487
12.866,-0.15534156676356986
12.867,-0.20883902740342455
12.868,-0.20681881020624182
12.869,-0.2518886697472387
12.870000000000001,-0.14672575462753643
12.871,-0.02043730126159775
12.872,-0.003679256799905148
12.873000000000001,-0.033253386130644505
12.874,-0.06917000248728894
12.875,-0.024219103638211142
12.876,0.01604456367707644
12.877,0.15679327264785367
12.878,0.2073879881407168
12.879,0.16676485961627463
12.88,0.1708072926536258
12.881,0.289812009841363
12.882,0.18692396195337307
12.883000000000001,0.258658523332447
12.884,0.29589161852707335
12.885,0.24251207655419577
12.886000000000001,0.2628216260771135
12.887,0.2638301872544494
12.888,0.37112179404016354
12.889000000000001,0.39263199755428946
12.89,0.29518946412882585
12.891,0.2645877513944371
12.892,0.2327276548462904
12.893,0.2439124874542
12.894,0.1940659901384383
12.895,0.19143204540649106
12.896,0.18895623984027904
12.897,0.11773155518677884
12.898,0.09633062914621776
12.899000000000001,0.06290490566119881
12.9,0.021686102877284872
12.901,-0.019624819170404626
12.902000000000001,0.0054217073672874
12.903,-0.15589521358372624
12.904,-0.022371514552223956
12.905000000000001,-0.12662835379314455
12.906,-0.1333705131202609
12.907,-0.15581206449352378
12.908,-0.253003720377468
12.909,-0.2858428275890215
12.91,-0.31094256570178885
12.911,-0.28730340463735576
12.912,-0.2518135176261831
12.913,-0.3238270364714183
12.914,-0.2680421992031008
12.915000000000001,-0.4165186717269611
12.916,-0.31297487126655976
12.917,-0.2268663601328208
12.918000000000001,-0.2813698434894707
12.919,-0.2981204734939742
12.92,-0.2698157665672044
12.921000000000001,-0.36542628301824354
12.922,-0.23872578521039206
12.923,-0.10680129195961535
12.924,-0.15813193267467313
12.925,-0.11980184043693484
12.926,-0.17942025197379935
12.927,-0.10977452275302953
12.928,0.06624153634706356
12.929,0.0724678987619053
12.93,0.011007158926421484
12.931000000000001,0.07756590785062656
12.932,0.13933334994586902
12.933,0.1107286841314008
12.934000000000001,0.09770741207516759
12.935,0.21459357928041106
12.936,0.27274543471518864
12.937,0.29189423976828227
12.938,0.3206257604445585
12.939,0.2099254514907368
12.94,0.29726828600671407
12.941,0.2836592848513505
12.942,0.2913326303716914
12.943,0.2796404021353793
12.944,0.24774394493098262
12.945,0.11654689484224545
12.946,0.3085165222641684
12.947000000000001,0.24646789576709224
12.948,0.13213534938561267
12.949,0.20355295208947333
12.950000000000001,0.12860862986585614
12.951,0.0990335015541981
12.952,0.048928516983850395
12.953,0.08037236449588492
12.954,-0.021012474091504852
12.955,-0.07065730901262135
12.956,0.006210038291658775
12.957,-0.09317386303940815
12.958,-0.12428125475736262
12.959,-0.11333541509567532
12.96,-0.21033677419485353
12.961,-0.22691211836504244
12.962,-0.21194895888622228
12.963000000000001,-0.32489113315030316
12.964,-0.2539295894118724
12.965,-0.3162719922191065
12.966000000000001,-0.2453696495948483
12.967,-0.26649043572457193
12.968,-0.2747233280869183
12.969,-0.3733519126395273
12.97,-0.29168851762805365
12.971,-0.33494948126667773
12.972,-0.2636948778105041
12.973,-0.359777159683389
12.974,-0.2998596898237502
12.975,-0.13910831924371253
12.976,-0.1531220065945396
12.977,-0.15992604393454715
12.978,-0.15638440011822874
12.979000000000001,-0.13235547847118445
12.98,-0.034267004370914886
12.981,-0.026992245091373303
12.982000000000001,0.10210667422560277
12.983,0.04976500045978042
12.984,0.09534026300860447
12.985,0.055092162081384274
12.986,0.13686533066318776
12.987,0.19198453039358537
12.988,0.19019369992957805
12.989,0.2073597211007658
12.99,0.2675916974616615
12.991,0.343120414870509
12.992,0.2870677602893808
12.993,0.3456056996319466
12.994,0.324074024872467
12.995000000000001,0.3477678095585768
12.996,0.25957312223918005
12.997,0.2722242923994927
12.998000000000001,0.26105102647821965
12.999,0.2833886317767137
13.0,0.27705645277219837
13.001,0.22178408514980608
13.002,0.23449984835784715
13.003,0.13501303844908577
13.004,0.17772545123222183
13.005,0.15269659141598796
13.006,0.10283880387043903
13.007,0.041793405059766114
13.008000000000001,0.03640254048451825
13.009,-0.07830812006531362
13.01,-0.057556298030103516
13.011000000000001,-0.08537094615859332
13.012,-0.19839637343997713
13.013,-0.13788353974884252
13.014000000000001,-0.2515053114320273
13.015,-0.23529385296535654
13.016,-0.23378412508847637
13.017,-0.2909235732408426
13.018,-0.2653587181950607
13.019,-0.2775366265629415
13.02,-0.3293747032397709
13.021,-0.2634893463049917
13.022,-0.3295927537102277
13.023,-0.17246610736358042
13.024000000000001,-0.2838657061587645
13.025,-0.32464892606710827
13.026,-0.2993305637941492
13.027000000000001,-0.17332223033717922
13.028,-0.2285742069312727
13.029,-0.25086047320475563
13.030000000000001,-0.11203458009955097
13.031,-0.14542553642585224
13.032,-0.060196677806808034
13.033,-0.013043189648324065
13.034,-0.012241300136253012
13.035,0.12803164839292994
13.036,-0.043928000959139
13.037,0.034886863448409806
13.038,0.09540325405580746
13.039,0.2521704980353699
13.040000000000001,0.2579921699082318
13.041,0.2591772474915709
13.042,0.17899115712867025
13.043000000000001,0.2057511412852578
13.044,0.21581600047088645
13.045,0.23213589438325002
13.046000000000001,0.35625942807404987
13.047,0.2758658613725699
13.048,0.2849353748696361
13.049,0.3276795419420029
13.05,0.2002506297074086
13.051,0.27662100715849935
13.052,0.2059334401547133
13.053,0.2292549410638532
13.054,0.19449680160517357
13.055,0.16868375220297074
13.056000000000001,0.1858712587322151
13.057,0.15726611942346647
13.058,0.10482396189993082
13.059000000000001,0.10237483060902233
13.06,0.007293067841050951
13.061,0.05100087322754501
13.062,-0.027409681542815468
13.063,-0.07505418767972316
13.064,-0.1236647160885457
13.065,-0.1278814789865372
13.066,-0.052554450164458186
13.067,-0.17750017813026245
13.068,-0.2573874220789511
13.069,-0.17728859801348085
13.07,-0.26680104493854717
13.071,-0.24563042084503717
13.072000000000001,-0.30312618894135174
13.073,-0.21806226942407592
13.074,-0.3170036300131243
13.075000000000001,-0.21897205764986646
13.076,-0.3387442811441096
13.077,-0.29439714019744356
13.078,-0.19936854900434214
13.079,-0.24686686289855087
13.08,-0.12409607854326202
13.081,-0.23025096811737036
13.082,-0.18008631307991232
13.083,-0.07117557688912116
13.084,-0.21334038994333315
13.085,-0.18885737848064843
13.086,-0.11460907565895287
13.087,-0.0010106236895238568
13.088000000000001,-0.08845672028765611
13.089,0.05569902914405835
13.09,0.08562211759513566
13.091000000000001,0.19261510299397078
13.092,0.1754980363501722
13.093,0.17104252306853587
13.094,0.24829331683465575
13.095,0.2322807716220714
13.096,0.20448962382453745
13.097,0.1892747556233575
13.098,0.23364226156960277
13.099,0.27209221015574037
13.1,0.29104833529034246
13.101,0.1798438141687474
13.102,0.2759786929243656
13.103,0.28478264200905234
13.104000000000001,0.30322233403193233
13.105,0.345877628463826
13.106,0.2588700893772858
13.107000000000001,0.1857244424881403
13.108,0.11873404057048444
13.109,0.2195428657178911
13.11,0.11474937241340674
13.111,0.17238727165317413
13.112,0.1679912743586648
13.113,-0.011348375027795399
13.114,0.06039072237579167
13.115,0.06373110597883169
13.116,0.016482358187033683
13.117,-0.17236886256768785
13.118,-0.14236760946566923
13.119,-0.19444134956308173
13.120000000000001,-0.13319488953973524
13.121,-0.16542911718770348
13.122,-0.3451401388596247
13.123000000000001,-0.2465285353369155
13.124,-0.20949206185759087
13.125,-0.25672266327721277
13.126,-0.2677540926383068
13.127,-0.30046629013973486
13.128,-0.3384190439249738
13.129,-0.28564315766299286
13.13,-0.27757809252069915
13.131,-0.24095163787085125
13.132,-0.22467853732336002
13.133000000000001,-0.2394271189568596
13.134,-0.1698380117093794
13.135,-0.22110472374818194
13.136000000000001,-0.24955430010588153
13.137,-0.1260603945859851
13.138,-0.11409885523560931
13.139000000000001,-0.06442825920705725
13.14,-0.12013669586497197
13.141,0.06575743947388446
13.142,0.04518848194370313
13.143,0.028561974918034104
13.144,0.02888134561853422
13.145,0.16114712651778304
13.146,0.08234399173822064
13.147,0.2787363791162868
13.148,0.1609477106612074
13.149000000000001,0.3009205461058062
13.15,0.22598649527359027
13.151,0.33131116772259117
13.152000000000001,0.22910892086664036
13.153,0.2767018087472818
13.154,0.3220991795194226
13.155000000000001,0.3171788494707168
13.156,0.33740903984202225
13.157,0.25240111154928924
13.158,0.27160550537928535
13.159,0.31669281229331014
13.16,0.2024188671478416
13.161,0.2464471274602091
13.162,0.18400586219851212
13.163,0.179723110982426
13.164,0.1457973347451602
13.165000000000001,0.07235603342094933
13.166,0.0674074939028472
13.167,0.055264869388132215
13.168000000000001,0.009809772477394719
13.169,0.06031832059743321
13.17,-0.0008186328729611891
13.171000000000001,-0.06909399062544837
13.172,-0.1528609226062137
13.173,-0.1854209429966205
13.174,-0.07304473388882718
13.175,-0.24736587523291997
13.176,-0.2135902184812319
13.177,-0.22061480489661986
13.178,-0.2703090142854604
13.179,-0.31741485119081314
13.18,-0.31542086042706075
13.181000000000001,-0.3085614231217322
13.182,-0.3178915787923753
13.183,-0.21331764625057362
13.184000000000001,-0.2735917059861083
13.185,-0.2889943835508277
13.186,-0.24350653952748308
13.187,-0.1980817901707797
13.188,-0.22815172126573602
13.189,-0.14236359974479634
13.19,-0.22498733146857347
13.191,-0.07461751915928522
13.192,-0.10355876625771307
13.193,-0.0740313027762949
13.194,-0.07382662121159966
13.195,-0.06758716155761044
13.196,-0.05647544858386134
13.197000000000001,0.021387959364090534
13.198,0.12074471544998483
13.199,0.07385847981524213
13.200000000000001,0.07336762412152714
13.201,0.13211341442994856
13.202,0.18264239702651558
13.203,0.20613290258055367
13.204,0.23539817114464814
13.205,0.30856608409790565
13.206,0.3309428609542109
13.207,0.3765913924009542
13.208,0.19909828129136997
13.209,0.23770818820712325
13.21,0.3117181715003073
13.211,0.24656942526855716
13.212,0.30107824134899774
13.213000000000001,0.25360978880392837
13.214,0.30408211709001226
13.215,0.25602947643328233
13.216000000000001,0.2329142038166173
13.217,0.13276990129846314
13.218,0.1198873334445907
13.219,0.07918660100543436
13.22,-0.012445830364971017
13.221,0.10398354842956173
13.222,0.03480534632689008
13.223,-0.05252671200854328
13.224,-0.0023569662014893272
13.225,-0.13047086049676887
13.226,-0.2208477107202968
13.227,-0.10677077368534164
13.228,-0.24708730866154227
13.229000000000001,-0.21643205752522873
13.23,-0.21696237435939175
13.231,-0.22547860712750625
13.232000000000001,-0.2164335607911079
13.233,-0.24033817940169067
13.234,-0.24869502821093026
13.235,-0.318725604677385
13.236,-0.2636239192003019
13.237,-0.34892475924583516
13.238,-0.1870808754146054
13.239,-0.3232040471312396
13.24,-0.25480190443801615
13.241,-0.2845602674165683
13.242,-0.23325548050398756
13.243,-0.17150308817068555
13.244,-0.1716763942125373
13.245000000000001,-0.059099139685552846
13.246,-0.07444798617935255
13.247,-0.0772501387228611
13.248000000000001,-0.028362757566655326
13.249,0.0720076804201098
13.25,0.08900682292912121
13.251,0.018551106720136296
13.252,0.07232929540253002
13.253,0.15949428197881943
13.254,0.18093210689322478
13.255,0.13599130262027911
13.256,0.24860381498624462
13.257,0.18632039778507442
13.258000000000001,0.31258097973732346
13.259,0.2869700630521798
13.26,0.21341249721655992
13.261000000000001,0.24933953505128856
13.262,0.2504503404491711
13.263,0.283916859336133
13.264000000000001,0.2600705997065548
13.265,0.20361772949599438
13.266,0.17820910080992164
13.267,0.25899058115691365
13.268,0.22628337932058723
13.269,0.1947664106639874
13.27,0.17794116892411518
13.271,0.10611763454512746
13.272,0.11704408184030834
13.273,0.20407608794705168
13.274000000000001,0.10413476187457192
13.275,-0.001371085309399436
13.276,-0.045642636050288385
13.277000000000001,-0.19473726893165036
13.278,-0.02979533125777168
13.279,-0.07425382823902998
13.280000000000001,-0.16955088031248242
13.281,-0.24074553238145036
13.282,-0.2513808095624729
13.283,-0.19317526026026843
13.284,-0.238661219963719
13.285,-0.21517700451323873
13.286,-0.25754707084534795
13.287,-0.22202856694890405
13.288,-0.25665406126438634
13.289,-0.23466424397999475
13.290000000000001,-0.3777524674684061
13.291,-0.32838364172649814
13.292,-0.2746083942387857
13.293000000000001,-0.18860640661861794
13.294,-0.13141380040157363
13.295,-0.21340668745588462
13.296000000000001,-0.2127080987061656
13.297,-0.254310486039996
13.298,-0.08566912986290012
13.299,-0.12687739260555417
13.3,0.07938587831960349
13.301,-0.07373219188868635
13.302,0.10076409668592208
13.303,0.06522953587075381
13.304,0.008311785732926479
13.305,0.10240923543600951
13.306000000000001,0.15918322226403564
13.307,0.13748837235076025
13.308,0.21672433586769205
13.309000000000001,0.23927610335377808
13.31,0.24920196654896476
13.311,0.23643484235410864
13.312000000000001,0.1931065101040006
13.313,0.25913094709565676
13.314,0.27926004822261424
13.315,0.18040907897915692
13.316,0.2826462055898192
13.317,0.26553716643067266
13.318,0.1980127639457826
13.319,0.23504005407197953
13.32,0.2214791211959069
13.321,0.3156949877310675
13.322000000000001,0.2093006468539585
13.323,0.2264764481974867
13.324,0.14276465255589238
13.325000000000001,0.026902314461529228
13.326,0.12450711278156797
13.327,0.027031985076384102
13.328,0.011399232056287883
13.329,-0.05660656218619021
13.33,-0.032388783123176036
13.331,-0.014327280589719063
13.332,-0.051563287693696794
13.333,-0.048138021820395366
13.334,-0.06852749451323123
13.335,-0.2825497336620513
13.336,-0.2627718719635667
13.337,-0.3135257477638806
13.338000000000001,-0.2084605773840474
13.339,-0.2883354596387915
13.34,-0.28826156499332467
13.341000000000001,-0.28111243891183274
13.342,-0.2539050850900204
13.343,-0.3462853958451178
13.344,-0.3301984767019931
13.345,-0.2587439434636765
13.346,-0.18686039183124248
13.347,-0.23265906539245296
13.348,-0.2523801144164445
13.349,-0.29868958025972137
13.35,-0.11949935331958278
13.351,-0.17748966267554034
13.352,-0.1696963135259269
13.353,-0.16818546967737025
13.354000000000001,-0.12334527618224664
13.355,-0.06772651280197
13.356,0.00037399601100775864
13.357000000000001,-0.01632164781250539
13.358,0.08457829445425755
13.359,0.09309684485650586
13.36,0.24517917485869564
13.361,0.07565721289552463
13.362,0.19352393449936944
13.363,0.21615378667969007
13.364,0.1750599472966366
13.365,0.24735283409498174
13.366,0.2937211441009314
13.367,0.26919301779879184
13.368,0.33907006251890337
13.369,0.1627184718727726
13.370000000000001,0.22750193150915282
13.371,0.3376609661697896
13.372,0.3001680728106569
13.373000000000001,0.26874527666352527
13.374,0.2872063268880436
13.375,0.11044084008542968
13.376,0.22393681903034898
13.377,0.21273276388076334
13.378,0.09974842441019272
13.379,0.23549649442011023
13.38,0.08378105085033324
13.381,-0.066752956036017
13.382,0.030292799380378897
13.383000000000001,-0.05656161692307682
13.384,0.00618025448611835
13.385,-0.05544211838833145
13.386000000000001,-0.14235025113286748
13.387,-0.06538359639160865
13.388,-0.1196368063416124
13.389000000000001,-0.23180063225522318
13.39,-0.21916714621011177
13.391,-0.20395369097360347
13.392,-0.26307154799209526
13.393,-0.2732551503270642
13.394,-0.26283410318306333
13.395,-0.32244316917374133
13.396,-0.3815618336119484
13.397,-0.25501553046540043
13.398,-0.3597866088341384
13.399000000000001,-0.2997764737169967
13.4,-0.325042536565233
13.401,-0.30197025890931256
13.402000000000001,-0.17829520367477547
13.403,-0.18804970699088167
13.404,-0.16474587941549607
13.405000000000001,-0.1904299026474519
13.406,-0.12852936698352008
13.407,-0.04670851302270902
13.408,-0.03703923072031205
13.409,0.03825691705214941
13.41,0.07696230520807396
13.411,0.047272161342453295
13.412,-0.002392529343582264
13.413,0.08146791643111911
13.414,0.14183898313696208
13.415000000000001,0.1332880648788897
13.416,0.14238669136887389
13.417,0.2189113509221054
13.418000000000001,0.3542662645347783
13.419,0.22245298407825842
13.42,0.25742408303402375
13.421000000000001,0.19910916980346557
13.422,0.330375170600436
13.423,0.31173735198323826
13.424,0.3043872949230806
13.425,0.3245513861895691
13.426,0.22412161950405524
13.427,0.21591511218404646
13.428,0.29889814090489497
13.429,0.2244741410690558
13.43,0.058660248633870024
13.431000000000001,0.1668172595862663
13.432,0.08747060151072511
13.433,0.1323480554527161
13.434000000000001,0.07753969094760657
13.435,-0.060981164251004166
13.436,0.008057259222375868
13.437000000000001,-0.026195658415318124
13.438,-0.04937721798522317
13.439,-0.06865297261086224
13.44,-0.05115443467709431
13.441,-0.13203317831293232
13.442,-0.1762407801376514
13.443,-0.1421895218320618
13.444,-0.10689212183039223
13.445,-0.18968907365230564
13.446,-0.2382929408886411
13.447000000000001,-0.2367044651558414
13.448,-0.2516909897625229
13.449,-0.2660804240980747
13.450000000000001,-0.15757883698971684
13.451,-0.2984566096620432
13.452,-0.19482891544780406
13.453,-0.24695874994422318
13.454,-0.2994656216107768
13.455,-0.21653761340842897
13.456,-0.2132897951478768
13.457,-0.13334669447958525
13.458,-0.1317085490635697
13.459,-0.15955506776704434
13.46,-0.005599979874334707
13.461,0.005738574101404326
13.462,0.061576482927248335
13.463000000000001,0.025395120363985245
13.464,0.042833518693187175
13.465,0.11024327795407979
13.466000000000001,0.0755889144870667
13.467,0.13891053801999237
13.468,0.14973139125563698
13.469,0.10937496524683611
13.47,0.2101857884344294
13.471,0.20033215591830958
13.472,0.22574673818444604
13.473,0.26827148314859744
13.474,0.3224639016125915
13.475,0.22158161813171398
13.476,0.24873300467755555
13.477,0.2251857756629194
13.478,0.21617885723816946
13.479000000000001,0.21865722157308146
13.48,0.22584047834850218
13.481,0.24899027790888428
13.482000000000001,0.21673054582587692
13.483,0.12611788288038744
13.484,0.2194631174323089
13.485,0.17564672080418853
13.486,0.05527833888246364
13.487,0.13208317383499693
13.488,0.0567997751471987
13.489,0.0016603878285665306
13.49,-0.0037002811161591202
13.491,-0.0536693583952747
13.492,-0.05516835053003037
13.493,-0.1019490436625802
13.494,-0.15553188694147124
13.495000000000001,-0.26537456236106904
13.496,-0.1608739317905422
13.497,-0.22647465111144646
13.498000000000001,-0.18658003311122598
13.499,-0.21596312096812972
13.5,-0.2686840753547662
13.501,-0.20793616547232607
13.502,-0.25305305470366296
13.503,-0.25569087692201375
13.504,-0.2677183118837919
13.505,-0.16998034460570782
13.506,-0.2796656672696634
13.507,-0.24662058912896617
13.508000000000001,-0.2756662233213609
13.509,-0.1578349807966837
13.51,-0.20098235324527564
13.511000000000001,-0.1707198626738721
13.512,-0.14638883011331544
13.513,-0.08907916915339997
13.514000000000001,-0.12516708129728293
13.515,-0.14435419107993627
13.516,0.021561480882039942
13.517,-0.07612811197983477
13.518,0.10270980528961243
13.519,0.16754242958204296
13.52,0.1097700530870615
13.521,0.20968263465049544
13.522,0.16821567345705704
13.523,0.27176485621780044
13.524000000000001,0.1887125284634707
13.525,0.1100755086826937
13.526,0.23796541311909436
13.527000000000001,0.337659042049182
13.528,0.2858270646206473
13.529,0.23655560889374044
13.530000000000001,0.2783920936413243
13.531,0.3065173712753917
13.532,0.24613969889332543
13.533,0.37075016502682034
13.534,0.19927361117634762
13.535,0.2578859415923456
13.536,0.22561617854063784
13.537,0.12971012453077574
13.538,0.11840058874398882
13.539,0.16353426729004908
13.540000000000001,0.0913340346152425
13.541,0.0713161447175111
13.542,-0.057805585047641966
13.543000000000001,0.026054937213673447
13.544,-0.023012034607644977
13.545,-0.07067610088999515
13.546000000000001,-0.07859676858109212
13.547,-0.14491841974189346
13.548,-0.1801413203577459
13.549,-0.1866426752048711
13.55,-0.21934427386632324
13.551,-0.10598028971975816
13.552,-0.1853137724077603
13.553,-0.2920412198875773
13.554,-0.15114946913428912
13.555,-0.2804621833762335
13.556000000000001,-0.2596310010692062
13.557,-0.2149166647115393
13.558,-0.3533897033942412
13.559000000000001,-0.2583323365428625
13.56,-0.26334392944339013
13.561,-0.20938900871670538
13.562000000000001,-0.18308451297794287
13.563,-0.18462235631952034
13.564,-0.16363085361661828
13.565,-0.07872014852661566
13.566,-0.08962185037918356
13.567,-0.07391239003949847
13.568,-0.038842114257445715
13.569,0.07593173808539586
13.57,0.023349856131988374
13.571,0.01935687664538287
13.572000000000001,-0.020641742744792316
13.573,0.031796427205774816
13.574,0.10738823172782912
13.575000000000001,0.15075303574023166
13.576,0.1516594163138264
13.577,0.21778267569601042
13.578,0.1898159294108527
13.579,0.18751637770237173
13.58,0.27565067346315436
13.581,0.3218829586131904
13.582,0.20295240396181696
13.583,0.27183087365156117
13.584,0.16214899170885827
13.585,0.17787877556305254
13.586,0.21290752380000216
13.587,0.2864942620708956
13.588000000000001,0.17505422704856843
13.589,0.15448174761325395
13.59,0.17570391425104753
13.591000000000001,0.15197802727982543
13.592,0.08503187366675548
13.593,0.19606147442089514
13.594,0.05462189213249127
13.595,0.043785128347021696
13.596,-0.012280118502756981
13.597,-0.0005845189602318307
13.598,0.009096928864964805
13.599,0.0012028808737818558
13.6,-0.14828040687846125
13.601,-0.08178353042402772
13.602,-0.13409790935760946
13.603,-0.13537573788429202
13.604000000000001,-0.20866956663016048
13.605,-0.23057880479545828
13.606,-0.18853505621758687
13.607000000000001,-0.19843002155500306
13.608,-0.17532417912803694
13.609,-0.24762887102226247
13.61,-0.26329557012086985
13.611,-0.3777797216496162
13.612,-0.32867598462614334
13.613,-0.25773365080981253
13.614,-0.27970489447952424
13.615,-0.16748475087036735
13.616,-0.2543683451915254
13.617,-0.1920128303121188
13.618,-0.1658368394248293
13.619,-0.05632860783921495
13.620000000000001,-0.11921190393167187
13.621,-0.037200985112521553
13.622,-0.02024534825855602
13.623000000000001,0.04532621352577505
13.624,0.07285007707884793
13.625,0.058413909600638615
13.626,0.004176916062207367
13.627,0.1050713043030875
13.628,0.1417073475726863
13.629,0.18107403359309537
13.63,0.15165492937109243
13.631,0.2647285178844193
13.632,0.22464394230355111
13.633000000000001,0.19112311603088236
13.634,0.22414663061526213
13.635,0.3499849721043438
13.636000000000001,0.28977815101553395
13.637,0.3084451912562664
13.638,0.1998766998920099
13.639000000000001,0.2099763686831743
13.64,0.19944204600090065
13.641,0.22861341023465803
13.642,0.19355545520302425
13.643,0.157861453702255
13.644,0.14170791217722162
13.645,0.09558965094212053
13.646,0.09982461005809046
13.647,0.13651343709451558
13.648,-0.023871157493916127
13.649000000000001,0.0393411953299225
13.65,0.06096223208446758
13.651,-0.047137885065363136
13.652000000000001,-0.09382229822337862
13.653,-0.049625631284014475
13.654,-0.1721738002006181
13.655000000000001,-0.1495161701967073
13.656,-0.22373635222763918
13.657,-0.2862341914439082
13.658,-0.21864748324516725
13.659,-0.28961984467751956
13.66,-0.23930702121430214
13.661,-0.19194910748541458
13.662,-0.160546222278316
13.663,-0.25064704778783725
13.664,-0.20290635988838018
13.665000000000001,-0.22896333516001185
13.666,-0.25968193206538054
13.667,-0.3250673630357121
13.668000000000001,-0.13265639437885426
13.669,-0.24864477493312676
13.67,-0.10656248017543421
13.671000000000001,-0.12595830898619845
13.672,-0.17660005500891524
13.673,-0.08544881612265852
13.674,0.033729373992974016
13.675,0.0329924494986511
13.676,-0.03970835066186345
13.677,-0.019772719803587944
13.678,0.050504991735581234
13.679,0.06624750679181131
13.68,0.16249906379118922
13.681000000000001,0.16605561718151507
13.682,0.06923738547490182
13.683,0.19942508805114478
13.684000000000001,0.18773593493477012
13.685,0.21602489584632675
13.686,0.2411356624179943
13.687000000000001,0.29998507791219425
13.688,0.2969841954828147
13.689,0.21522960038722166
13.69,0.2509223135365849
13.691,0.22906280113116523
13.692,0.1615663771272984
13.693,0.23097563429598478
13.694,0.3162115013342139
13.695,0.12281865656478527
13.696,0.18879792380364444
13.697000000000001,0.16616258263049474
13.698,0.16000407648928408
13.699,0.07213112359244558
13.700000000000001,0.02201449128948313
13.701,-0.003931741582309162
13.702,0.10238872560573378
13.703,-0.04293025720559837
13.704,-0.04848515080773552
13.705,0.05235006139904593
13.706,-0.11822749318313987
13.707,-0.0918920477934482
13.708,-0.08180432242074595
13.709,-0.10831976012658825
13.71,-0.24759181731773433
13.711,-0.2360831203108505
13.712,-0.20192862561790464
13.713000000000001,-0.1342279822779814
13.714,-0.2792004447039223
13.715,-0.2729229669687261
13.716000000000001,-0.23095562580246515
13.717,-0.2211686259965175
13.718,-0.21487965385532976
13.719,-0.28452098267546744
13.72,-0.25878011063668627
13.721,-0.20818045428525778
13.722,-0.1396046850674071
13.723,-0.19562120955772583
13.724,-0.16326430786960366
13.725,-0.18967142313438953
13.726,-0.019541726728570685
13.727,-0.07777498915802081
13.728,-0.0032183129612739156
13.729000000000001,-0.02645373338576999
13.73,0.005845286841866034
13.731,-0.04393719310991218
13.732000000000001,-0.04740436979933605
13.733,0.15094322330573012
13.734,0.1192352573822055
13.735,0.15103677841221844
13.736,0.10169508169384497
13.737,0.14015409767862352
13.738,0.2570183229380316
13.739,0.3066874110174974
13.74,0.20135827904056308
13.741,0.27552826959017945
13.742,0.2576477787263021
13.743,0.24488884408361306
13.744,0.3428215993598489
13.745000000000001,0.22342250996494295
13.746,0.30058629372766
13.747,0.2468042857246464
13.748000000000001,0.21293601564828746
13.749,0.265487280465881
13.75,0.19179180972476476
13.751,0.15042646453297576
13.752,0.20005163806471543
13.753,0.16757735350238717
13.754,0.13780886583182267
13.755,-0.14514290842511693
13.756,0.04212575381353929
13.757,0.0013272866576089764
13.758000000000001,-0.040276968829124724
13.759,-0.03675652731976693
13.76,-0.0819902329164269
13.761000000000001,-0.08757864618531865
13.762,-0.15963231049253068
13.763,-0.09406393703186477
13.764000000000001,-0.15042541636117543
13.765,-0.1800266055124745
13.766,-0.1973846061080338
13.767,-0.17605490918397032
13.768,-0.19145379670876475
13.769,-0.2534486326299268
13.77,-0.2001477126279296
13.771,-0.23937106559934337
13.772,-0.14721838818672753
13.773,-0.17982048323816618
13.774000000000001,-0.2543972132620236
13.775,-0.091919958256539
13.776,-0.2960285184982459
13.777000000000001,-0.138904979166902
13.778,-0.1830853800512626
13.779,-0.029629580959754653
13.780000000000001,-0.0848682568365155
13.781,-0.10963501212480138
13.782,-0.05475392865120831
13.783,-0.04805053155139406
13.784,0.001590535467038039
13.785,0.02943536386257747
13.786,0.036653784101144164
13.787,0.11502358252020475
13.788,0.14697933818532022
13.789,0.10173302602688855
13.790000000000001,0.09066567194132338
13.791,0.20875540098112638
13.792,0.2367601792186021
13.793000000000001,0.2607270185295881
13.794,0.26272987537351383
13.795,0.3215151879499152
13.796000000000001,0.29708924788762037
13.797,0.3821734257937549
13.798,0.4007385840921848
13.799,0.1519389183680222
13.8,0.12082079568302233
13.801,0.21796545660193917
13.802,0.22819904828264806
13.803,0.18105354380127367
13.804,0.1993464003096837
13.805,0.12772025137200707
13.806000000000001,0.08166232749772033
13.807,0.0627490842826789
13.808,0.05219076705745394
13.809000000000001,0.07583448223238877
13.81,-0.019670543197965774
13.811,-0.038826477166570755
13.812000000000001,-0.024563449898962766
13.813,-0.09096660440159365
13.814,-0.05201493754229052
13.815,-0.17915131518087835
13.816,-0.21347306684308234
13.817,-0.16273272407186987
13.818,-0.17659660151437367
13.819,-0.25618460256051695
13.82,-0.15894004274011747
13.821,-0.13993322480614956
13.822000000000001,-0.27437271183121237
13.823,-0.172062208706333
13.824,-0.36558227986453085
13.825000000000001,-0.18932043415501998
13.826,-0.2793141159883198
13.827,-0.17766560427477968
13.828,-0.2614582655289868
13.829,-0.2008076021437629
13.83,-0.21916326748254855
13.831,-0.16817058974175594
13.832,-0.042637267067679396
13.833,-0.11434784541889456
13.834,0.023238114465116005
13.835,-0.07377049674518063
13.836,0.04864487792940324
13.837,-0.07834579135215672
13.838000000000001,0.01744293821368001
13.839,0.033342363511367074
13.84,0.16457147032086916
13.841000000000001,0.12326650934960068
13.842,0.03433502510522207
13.843,0.09604470259359946
13.844,0.1314932730955001
13.845,0.24688457863293065
13.846,0.255720728296629
13.847,0.2127616748003422
13.848,0.20952197191891753
13.849,0.2786621680895776
13.85,0.18891147312927567
13.851,0.2674318476633199
13.852,0.25896395997437704
13.853,0.21908659351848975
13.854000000000001,0.24197142847764003
13.855,0.2134064042781584
13.856,0.21652085918555444
13.857000000000001,0.10565778148900941
13.858,0.1814328292950582
13.859,0.17831399397720324
13.86,0.11756699606171973
13.861,0.10472681225284713
13.862,0.04129854284205806
13.863,0.06285619796828745
13.864,-0.007193192262084904
13.865,-0.0964415154537745
13.866,-0.02607225582078651
13.867,-0.1758923749939505
13.868,-0.1058382133553449
13.869,-0.16331558710622085
13.870000000000001,-0.1886411515037566
13.871,-0.1774647591828183
13.872,-0.2387844416459787
13.873000000000001,-0.19215525297066305
13.874,-0.22636295692746877
13.875,-0.2683400183046468
13.876,-0.17556145148283742
13.877,-0.2338814970426784
13.878,-0.21086452092942284
13.879,-0.16651788560009434
13.88,-0.15901108881719472
13.881,-0.18854955290052097
13.882,-0.21819627165485964
13.883000000000001,-0.2572796360688686
13.884,-0.15563679641669798
13.885,-0.08913916361636373
13.886000000000001,-0.10207552889847663
13.887,-0.2663019729168205
13.888,-0.023565030210470322
13.889000000000001,0.007424746363686112
13.89,-0.025765373874871083
13.891,0.0672953961150435
13.892,0.07759869262968419
13.893,0.03959935736892511
13.894,0.1640839349455059
13.895,0.06239222522497162
13.896,0.14640655682397752
13.897,0.16285363319983703
13.898,0.14850439477041671
13.899000000000001,0.2214141929719202
13.9,0.28534112467234884
13.901,0.292771661978815
13.902000000000001,0.27394904009100257
13.903,0.1570699112171638
13.904,0.17583242528487603
13.905000000000001,0.24835716463168006
13.906,0.23244728168024717
13.907,0.2001396113342635
13.908,0.3080955996979292
13.909,0.20297924426950206
13.91,0.2069446315604493
13.911,0.20888480677499033
13.912,0.139713884336406
13.913,0.24211609878860635
13.914,0.03959980328743805
13.915000000000001,0.029186998112904622
13.916,-0.015587323573522667
13.917,0.08132697418170974
13.918000000000001,0.014906324900892238
13.919,-0.08043827962935544
13.92,-0.1237115827995861
13.921000000000001,-0.03743880422315389
13.922,-0.11328273367934737
13.923,-0.0837085557902584
13.924,-0.17796337480483224
13.925,-0.16768486447272965
13.926,-0.1938838864159538
13.927,-0.2528479789017276
13.928,-0.23853574136782035
13.929,-0.2970365479509179
13.93,-0.21632744029468873
13.931000000000001,-0.20285740234536875
13.932,-0.1879774482767525
13.933,-0.197451284718268
13.934000000000001,-0.22730324963828788
13.935,-0.13036724137268918
13.936,-0.14756169188467733
13.937000000000001,-0.10431832735821976
13.938,-0.08036223184141532
13.939,-0.1362878972942525
13.94,-0.08591256121187221
13.941,-0.04043546019414255
13.942,-0.10939758255761971
13.943,-0.08036128030130635
13.944,-0.060731010154611985
13.945,0.02700652036443597
13.946,0.043463951742771956
13.947000000000001,0.015223935509435862
13.948,0.1201422274217567
13.949,0.13199605909158457
13.950000000000001,0.21809590762726927
13.951,0.2796385937049157
13.952,0.21934185933393638
13.953,0.17650084754195708
13.954,0.2555618736825219
13.955,0.23250159162646925
13.956,0.2256383074262234
13.957,0.1968940012494779
13.958,0.21578316638461742
13.959,0.22583025153086947
13.96,0.2674160900257674
13.961,0.24212472663459372
13.962,0.29423311300804955
13.963000000000001,0.22025976079313142
13.964,0.18878127622255997
13.965,0.13097650008008777
13.966000000000001,0.07112849561442877
13.967,0.06953461725286104
13.968,0.03672400801840082
13.969,-0.08362040916180691
13.97,-0.03389867051187968
13.971,0.06853517497112077
13.972,-0.02108214834116373
13.973,-0.08571873297551538
13.974,-0.07341522018578013
13.975,-0.21615818405524012
13.976,-0.12788772609115648
13.977,-0.09965520445863207
13.978,-0.18885927608868344
13.979000000000001,-0.2881483060919147
13.98,-0.23423309968025538
13.981,-0.16061043175952588
13.982000000000001,-0.2195787935639504
13.983,-0.30815369461862196
13.984,-0.1203119790929873
13.985,-0.29954775821913815
13.986,-0.24390279753911953
13.987,-0.27533213869755546
13.988,-0.2638919258910439
13.989,-0.22040914214528345
13.99,-0.1489828522465504
13.991,-0.0967672420595213
13.992,-0.15889018959598544
13.993,-0.16646170083164283
13.994,-0.06680661585788089
13.995000000000001,-0.038884083978313014
13.996,-0.02493201045303605
13.997,0.004665544223541698
13.998000000000001,0.013193678839460602
13.999,0.0514017685025277
14.0,0.06443128226953768
14.001,0.15302079492370665
14.002,0.23554356434501433
14.003,0.1559937065243038
14.004,0.16753651904271608
14.005,0.19918925577085717
14.006,0.1694536244240648
14.007,0.25375577028245033
14.008000000000001,0.24774620330593095
14.009,0.21172869364996588
14.01,0.2817085655744166
14.011000000000001,0.23814416205474243
14.012,0.1860109631580308
14.013,0.246181144358914
14.014000000000001,0.2313885546940831
14.015,0.2554749800445785
14.016,0.23409157623094728
14.017,0.1694652476877364
14.018,0.13133031626228658
14.019,0.13290234037024687
14.02,0.12703932118932612
14.021,0.10762938592905494
14.022,0.07194037954285579
14.023,0.024986897873651836
14.024000000000001,0.051625508545930794
14.025,-0.05968373031575297
14.026,0.07061791389904015
14.027000000000001,-0.041835324147542735
14.028,-0.16188574801228942
14.029,-0.1203072966792208
14.030000000000001,-0.11319547336069688
14.031,-0.18945644626720415
14.032,-0.26452396106330567
14.033,-0.2568750419757165
14.034,-0.19014076880231962
14.035,-0.314299585981793
14.036,-0.3052318361745554
14.037,-0.20890710872665866
14.038,-0.24660914511091675
14.039,-0.26675719017092653
14.040000000000001,-0.24999471487828262
14.041,-0.2889860358081626
14.042,-0.17844379845891836
14.043000000000001,-0.22742608094634018
14.044,-0.1957460470175033
14.045,-0.1311569905177048
14.046000000000001,-0.13882678518061684
14.047,-0.13699964991200494
14.048,-0.17561764681020814
14.049,-0.031114151432855962
14.05,-0.018204478295274197
14.051,-0.020398231787790284
14.052,-0.018860574368370603
14.053,0.06071909778464706
14.054,0.11033648189016641
14.055,0.11623179170747641
14.056000000000001,0.21673252671956456
14.057,0.1916846960681059
14.058,0.1705326200478307
14.059000000000001,0.22982835062476464
14.06,0.20969840807670537
14.061,0.2210123279074759
14.062000000000001,0.29203762239304587
14.063,0.18764716910734291
14.064,0.23583789029486654
14.065,0.29304405482119894
14.066,0.24467474634763858
14.067,0.2032808432345833
14.068,0.12587999940086747
14.069,0.0842180245573102
14.07,0.28537138895953257
14.071,0.1783185638367384
14.072000000000001,0.11278207759933793
14.073,0.13660263623872576
14.074,0.04725735886822922
14.075000000000001,0.05229779168780871
14.076,-0.004910855216610541
14.077,-0.05581889463060522
14.078000000000001,-0.11788903990990766
14.079,-0.11982144007529782
14.08,-0.01561088465820308
14.081,-0.14182562881308367
14.082,-0.09025735176563976
14.083,-0.0920666726927516
14.084,-0.16002881239666852
14.085,-0.1945184478284621
14.086,-0.18918745036012455
14.087,-0.2302113756984417
14.088000000000001,-0.15983435042080227
14.089,-0.13381466711286077
14.09,-0.15962074693847692
14.091000000000001,-0.3409576020899592
14.092,-0.25328086628759283
14.093,-0.22608187920636416
14.094,-0.19487966343205007
14.095,-0.2931385790300482
14.096,-0.2798393837745375
14.097,-0.11057178215640588
14.098,-0.18469314294352115
14.099,-0.20978059849868655
14.1,-0.16740755055625361
14.101,-0.06797954720292189
14.102,-0.1027124516773603
14.103,-0.0227474151829734
14.104000000000001,-0.056539765481434835
14.105,-0.06749471189118897
14.106,0.11796971847109519
14.107000000000001,0.09303974139858998
14.108,0.08180295241353899
14.109,0.09641417253968089
14.11,0.21802036637009267
14.111,0.19463963565280049
14.112,0.24040741145109543
14.113,0.1693543459967875
14.114,0.21380087587906538
14.115,0.2411880825720071
14.116,0.20033325991493428
14.117,0.22667478379893533
14.118,0.20269312791065158
14.119,0.24905196133703889
14.120000000000001,0.15709734571498402
14.121,0.2427594096803103
14.122,0.2177416799291353
14.123000000000001,0.17730301492463174
14.124,0.1926283783666768
14.125,0.13225104415359798
14.126,0.09527049079904357
14.127,0.13247603489833865
14.128,0.10971141439662332
14.129,0.028970765641468593
14.13,-0.002082923308791937
14.131,-0.008712419444987915
14.132,-0.05429208522560383
14.133000000000001,0.022815473023889914
14.134,-0.06361738831946953
14.135,-0.1036057216123364
14.136000000000001,-0.1744176650257001
14.137,-0.11250612574924804
14.138,-0.19964045672804565
14.139000000000001,-0.2189632131714531
14.14,-0.16238472239617854
14.141,-0.19356146317099004
14.142,-0.34707159882393745
14.143,-0.2356963988747038
14.144,-0.22429737194146243
14.145,-0.24713869644006692
14.146,-0.21855333375460492
14.147,-0.3103464278532903
14.148,-0.3516752618910519
14.149000000000001,-0.2462670631722242
14.15,-0.1680332755938296
14.151,-0.3255407209129121
14.152000000000001,-0.18635996601373916
14.153,-0.2182311371503921
14.154,-0.11046076488198017
14.155000000000001,0.024674579128530008
14.156,-0.05797110316534787
14.157,-0.02574081553845335
14.158,0.04861204368601846
14.159,0.03462896309571174
14.16,0.04925315966316191
14.161,0.13193582845500718
14.162,0.13360775223640486
14.163,0.14732759759721573
14.164,0.14699843533810228
14.165000000000001,0.15554424999946861
14.166,0.2352251725048946
14.167,0.1864450040972637
14.168000000000001,0.27592409605240154
14.169,0.17013750228801122
14.17,0.2992465507503673
14.171000000000001,0.2530825484759892
14.172,0.17981245254393963
14.173,0.24930069049292122
14.174,0.1838648880549994
14.175,0.20759972797040263
14.176,0.16831062236253055
14.177,0.17005974893059947
14.178,0.20541082152852808
14.179,0.16372355964880894
14.18,0.059097278888609904
14.181000000000001,0.03794723243542243
14.182,0.07962800118453653
14.183,0.05708521349244673
14.184000000000001,-0.020499206143358754
14.185,0.06591491624120854
14.186,0.0003494701942892836
14.187000000000001,-0.09771136910278852
14.188,-0.12772575688197568
14.189,-0.12691049763467646
14.19,-0.15441675246238137
14.191,-0.0954108778775618
14.192,-0.1271974806309579
14.193,-0.19043512472291443
14.194,-0.17140206892916907
14.195,-0.17442149957411326
14.196,-0.2199538691965932
14.197000000000001,-0.20695700187177338
14.198,-0.1984670722080019
14.199,-0.2017384702457192
14.200000000000001,-0.25988473629417197
14.201,-0.24661194594286806
14.202,-0.21600880579134124
14.203000000000001,-0.2229905159898265
14.204,-0.2448092719340004
14.205,-0.11850090148629837
14.206,-0.11403060667733257
14.207,-0.17556978306730658
14.208,-0.09641005190550776
14.209,-0.06818836101670375
14.21,-0.02368431924017711
14.211,-0.06024419004804069
14.212,-0.04714072985287855
14.213000000000001,0.07295760567474441
14.214,-0.003972981780625856
14.215,0.08583224431284647
14.216000000000001,0.10454776584023644
14.217,0.13639767650323376
14.218,0.17493349742513783
14.219,0.2597160708085507
14.22,0.1148168715653481
14.221,0.25093271285769914
14.222,0.09094749004282396
14.223,0.29270318863475603
14.224,0.12425906792167951
14.225,0.3484844548133177
14.226,0.20431350022481928
14.227,0.28237397495139904
14.228,0.26311459900200695
14.229000000000001,0.17525798679698915
14.23,0.16455851567698193
14.231,0.12364100090091765
14.232000000000001,0.18554593984777867
14.233,0.10367534961496326
14.234,0.06085863279915455
14.235,0.1042367678304912
14.236,0.007022862666574536
14.237,0.00923672584100731
14.238,0.004502171936546777
14.239,-0.05949065194094323
14.24,-0.07807420862194853
14.241,-0.0021267080205947114
14.242,-0.11336864389163381
14.243,-0.14398688127743953
14.244,-0.1558636721917546
14.245000000000001,-0.14344959322852294
14.246,-0.23463151658420092
14.247,-0.17581443599422059
14.248000000000001,-0.19589673945765199
14.249,-0.3067511569993172
14.25,-0.1332365663519693
14.251,-0.15246357559385265
14.252,-0.2649773242516884
14.253,-0.2774144038186369
14.254,-0.20318508366117288
14.255,-0.27621981131560547
14.256,-0.12423032693259618
14.257,-0.20073709826122707
14.258000000000001,-0.0786558132972324
14.259,-0.18120311606194767
14.26,-0.1239082660966757
14.261000000000001,-0.03163093600640268
14.262,-0.08654713204724937
14.263,-0.031214131456414072
14.264000000000001,0.03598781541596258
14.265,-0.020027838620216475
14.266,-0.02901104171478159
14.267,-0.013039069323600792
14.268,0.11405204182672599
14.269,0.12812257436358818
14.27,0.18406170382731768
14.271,0.1377561041650011
14.272,0.09830459481568106
14.273,0.06823772450736895
14.274000000000001,0.34273804885629244
14.275,0.23639680523444354
14.276,0.22470061719214132
14.277000000000001,0.23659657569594952
14.278,0.1528294202014951
14.279,0.1832901843619235
14.280000000000001,0.3057634275659761
14.281,0.24406560332834848
14.282,0.16261181045593717
14.283,0.12633051904218098
14.284,0.146184354758707
14.285,0.13813104783331095
14.286,0.23617921318078028
14.287,0.10229279318596225
14.288,0.028682033076034306
14.289,0.06047744084155304
14.290000000000001,0.05100864570474662
14.291,-0.05236170182928872
14.292,0.0054979512378286865
14.293000000000001,0.019771978163275555
14.294,-0.05923205601215213
14.295,-0.1305877830640731
14.296000000000001,-0.14048572598829043
14.297,-0.2187096536385035
14.298,-0.16230438328771696
14.299,-0.15776470688897334
14.3,-0.23342974005340145
14.301,-0.10430098261193456
14.302,-0.17157954131087058
14.303,-0.30782413309526135
14.304,-0.31077920101552425
14.305,-0.2722835100536122
14.306000000000001,-0.14226339131945415
14.307,-0.1711720784777529
14.308,-0.12635624746061797
14.309000000000001,-0.19599724743100755
14.31,-0.1932435160516174
14.311,-0.22889188869830257
14.312000000000001,-0.13049073204606024
14.313,-0.13720958266574337
14.314,-0.11681325506151093
14.315,-0.0004162691538109192
14.316,-0.06276413416190627
14.317,0.035741934869204184
14.318,-0.08415719808620281
14.319,0.15576041223269996
14.32,0.02849417238122507
14.321,0.10765881786084702
14.322000000000001,0.1397478687823105
14.323,0.09436137008349786
14.324,0.18132237135132465
14.325000000000001,0.20311858788775286
14.326,0.14090081768836626
14.327,0.15604139682886187
14.328000000000001,0.20527932046024858
14.329,0.20634300448671689
14.33,0.2879497496486639
14.331,0.2565901080550469
14.332,0.21804453716403543
14.333,0.24892397291545293
14.334,0.11032901565469687
14.335,0.17300836119268354
14.336,0.20647160739275652
14.337,0.2335122742455267
14.338000000000001,0.17095146373605954
14.339,0.2148818779647922
14.34,0.1644245614138905
14.341000000000001,0.07400898742769133
14.342,0.06747436654974515
14.343,0.06993071945365548
14.344,0.0014395137377834072
14.345,0.07447912123412379
14.346,-0.0834387237433171
14.347,-0.037717186194665346
14.348,-0.04152165644185187
14.349,-0.11764803439333468
14.35,-0.1511815092049753
14.351,-0.14858926158348146
14.352,-0.12272422030515787
14.353,-0.20459604491273942
14.354000000000001,-0.24684626513392285
14.355,-0.14699542593231027
14.356,-0.19285995326555994
14.357000000000001,-0.16779442728682475
14.358,-0.1825729471336593
14.359,-0.11085585116704029
14.36,-0.16038182470414838
14.361,-0.2456363983133306
14.362,-0.17633649191263598
14.363,-0.21539059332087565
14.364,-0.19530872344337966
14.365,-0.2259403756626967
14.366,-0.1501999618205408
14.367,-0.08735618619217721
14.368,-0.09505148244144931
14.369,-0.12260599686664245
14.370000000000001,-0.11875336388399943
14.371,0.08860190356443208
14.372,0.02510313145741016
14.373000000000001,-0.006655669010687364
14.374,0.08285257278159988
14.375,0.193603798656936
14.376,0.13837841326249833
14.377,-0.010277095972849842
14.378,0.28162325514318975
14.379,0.0744160448263504
14.38,0.1721393003747298
14.381,0.1388094726439967
14.382,0.168818919428593
14.383000000000001,0.22753698460420027
14.384,0.11431876801182617
14.385,0.2149055352163853
14.386000000000001,0.27530715698872943
14.387,0.17129623517915352
14.388,0.13652125762158632
14.389000000000001,0.18881012679758213
14.39,0.1659034332966282
14.391,0.1375892384750833
14.392,0.09016275205983458
14.393,0.1557139981496703
14.394,0.13791212099503458
14.395,0.03177886410409252
14.396,0.014447774119070625
14.397,0.04255613249553229
14.398,-0.03807805485399721
14.399000000000001,-0.006586859991804134
14.4,0.03241663350045093
14.401,-0.06886681892290468
14.402000000000001,-0.1505278496316893
14.403,-0.09296446247788946
14.404,-0.14261349915558524
14.405000000000001,-0.16054717735575408
14.406,-0.14646376286777674
14.407,-0.1505145273650727
14.408,-0.1955701356813551
14.409,-0.20993225359217665
14.41,-0.11041774682773944
14.411,-0.15731617190624003
14.412,-0.17641763484145165
14.413,-0.2092786350269767
14.414,-0.2608953735015646
14.415000000000001,-0.14610682195690414
14.416,-0.1843413445779259
14.417,-0.2068581147138156
14.418000000000001,-0.17415200216744958
14.419,-0.19207280298291934
14.42,-0.07069157795869799
14.421000000000001,-0.06750558544270865
14.422,-0.06928292388763042
14.423,-0.056140342569848185
14.424,-0.06293677050470523
14.425,-0.10992128523300553
14.426,-0.0485419086048376
14.427,0.010178799090682894
14.428,0.02720653909092509
14.429,0.10986574962350687
14.43,0.15819018085767383
14.431000000000001,0.13178047480832086
14.432,0.2273212544366268
14.433,0.1342328926719604
14.434000000000001,0.1807060941519761
14.435,0.19644811014807503
14.436,0.26237299410507614
14.437000000000001,0.21895622912081553
14.438,0.22329039582110735
14.439,0.1338323139374462
14.44,0.16855586957285668
14.441,0.2623827037639755
14.442,0.09499249911800768
14.443,0.2543472772804132
14.444,0.19804295955080364
14.445,0.11916581091373685
14.446,0.096270345039177
14.447000000000001,0.21210853398308904
14.448,0.16571036589980087
14.449,0.06569500639823277
14.450000000000001,0.05394542103817105
14.451,-0.010185116782179208
14.452,0.0034767917788377234
14.453000000000001,-0.06228831276865637
14.454,-0.05744616546367265
14.455,0.012819874409069829
14.456,-0.10557356209116045
14.457,-0.1748909416892712
14.458,-0.21080762300861694
14.459,-0.1541594855447403
14.46,-0.21436597218648668
14.461,-0.17735941213572035
14.462,-0.28141231333780514
14.463000000000001,-0.17390440511649394
14.464,-0.26652822184150227
14.465,-0.21336234955976677
14.466000000000001,-0.2317752718512745
14.467,-0.12516173941916953
14.468,-0.19581932527702062
14.469,-0.09761771989278681
14.47,-0.15466885524187252
14.471,-0.09673658124007918
14.472,-0.16143763835323932
14.473,-0.11463884114526228
14.474,-0.05008746336814562
14.475,-0.043355498087242435
14.476,-0.038425566630080836
14.477,-0.05685784915503635
14.478,-0.023338286629199005
14.479000000000001,0.06674706193903104
14.48,0.10227635531683375
14.481,0.029961676019719004
14.482000000000001,0.04620880278949142
14.483,0.060822262803094156
14.484,0.16867491396261053
14.485,0.10011467629641177
14.486,0.20483805755782367
14.487,0.20634416819778886
14.488,0.1644318785769106
14.489,0.27985827204699604
14.49,0.13574675119925228
14.491,0.2961482554239372
14.492,0.23048715011295767
14.493,0.1092824035413113
14.494,0.28802732391610586
14.495000000000001,0.24964992460678576
14.496,0.16946615269691293
14.497,0.12985089479595535
14.498000000000001,0.08439395052449389
14.499,0.2661412685978424
14.5,0.07972475241595978
14.501,0.041511848251287745
14.502,0.09545024162820112
14.503,-0.023599113241623212
14.504,-0.01533429924966441
14.505,0.0584842518965327
14.506,0.006829058477918742
14.507,-0.060580842810271936
14.508000000000001,-0.06464857439784746
14.509,-0.1110748976362162
14.51,-0.11420257754412312
14.511000000000001,-0.1698035553791947
14.512,-0.1795107382054492
14.513,-0.1977357281245363
14.514000000000001,-0.21788577418294888
14.515,-0.14127852430745574
14.516,-0.16417723114539085
14.517,-0.2557121369220022
14.518,-0.2723391736218629
14.519,-0.22107607159081136
14.52,-0.10310091939302571
14.521,-0.256997514259475
14.522,-0.20558796454138512
14.523,-0.1822854116742468
14.524000000000001,-0.1787785340133506
14.525,-0.18049769095659587
14.526,-0.08190801502738647
14.527000000000001,-0.09709597806715886
14.528,-0.05604198974531387
14.529,-0.04602997180889909
14.530000000000001,-0.006936989361273974
14.531,0.0521522858171663
14.532,0.06441344897669307
14.533,0.1390497228257652
14.534,0.1082999239506222
14.535,0.03791958419875751
14.536,0.13672228411827314
14.537,0.15153271012583713
14.538,0.2320714898348263
14.539,0.10586045083599052
14.540000000000001,0.1981438077069659
14.541,0.1498667861920531
14.542,0.22068025261515964
14.543000000000001,0.1927545888088012
14.544,0.23309530559050246
14.545,0.14134948054551838
14.546000000000001,0.2513501938072829
14.547,0.2188959551588968
14.548,0.21023226984236304
14.549,0.29137274097743626
14.55,0.16330686963122312
14.551,0.18560374184624986
14.552,0.15724639962345693
14.553,0.14378528788797684
14.554,0.22478591540654735
14.555,0.09513947813087616
14.556000000000001,0.04058001360535722
14.557,0.13854318829183215
14.558,0.005057345599114516
14.559000000000001,-0.08464489695382114
14.56,-0.06618505553812795
14.561,-0.11581695218526025
14.562000000000001,-0.16708292992096532
14.563,-0.11775985103714676
14.564,-0.12426162595880733
14.565,-0.08119255206432743
14.566,-0.12627568647569926
14.567,-0.14389875206298527
14.568,-0.23070291611718993
14.569,-0.15217739208815512
14.57,-0.13453169665798648
14.571,-0.18921712767039592
14.572000000000001,-0.18978946593993573
14.573,-0.27321102062202457
14.574,-0.15342123651222622
14.575000000000001,-0.11042774329970571
14.576,-0.1739007175464659
14.577,-0.20772912619081058
14.578000000000001,-0.17162483532560935
14.579,-0.16781160573035925
14.58,-0.14606183159153804
14.581,-0.07513163640641754
14.582,-0.07157516517642373
14.583,-0.012198941249889968
14.584,-0.01984754897833174
14.585,-0.05707475883572259
14.586,-0.014201718991272677
14.587,0.007234350383054432
14.588000000000001,0.05009839974746619
14.589,0.17237377172268004
14.59,0.20245021307257705
14.591000000000001,0.1671496567981767
14.592,0.15013577734666408
14.593,0.09299706274998687
14.594,0.18673436425219261
14.595,0.14845895298968959
14.596,0.27911435019226627
14.597,0.12418381823316012
14.598,0.2277920837049134
14.599,0.1660575326445354
14.6,0.20760288874324734
14.601,0.23682324153607567
14.602,0.24725554230065588
14.603,0.1830586489507638
14.604000000000001,0.21152869366113344
14.605,0.125332858303911
14.606,0.15354352729308152
14.607000000000001,0.17224687225470958
14.608,0.11793556921883869
14.609,0.05266924850855596
14.61,0.04190845955642981
14.611,0.08260717863413705
14.612,-0.04723271085625361
14.613,-0.06441228103348347
14.614,-0.011425739722838068
14.615,-0.08718859295233831
14.616,-0.16070128393596755
14.617,-0.04210094323975172
14.618,-0.18469475035480845
14.619,-0.1579623573168122
14.620000000000001,-0.1951950619124987
14.621,-0.1930605600141661
14.622,-0.23390242826854266
14.623000000000001,-0.1628328341644497
14.624,-0.1991399718437338
14.625,-0.15880841149638872
14.626,-0.2388905897507067
14.627,-0.09934844692735031
14.628,-0.29596034359838747
14.629,-0.27194790063548596
14.63,-0.09434700538832481
14.631,-0.14510458886262287
14.632,-0.1362210829843189
14.633000000000001,-0.114103517010389
14.634,-0.08762083973666142
14.635,-0.08011319047966076
14.636000000000001,-0.12101490976917181
14.637,-0.008435098424072897
14.638,0.007734781985955445
14.639000000000001,0.07050663281327597
14.64,0.11168370776347361
14.641,0.06404820460048719
14.642,0.009534402119402437
14.643,0.18193800630454843
14.644,0.06350852145297037
14.645,0.15083213010584948
14.646,0.13876045296456954
14.647,0.145631702299746
14.648,0.21863267089388683
14.649000000000001,0.20340244913126884
14.65,0.22496313679832092
14.651,0.1638872699710575
14.652000000000001,0.19851440223198197
14.653,0.16843008893376077
14.654,0.19378955931774347
14.655000000000001,0.19183375566223013
14.656,0.2812917329161566
14.657,0.16480870709690873
14.658,0.05775363449137673
14.659,0.21778787143013484
14.66,0.15246186748488147
14.661,0.10362932667743155
14.662,0.06698935946062923
14.663,0.018958150330072414
14.664,0.13975650565846348
14.665000000000001,0.021415052698460932
14.666,-0.09234545072742424
14.667,-0.013266152804227202
14.668000000000001,0.006879142268759984
14.669,-0.06863740979351005
14.67,-0.1435047441686386
14.671000000000001,-0.16857855301020483
14.672,-0.18384096938483552
14.673,-0.07893215988498192
14.674,-0.173494031623044
14.675,-0.2663940912576846
14.676,-0.17327749512937482
14.677,-0.192800783065827
14.678,-0.22690746797713765
14.679,-0.25727234768101326
14.68,-0.25839182917111087
14.681000000000001,-0.1469819648215937
14.682,-0.18228080786303585
14.683,-0.16138623030080285
14.684000000000001,-0.16119146814973512
14.685,-0.14276997942365532
14.686,-0.16611096867644842
14.687000000000001,-0.13455922702503686
14.688,-0.04589321385741525
14.689,-0.011853085222299053
14.69,-0.12100151076827487
14.691,-0.04680792910923654
14.692,0.029563094519384894
14.693,0.10585752047011114
14.694,0.12483403748777755
14.695,0.01942794717093111
14.696,0.14562168581633175
14.697000000000001,0.10631653379216792
14.698,0.1756865433225376
14.699,0.18125004808119843
14.700000000000001,0.09504517961756705
14.701,0.19996083817281368
14.702,0.23458211170956794
14.703000000000001,0.19257888036494938
14.704,0.1878874032692095
14.705,0.125473734067984
14.706,0.23927666514045703
14.707,0.21374408176110296
14.708,0.15260620935045133
14.709,0.1750944885630603
14.71,0.18914726534114662
14.711,0.14102893955124596
14.712,0.15430907015905365
14.713000000000001,0.049773741034653596
14.714,0.185951240884552
14.715,0.09885986865515871
14.716000000000001,0.021337587134526714
14.717,-0.06948216610047377
14.718,0.08142999010785694
14.719000000000001,0.033944442398189084
14.72,-0.0074324464360692
14.721,0.0014668497612050288
14.722,-0.021834365594792612
14.723,-0.07741693320025468
14.724,-0.12089841382316815
14.725,-0.1485932826814943
14.726,-0.12446835986390696
14.727,-0.0914295386455549
14.728,-0.17996179305071733
14.729000000000001,-0.11211250120483535
14.73,-0.17583040713072923
14.731,-0.18132024503789554
14.732000000000001,-0.08320143151868477
14.733,-0.12111884796291704
14.734,-0.11730899250761145
14.735,-0.23583350488191904
14.736,-0.07835778399559973
14.737,-0.18150378695454816
14.738,-0.17575235987183668
14.739,-0.25706434884168844
14.74,-0.11546233772861096
14.741,-0.16681006309439544
14.742,-0.07155025288407116
14.743,-0.12810261816940263
14.744,0.04275539050250751
14.745000000000001,0.003983994489063929
14.746,0.11424917823638524
14.747,-0.027058837863149506
14.748000000000001,0.12504593193641653
14.749,-0.019719967715993533
14.75,0.10266774023879513
14.751,0.08124995383759595
14.752,0.10943624606169347
14.753,0.12318670730223338
14.754,0.11839161656372965
14.755,0.11398982101713576
14.756,0.16525445990311965
14.757,0.2009911632121505
14.758000000000001,0.25849414326341896
14.759,0.21743291528175746
14.76,0.2605533434458244
14.761000000000001,0.12509062241368346
14.762,0.17138198083724854
14.763,0.21995297784672915
14.764000000000001,0.1903959084183921
14.765,0.1166276224487108
14.766,0.19064400679610527
14.767,0.09965326500763974
14.768,0.06789246298932022
14.769,0.1101880623243768
14.77,0.06405451945282895
14.771,0.014636255339159004
14.772,-0.010578328875116949
14.773,-0.05996966728604856
14.774000000000001,-0.04991285948613171
14.775,0.0016546577085161385
14.776,-0.06359345619729974
14.777000000000001,-0.049311698448526266
14.778,-0.09150878722875574
14.779,-0.16636958540892793
14.780000000000001,-0.2347800392448575
14.781,-0.21312444012124016
14.782,-0.21249685424738127
14.783,-0.22604556068043785
14.784,-0.14664235217660065
14.785,-0.1515399620534261
14.786,-0.09109134976568119
14.787,-0.23870612700919147
14.788,-0.11671841284737802
14.789,-0.11038958162590198
14.790000000000001,-0.1923122481173719
14.791,-0.14528009018168192
14.792,-0.09285559318906768
14.793000000000001,-0.14164336944456907
14.794,-0.12741626478377438
14.795,-0.13220808130908385
14.796000000000001,-0.19770572055874427
14.797,-0.05395283910904707
14.798,-0.0699594475330665
14.799,-0.06475747130081137
14.8,0.03373713959100788
14.801,-0.036504464647627036
14.802,0.09929173587297016
14.803,0.10527144041720185
14.804,0.08205829965520986
14.805,0.11846296683210855
14.806000000000001,0.07999290148762411
14.807,0.19296558820575646
14.808,0.17861178646666154
14.809000000000001,0.19379192241118207
14.81,0.21475377415406866
14.811,0.16387981875377539
14.812000000000001,0.1236841886172814
14.813,0.24838571372821824
14.814,0.23307357512269322
14.815,0.16724984966067855
14.816,0.2071805523677254
14.817,0.23975974784365695
14.818,0.22149799954805566
14.819,0.12177332093593603
14.82,0.058939638796990504
14.821,0.04906153372190793
14.822000000000001,0.07930396525695305
14.823,0.14667430653076102
14.824,0.014799208471229328
14.825000000000001,-0.0016286687921494604
14.826,-0.02607052366400666
14.827,-0.04528020080407366
14.828000000000001,-0.042456120827221805
14.829,-0.12851108095682048
14.83,-0.03200552596229295
14.831,-0.1139816918214662
14.832,-0.001820830085045827
14.833,-0.2017510057939504
14.834,-0.07889431617803608
14.835,-0.10194548464413507
14.836,-0.20285201589163776
14.837,-0.21025855893088316
14.838000000000001,-0.24217827175421114
14.839,-0.2445062365387651
14.84,-0.19920230964444025
14.841000000000001,-0.19554811263714486
14.842,-0.27140247534508305
14.843,-0.06867632755390217
14.844000000000001,-0.18586987609830583
14.845,-0.15677664970758695
14.846,-0.17633112932537534
14.847,-0.14133873797361657
14.848,-0.12709381362937366
14.849,-0.0890604833113287
14.85,-0.06814021908245378
14.851,-0.004743840424377539
14.852,-0.010591796573443737
14.853,0.036588701400234916
14.854000000000001,0.024182607457685367
14.855,0.05918443520054646
14.856,0.05783900861317981
14.857000000000001,0.1413692738269861
14.858,0.1273877390437119
14.859,0.12185355170216719
14.86,0.13706579932759866
14.861,0.15567715027613305
14.862,0.1751114199087276
14.863,0.1808228624277125
14.864,0.16321454549782585
14.865,0.23427883347684803
14.866,0.23961011831421086
14.867,0.2868381934835062
14.868,0.16417830046947027
14.869,0.22171799866542657
14.870000000000001,0.08438065834968408
14.871,0.21025540624603023
14.872,0.08261730651905
14.873000000000001,0.09073556592477951
14.874,0.13914615525177335
14.875,0.0723606934130642
14.876,0.045000732424101964
14.877,0.03702583184676871
14.878,0.07526059812997424
14.879,-0.03087774312108633
14.88,-0.010161193496137172
14.881,-0.04949398419230276
14.882,-0.012243316860887234
14.883000000000001,-0.03277496825148264
14.884,-0.1878227919498797
14.885,-0.0633577947438077
14.886000000000001,-0.16410351323197664
14.887,-0.13785462041861038
14.888,-0.21064800562975639
14.889000000000001,-0.15691640148781685
14.89,-0.0572521472186821
14.891,-0.18525584343775764
14.892,-0.21875649628338317
14.893,-0.20882152005682067
14.894,-0.26939481575211377
14.895,-0.11952417750761175
14.896,-0.16971225462229772
14.897,-0.22863273883579138
14.898,-0.21541003103504577
14.899000000000001,-0.14997196512770172
14.9,-0.08820598084443415
14.901,-0.1745731046819563
14.902000000000001,-0.041965123956055284
14.903,-0.08149134040909618
14.904,-0.10164429321796559
14.905000000000001,-0.05598817307397787
14.906,0.07779254401367007
14.907,-0.055954124694798324
14.908,-0.00024162853711600513
14.909,0.10636788087956622
14.91,0.09112803615362723
14.911,0.06119344342206647
14.912,0.1680477955321812
14.913,0.18781583666231427
14.914,0.1692646764480101
14.915000000000001,0.13545777169628923
14.916,0.1542495828580783
14.917,0.20003869475333752
14.918000000000001,0.1262832922384136
14.919,0.2616959456446356
14.92,0.2810500810017985
14.921000000000001,0.1822718045458072
14.922,0.2072299831081138
14.923,0.24146052149152936
14.924,0.2701856791493547
14.925,0.23812112661993926
14.926,0.059155114835959935
14.927,0.11380836957750717
14.928,0.1364948581331866
14.929,0.0670949360305646
14.93,0.16003206765770456
14.931000000000001,0.13048182467626124
14.932,-0.014330635190365398
14.933,-0.004556726714350264
14.934000000000001,-0.05685653806507694
14.935,-0.05180055943156481
14.936,-0.07539190250070041
14.937000000000001,-0.03759027392574641
14.938,-0.14972436193815486
14.939,-0.25467643861197564
14.94,-0.22088885428773442
14.941,-0.20695322858387208
14.942,-0.20104860452682885
14.943,-0.16930606950696217
14.944,-0.24058772299946665
14.945,-0.2525104338452821
14.946,-0.241136512507662
14.947000000000001,-0.25047070789683307
14.948,-0.21975248856638824
14.949,-0.21658569392027632
14.950000000000001,-0.1443900041640187
14.951,-0.2179785297896465
14.952,-0.17372239910056836
14.953000000000001,-0.168291003973315
14.954,-0.08385469569423076
14.955,-0.11356536739032329
14.956,-0.03341745440265701
14.957,-0.12249506253778257
14.958,-0.04538357784693424
14.959,-0.04916606349809643
14.96,-0.058858697654204054
14.961,0.02183990599234085
14.962,0.1342765021320733
14.963000000000001,0.026733266370363974
14.964,0.0837889289546766
14.965,0.04408132924699204
14.966000000000001,0.05474227310449137
14.967,0.10458364956881983
14.968,0.13569838675054102
14.969000000000001,0.14998268483302277
14.97,0.16867250801368297
14.971,0.10478376551769687
14.972,0.1605458563354716
14.973,0.2189270680536537
14.974,0.12524967023814262
14.975,0.17206467966228384
14.976,0.1985086183515302
14.977,0.1362651798044805
14.978,0.18155255257827632
14.979000000000001,0.075254853654767
14.98,0.18048796067218173
14.981,0.1372403706319592
14.982000000000001,0.10298573634119888
14.983,0.13632193264318382
14.984,0.042396557074451766
14.985,0.005951564795581378
14.986,0.08295323707001558
14.987,0.08365791568985903
14.988,-0.06563358645085464
14.989,-0.05879385462787162
14.99,-0.022258103839284823
14.991,-0.09878479777959182
14.992,-0.08419885887632801
14.993,-0.09238017121394212
14.994,-0.1751687613635366
14.995000000000001,-0.1397090571047243
14.996,-0.17238085130103012
14.997,-0.24193602951428073
14.998000000000001,-0.2370961974154343
14.999,-0.224166107329813
15.0,-0.14640857836155063
15.001,-0.14339692087659522
15.002,-0.14996038995479288
15.003,-0.1588590316964748
15.004,-0.1511410642648631
15.005,-0.14645770897305788
15.006,-0.12630357144495286
15.007,-0.10724647220290769
15.008000000000001,-0.18376723594702005
15.009,-0.1340319448269704
15.01,-0.12564402551744852
15.011000000000001,0.002495344637384829
15.012,0.05189895842936805
15.013,-0.11678713828734591
15.014000000000001,0.09248276361640839
15.015,0.04094904920503995
15.016,0.10910576097678525
15.017,0.10483464689336587
15.018,0.17146754446502002
15.019,0.12849200932796934
15.02,0.06675459601316582
15.021,0.14469872710127066
15.022,0.18874637348229137
15.023,0.16289447075984934
15.024000000000001,0.21490895254048034
15.025,0.1845543917542053
15.026,0.16128860484290466
15.027000000000001,0.1373545057726144
15.028,0.17000953601695434
15.029,0.19516270880467396
15.030000000000001,0.07975072569734996
15.031,0.12905557622595148
15.032,0.05625098429163289
15.033,0.11111119044445528
15.034,0.18575874893092176
15.035,0.04878639926949441
15.036,0.12396667514944025
15.037,0.21075015174467854
15.038,0.11955287822584715
15.039,0.031481462173448785
15.040000000000001,0.04532462034709845
15.041,-0.08850785842415979
15.042,-0.12083559300328132
15.043000000000001,-0.06228049450204796
15.044,-0.06444795087699413
15.045,-0.04914938489446504
15.046000000000001,-0.15035864534296067
15.047,-0.12861326813464147
15.048,-0.1447766611476604
15.049,-0.17163943325347897
15.05,-0.17875004932069816
15.051,-0.22549950968361762
15.052,-0.1738940094073494
15.053,-0.1806496325498129
15.054,-0.21229943673313806
15.055,-0.15428334376670555
15.056000000000001,-0.13086887253728113
15.057,-0.14056953205065909
15.058,-0.21633680124098897
15.059000000000001,-0.1467489862584263
15.06,-0.18273289356111966
15.061,-0.11587876503686129
15.062000000000001,-0.14797131570765124
15.063,-0.019217481001093856
15.064,-0.02325311671005051
15.065,0.016737607056381346
15.066,0.03373707744585623
15.067,-0.010065584170380754
15.068,0.004440211124910706
15.069,0.13469924300799352
15.07,0.06058381300874649
15.071,0.02137953538866351
15.072000000000001,0.15851367144833287
15.073,0.13286201900854053
15.074,0.21676338857551383
15.075000000000001,0.1674506604614469
15.076,0.16599121585073143
15.077,0.252679313530029
15.078000000000001,0.10639643218542649
15.079,0.15846785925400497
15.08,0.14519397791530625
15.081,0.07902012797092983
15.082,0.22904272865704056
15.083,0.15156840863691876
15.084,0.21629181264627634
15.085,0.17970753915784954
15.086,0.17763533646368698
15.087,0.10950823757597639
15.088000000000001,0.07724845042352414
15.089,0.10154681018040536
15.09,0.12328471271884808
15.091000000000001,0.05401696862989264
15.092,-0.00012168529747971779
15.093,-0.04700984211834843
15.094000000000001,0.0009459854786508202
15.095,-0.0590317537021897
15.096,-0.05654044403135877
15.097,-0.08577826958345668
15.098,-0.11592004018508108
15.099,-0.09756736274804073
15.1,-0.10153595620552387
15.101,-0.04621163614898116
15.102,-0.11979342189739356
15.103,-0.08904435052135161
15.104000000000001,-0.2183643385633468
15.105,-0.2637375608116709
15.106,-0.1881327670868101
15.107000000000001,-0.14564551980651502
15.108,-0.15202454879584715
15.109,-0.12247071229117401
15.11,-0.30330243794986256
15.111,-0.1048314891896525
15.112,-0.13940717900572608
15.113,-0.21993252198226493
15.114,-0.09114483383439523
15.115,-0.10168772739964643
15.116,-0.0724294323983581
15.117,-0.02161098346157541
15.118,-0.029149933283494307
15.119,-0.10271252046122643
15.120000000000001,-0.014238419304938636
15.121,-0.06589672978930267
15.122,0.06929539107057633
15.123000000000001,0.12808047383798615
15.124,0.01663794301230792
15.125,0.06457217085753954
15.126,0.07210047045747461
15.127,0.10998741098275297
15.128,0.16793142995758653
15.129,0.13774738072308534
15.13,0.2029081533378931
15.131,0.23157949725986593
15.132,0.23896568987471772
15.133000000000001,0.1309985254148482
15.134,0.256655810555868
15.135,0.2585315445607514
15.136000000000001,0.258177747384775
15.137,0.16548173414811856
15.138,0.12622189060760622
15.139000000000001,0.10278908862028521
15.14,0.0830086870835999
15.141,0.1228806920203037
15.142,0.14720785608013065
15.143,0.15122458359281138
15.144,0.04152393539530699
15.145,0.042873770405008685
15.146,0.01799626688774336
15.147,-0.030471760171838485
15.148,0.016157722652173613
15.149000000000001,-0.024115730626650383
15.15,-0.056203700188280144
15.151,-0.06553485598371225
15.152000000000001,-0.07167388743814307
15.153,-0.08975056787452547
15.154,-0.1778608183808115
15.155000000000001,-0.10515302883456074
15.156,-0.14916084222377413
15.157,-0.19338219442163956
15.158,-0.16729158549014814
15.159,-0.16665997198659252
15.16,-0.1321382774334337
15.161,-0.2383104515717654
15.162,-0.11696443378370228
15.163,-0.17674161443785233
15.164,-0.1954434926905759
15.165000000000001,-0.18686731875580292
15.166,-0.19778938649109817
15.167,-0.22042694316146366
15.168000000000001,-0.08333856933268488
15.169,-0.000382505060311053
15.17,-0.16116257490021307
15.171000000000001,-0.10755942117250562
15.172,-0.0013958712945607993
15.173,-0.019665397608896126
15.174,0.04615948002399057
15.175,0.021104206946903417
15.176,0.018540368360571362
15.177,0.0569963226869548
15.178,-0.031049514349884524
15.179,0.04942499976395687
15.18,0.1710800309197595
15.181000000000001,0.19861581309277113
15.182,0.22276082665012978
15.183,0.1858202701507588
15.184000000000001,0.06003497693479748
15.185,0.14776307318723836
15.186,0.24994350134951754
15.187000000000001,0.2665262603623946
15.188,0.25261241918830823
15.189,0.16923093700068556
15.19,0.10978378437613265
15.191,0.1647383197944501
15.192,0.15687190479702318
15.193,0.22162341182203038
15.194,0.13997749631829065
15.195,0.1128981723136898
15.196,0.09767702151978355
15.197000000000001,0.09464498022293515
15.198,0.08560275407393879
15.199,-0.0030571973185945928
15.200000000000001,-0.04127084906030622
15.201,0.05842758271343029
15.202,-0.1137145574050778
15.203000000000001,0.029108299531115572
15.204,-0.16869308419991597
15.205,-0.1217491167705102
15.206,-0.062008587977227456
15.207,-0.1271310241243081
15.208,-0.20775891740352603
15.209,-0.13343763356703225
15.21,-0.16209382059931363
15.211,-0.18464607055448298
15.212,-0.21103916961196606
15.213000000000001,-0.18509083176332525
15.214,-0.21344471543161297
15.215,-0.06106817042116652
15.216000000000001,-0.19072238571705113
15.217,-0.1908738693992222
15.218,-0.19036122744427014
15.219000000000001,-0.06327796772013101
15.22,-0.22083235153265623
15.221,-0.105751793768437
15.222,-0.11883297408633535
15.223,-0.15971727864800767
15.224,-0.10996682564713589
15.225,-0.03268780146807554
15.226,-0.07061711899892816
15.227,0.007087619984700459
15.228,0.1021461459290237
15.229000000000001,0.04557222896783707
15.23,-0.014799366431518066
15.231,0.035563848349874846
15.232000000000001,0.0825783512973229
15.233,0.09683870186802222
15.234,0.13806770928950798
15.235,0.16030031665360886
15.236,0.24341514943761505
15.237,0.16674527926976743
15.238,0.1170584392391
15.239,0.23768405890573735
15.24,0.24598685517041505
15.241,0.1947778015960604
15.242,0.16863074132437667
15.243,0.2073788511440799
15.244,0.15857069487377093
15.245000000000001,0.05688375190497558
15.246,0.17619011925024652
15.247,0.17894045337668887
15.248000000000001,0.1908475545786979
15.249,0.06508936744656943
15.25,0.0943757773076806
15.251,0.07576029606093376
15.252,0.04707687015237315
15.253,0.027406434390133877
15.254,0.0020865369395560566
15.255,-0.010610856962562953
15.256,-0.005291090307257544
15.257,-0.0018451945434081324
15.258000000000001,-0.12033538559450188
15.259,-0.10964712751187798
15.26,-0.13927511037351675
15.261000000000001,-0.1619049812259724
15.262,-0.22805092579027744
15.263,-0.1576304507815754
15.264000000000001,-0.1442730394714799
15.265,-0.18306815909079543
15.266,-0.1804152575085342
15.267,-0.1612166363635205
15.268,-0.11124165751208191
15.269,-0.1999388214918009
15.27,-0.23221824986286319
15.271,-0.17045507937407517
15.272,-0.06176603869528732
15.273,-0.20185443358695657
15.274000000000001,-0.09719039443471764
15.275,-0.05590714938585602
15.276,-0.21462288730715606
15.277000000000001,-0.057057471083465094
15.278,-0.027558973208558577
15.279,-0.050469616827067486
15.280000000000001,-0.048295280021699395
15.281,-0.024165621004891405
15.282,0.010196960247128784
15.283,0.0324024750509935
15.284,0.04318658933378258
15.285,0.06977765826035663
15.286,0.16460945379129294
15.287,0.06096073445581205
15.288,0.04915701826440347
15.289,0.20998732202540266
15.290000000000001,0.15101671071932585
15.291,0.14995655824561077
15.292,0.17021922516203186
15.293000000000001,0.19022974353579666
15.294,0.15506916116506353
15.295,0.2055743613126083
15.296000000000001,0.12868577932779549
15.297,0.1557927281137056
15.298,0.051880947285691426
15.299,0.21072091256559206
15.3,0.1307053299243414
15.301,0.158497520736093
15.302,0.1325865384932387
15.303,0.11852142093063495
15.304,0.07166732839479864
15.305,0.07150741486325356
15.306000000000001,-0.016638074716777397
15.307,-0.04822725766432043
15.308,-0.015951681857825216
15.309000000000001,-0.06595412280474391
15.31,0.018688522442202933
15.311,-0.05371323104770971
15.312000000000001,-0.12717282546819592
15.313,-0.12253677615120218
15.314,-0.1184108566540343
15.315,-0.14283185014420818
15.316,-0.13828661029525496
15.317,-0.15878436276836272
15.318,-0.23985235928091042
15.319,-0.28361567280115474
15.32,-0.198072012378862
15.321,-0.1522134675307016
15.322000000000001,-0.1967178923657901
15.323,-0.11267100297272956
15.324,-0.17033930318279722
15.325000000000001,-0.0913175962134388
15.326,-0.09057386495003453
15.327,-0.08255822395052996
15.328000000000001,-0.18039429276690305
15.329,-0.10280668673690928
15.33,-0.02454784848437508
15.331,-0.05291832249193839
15.332,-0.018757349796934344
15.333,-0.09517718864113722
15.334,0.09119596019795614
15.335,-0.023216407375547816
15.336,-0.06250739450820872
15.337,0.03999731726374132
15.338000000000001,-0.045282849460041935
15.339,0.04130180231026668
15.34,0.24062520379637148
15.341000000000001,0.10927819676381767
15.342,0.07069642511427696
15.343,0.15519156553291438
15.344000000000001,0.11875029226264869
15.345,0.21432014236996527
15.346,0.13170872955730417
15.347,0.19238331742171294
15.348,0.12168756037744882
15.349,0.3067173795885172
15.35,0.197236592721456
15.351,0.15769949050357981
15.352,0.1409747929331035
15.353,0.11644906883728312
15.354000000000001,0.09260755008381197
15.355,0.07596195420812665
15.356,0.18244250318205202
15.357000000000001,0.05268838309132963
15.358,-0.04545851625936938
15.359,-0.017425648528917634
15.36,0.06656424259957297
15.361,-0.01340241097553153
15.362,-0.028434865730550443
15.363,0.01612374522719208
15.364,-0.10126874147923204
15.365,-0.04996412410559085
15.366,-0.1330209439932392
15.367,-0.08749365212280608
15.368,-0.15089475264901636
15.369,-0.1566489463060993
15.370000000000001,-0.11479961305462896
15.371,-0.12748712561895845
15.372,-0.1799647912186031
15.373000000000001,-0.1997096960570765
15.374,-0.09817619904752099
15.375,-0.14821542612302885
15.376,-0.19433802599176783
15.377,-0.20212572657215233
15.378,-0.11058301953202701
15.379,-0.14618644936191708
15.38,-0.14817186245624073
15.381,-0.12035820837613381
15.382,-0.09359713788596699
15.383000000000001,-0.09618478570667009
15.384,-0.014749554989619114
15.385,0.0074747970322738624
15.386000000000001,-0.008699071897713184
15.387,0.05411921182683779
15.388,0.006677671849794318
15.389000000000001,0.0615439868799989
15.39,0.09764351899542045
15.391,0.1181035554410139
15.392,0.13174846707795757
15.393,0.13511201705323753
15.394,0.21757799319297577
15.395,0.10724849915553619
15.396,0.13912725162435213
15.397,0.14678738301585642
15.398,0.14755815522884852
15.399000000000001,0.07267994287236534
15.4,0.24464332330293248
15.401,0.12595296683168167
15.402000000000001,0.18465635035346262
15.403,0.10155491470185539
15.404,0.19778739773805948
15.405000000000001,0.11928900491855779
15.406,0.0913853781739132
15.407,0.14548674321730934
15.408,0.086452364620515
15.409,0.07683175185241647
15.41,0.09673147651840334
15.411,0.1095358950246755
15.412,0.009059974611930435
15.413,-0.019816884405646048
15.414,0.010278113046546598
15.415000000000001,0.015310904462287774
15.416,0.04089973261245328
15.417,-0.10593771592100114
15.418000000000001,-0.08767233083062123
15.419,-0.03138975622285846
15.42,-0.008678431932187633
15.421000000000001,-0.1726548601163992
15.422,-0.17390573719224428
15.423,-0.12998083609665462
15.424,-0.1879339490235807
15.425,-0.20482243130543495
15.426,-0.1601476597295501
15.427,-0.0980318326927662
15.428,-0.24168770387452218
15.429,-0.09957797857274446
15.43,-0.1991092937346764
15.431000000000001,-0.1466103028522471
15.432,-0.07562954321571058
15.433,-0.12804246787710566
15.434000000000001,-0.1463348212627605
15.435,-0.08089612965894183
15.436,-0.10920368803076141
15.437000000000001,-0.05683895310077028
15.438,-0.07436610090521846
15.439,-0.0014236798034265724
15.44,-0.09393719354569575
15.441,-0.054320494085635954
15.442,-0.05346803674262111
15.443,0.03453697847736522
15.444,-0.01926199498774317
15.445,0.041682672852071855
15.446,0.03889860020692533
15.447000000000001,0.1849503552164518
15.448,0.07658819181417922
15.449,0.07520544437079599
15.450000000000001,0.16343087962560954
15.451,0.24474946186871233
15.452,0.16178408899423563
15.453000000000001,0.1705170606509265
15.454,0.23947691842494107
15.455,0.21892369380173674
15.456,0.19394332402849837
15.457,0.1388363214203379
15.458,0.18371853193874554
15.459,0.08363313433335108
15.46,0.10915311963271342
15.461,0.19864459545782964
15.462,0.1771593648549999
15.463000000000001,0.11738362745811466
15.464,-0.018818420524182478
15.465,-0.001684948310132578
15.466000000000001,0.005027688554743448
15.467,0.010162132148244343
15.468,-0.06427765142017465
15.469000000000001,-0.0345441235947169
15.47,0.04598002907863779
15.471,-0.04190643418487832
15.472,-0.0697081287166883
15.473,-0.14910873806850433
15.474,-0.1964000712819337
15.475,-0.19049583282618815
15.476,-0.22590486111848945
15.477,-0.14907084729822273
15.478,-0.14240406907800734
15.479000000000001,-0.21640704794531318
15.48,-0.16496993211993047
15.481,-0.10076146434739497
15.482000000000001,-0.07576901031819908
15.483,-0.1321822401590939
15.484,-0.1741415119010478
15.485000000000001,-0.12091295340667647
15.486,-0.08047377153040534
15.487,-0.23663459311791513
15.488,-0.0485048732647647
15.489,-0.13448820570209621
15.49,-0.11718527496982975
15.491,-0.0901220422393579
15.492,-0.037319731794275716
15.493,-0.08910779706544772
15.494,-0.02755276844134663
15.495000000000001,0.03335984177431336
15.496,0.03832619386957071
15.497,0.06635376523070663
15.498000000000001,0.05036936892645216
15.499,0.11958224607149753
15.5,0.15486837443285595
15.501,0.16760627504840342
15.502,0.1532711229065751
15.503,0.1911173126084038
15.504,0.1980149908383786
15.505,0.29644282881243583
15.506,0.22943091195809734
15.507,0.16767459275037624
15.508000000000001,0.1277377550813053
15.509,0.15908462178454477
15.51,0.1519995748343077
15.511000000000001,0.18828437429423864
15.512,0.11958408595861782
15.513,0.20396146992882874
15.514000000000001,0.06264436123872463
15.515,0.03644978585935421
15.516,0.09565181848390004
15.517,0.04320598120639393
15.518,0.004179270470449789
15.519,0.016077207018222302
15.52,-0.009956595257473909
15.521,0.008432079795285716
15.522,-0.043391293021949585
15.523,-0.059438559228957334
15.524000000000001,-0.05238295848014172
15.525,-0.020358348081759438
15.526,-0.015476147002233792
15.527000000000001,-0.0983333194358842
15.528,-0.10968827264130374
15.529,-0.14369442176047387
15.530000000000001,-0.12218181884736433
15.531,-0.13642135026234015
15.532,-0.09717417637374325
15.533,-0.26317924174146284
15.534,-0.18341774493246898
15.535,-0.1553139330369726
15.536,-0.17179290486803103
15.537,-0.21329309112374606
15.538,-0.22486707951050172
15.539,-0.11094519155304616
15.540000000000001,-0.17838843830160878
15.541,-0.2156349226524254
15.542,-0.07065116844636377
15.543000000000001,-0.07456214340312174
15.544,-0.08599883804394719
15.545,-0.10752807800392845
15.546000000000001,-0.048223652605957366
15.547,0.038055271258708806
15.548,-0.08332664167579393
15.549,-0.06063085055124081
15.55,0.0060888051708416005
15.551,0.055528891003906046
15.552,0.05063843072307965
15.553,0.12513776590439823
15.554,0.16369307841890685
15.555,0.13793124636428186
15.556000000000001,0.16504023657267727
15.557,0.16175493434052873
15.558,0.1577095577753309
15.559000000000001,0.09946889437374999
15.56,0.1173940101271529
15.561,0.10356541673485427
15.562000000000001,0.16364384927803496
15.563,0.18028231588871602
15.564,0.091480284431926
15.565,0.16058992670578548
15.566,0.1040551323687256
15.567,0.08317773391472871
15.568,0.0923129232705241
15.569,0.05280100624997298
15.57,0.12290810861337233
15.571,0.06665579113377447
15.572000000000001,0.09727017235561503
15.573,0.015016830509638035
15.574,-0.002915106569503608
15.575000000000001,0.09098474054465701
15.576,-0.10384557404766145
15.577,0.02184460483622972
15.578000000000001,0.021252368058969587
15.579,-0.041421809652581236
15.58,-0.11336844239301162
15.581,-0.04128970505520503
15.582,-0.14295329825239056
15.583,-0.1746299304472601
15.584,-0.1693032333454795
15.585,-0.1868777851228655
15.586,-0.21199063740800128
15.587,-0.11317775568321928
15.588000000000001,-0.20904206554971905
15.589,-0.17119398956105028
15.59,-0.2389027766465911
15.591000000000001,-0.15987904677826542
15.592,-0.21169809691566274
15.593,-0.20328969220310208
15.594000000000001,-0.13810853702151435
15.595,-0.06635045257703595
15.596,-0.08209561576128833
15.597,-0.06214845110682747
15.598,-0.07638767575183868
15.599,-0.06800505184181631
15.6,0.00770111775844045
15.601,-0.04021659936730936
15.602,0.04962005972991708
15.603,0.08953452192740464
15.604000000000001,0.005115930190589264
15.605,0.03125240357424535
15.606,0.0565618634535887
15.607000000000001,0.027207013097275468
15.608,0.09240019564565569
15.609,0.19465413167450318
15.610000000000001,0.08922194775132057
15.611,0.21772380822284232
15.612,0.13766271839665378
15.613,0.2707076882831799
15.614,0.13430898606272487
15.615,0.16227121110435144
15.616,0.1226949756888002
15.617,0.130234499141221
15.618,0.22567588598341526
15.619,0.1744547719371342
15.620000000000001,0.1920552043739814
15.621,0.06278689822787734
15.622,0.1474924150458512
15.623000000000001,0.050787244430273285
15.624,0.0157385488975908
15.625,0.07665605628417445
15.626,0.057373221577276354
15.627,0.029216594241107945
15.628,0.042672349096875964
15.629,0.030632491928063516
15.63,0.040788577757901644
15.631,-0.11140806337601714
15.632,0.004740327065140701
15.633000000000001,0.006263296671721083
15.634,-0.12243705240062622
15.635,-0.2023810511336797
15.636000000000001,-0.201316109190321
15.637,-0.16659113098266748
15.638,-0.052165771399650146
15.639000000000001,-0.15928162473034935
15.64,-0.1960468478009224
15.641,-0.2022302942806252
15.642,-0.2345520928047301
15.643,-0.12282091507048742
15.644,-0.1669915428168795
15.645,-0.0509980059645595
15.646,-0.1160325282118364
15.647,-0.09537056736927868
15.648,-0.13651453098491587
15.649000000000001,-0.16479277752644067
15.65,-0.13823839099232965
15.651,-0.1460427149028562
15.652000000000001,-0.014019226793409355
15.653,-0.05993006019399121
15.654,0.026348364178787928
15.655000000000001,0.005211876173735174
15.656,0.0034816235174461724
15.657,-0.020909336224953258
15.658,0.07157457060618332
15.659,0.06369662713852281
15.66,0.13683634171935055
15.661,0.07178370425141206
15.662,0.15269727891372
15.663,0.2165854823661719
15.664,0.1589618407567326
15.665000000000001,0.1933814246995529
15.666,0.18936575422755658
15.667,0.26011094194105816
15.668000000000001,0.18594003765074138
15.669,0.20220736942366313
15.67,0.16293787003407573
15.671000000000001,0.12130417541695176
15.672,0.09268257154894498
15.673,0.2073976324859509
15.674,0.08261136757116937
15.675,0.1574710898454248
15.676,0.12647579162983058
15.677,0.13561052663512818
15.678,0.04680171617741713
15.679,0.014824060833089604
15.68,0.054360579525162156
15.681000000000001,0.001425658835505668
15.682,-0.06512094646420111
15.683,0.07380192203351285
15.684000000000001,-0.08192257402832748
15.685,-0.11066965062866704
15.686,-0.09088201716432223
15.687000000000001,-0.03282601170373971
15.688,-0.21917621303015766
15.689,-0.06618126038283997
15.69,-0.18236045082906177
15.691,-0.13378095430675788
15.692,-0.1889970009564657
15.693,-0.06164719205485228
15.694,-0.15883289919419022
15.695,-0.20201209488280705
15.696,-0.1809081176072746
15.697000000000001,-0.15833151154748248
15.698,-0.14864600179219842
15.699,-0.12813861134356114
15.700000000000001,-0.1406279687015242
15.701,-0.19796306238201009
15.702,-0.13289043456674962
15.703000000000001,-0.0707242594407201
15.704,-0.11834444575339104
15.705,-0.033841386965758696
15.706,-0.047601665616355746
15.707,-0.041111259241451696
15.708,0.048854987254754664
15.709,-0.0782452563510846
15.71,-0.005718808837277441
15.711,0.10865977868068431
15.712,0.15687544062203362
15.713000000000001,0.19709828360012785
15.714,0.10159329332652714
15.715,0.13687450557814995
15.716000000000001,0.16817751114393653
15.717,0.20262566712203037
15.718,0.16417287239846648
15.719000000000001,0.20242049885564664
15.72,0.1845410808259743
15.721,0.19087340287953902
15.722,0.11978071992671974
15.723,0.14789066958726632
15.724,0.13459980843034408
15.725,0.09546591039838412
15.726,0.06436961036680512
15.727,0.1157851062546314
15.728,0.11190488071098025
15.729000000000001,0.11676367493207107
15.73,0.12417988699225048
15.731,0.08935770925202904
15.732000000000001,0.04956929301488496
15.733,-0.0017313264117795948
15.734,0.06888935414293496
15.735000000000001,0.0006185150674856699
15.736,-0.03537673747791696
15.737,-0.04220999153948369
15.738,-0.08826306230655562
15.739,-0.0961785013111854
15.74,-0.11481895779322475
15.741,-0.11691175659294462
15.742,-0.0841855930979519
15.743,-0.10942748324148255
15.744,-0.06346133090654459
15.745000000000001,-0.08928112404918823
15.746,-0.059045912391052474
15.747,-0.13374291626996948
15.748000000000001,-0.1371481028560591
15.749,-0.1890104184080676
15.75,-0.12140520774284166
15.751,-0.1913357915282824
15.752,-0.22569289700467815
15.753,-0.06739890689527728
15.754,-0.19574133704579172
15.755,-0.09907373608837976
15.756,-0.15110372370190878
15.757,-0.035354097320324254
15.758000000000001,-0.011882721322849704
15.759,-0.030886664199123674
15.76,0.02344051438957727
15.761000000000001,-0.019514801673315506
15.762,0.11108926560486002
15.763,0.05595143213710003
15.764000000000001,-0.007386880959891484
15.765,0.059591648946537464
15.766,0.06617549505339292
15.767,0.07794379777864495
15.768,0.023018251974863846
15.769,0.13916253562736716
15.77,0.06281801248709382
15.771,0.01629521895341876
15.772,0.13385495240719875
15.773,0.11966491244736455
15.774000000000001,0.1186132021957077
15.775,0.008534799627854611
15.776,0.12088945438077978
15.777000000000001,0.15223846753291762
15.778,0.12448435242941117
15.779,0.16867936859841545
15.780000000000001,0.2100097517774499
15.781,0.15532807695348877
15.782,0.16818148522878235
15.783,0.15806436893216363
15.784,0.0360026415337204
15.785,0.09204696173193083
15.786,0.1020354079326313
15.787,0.011952586348028423
15.788,-0.02476517476253969
15.789,0.022106426619023907
15.790000000000001,-0.09760648797904364
15.791,-0.0967040689973535
15.792,-0.09382934612095356
15.793000000000001,-0.05531190439672858
15.794,-0.08315768459610526
15.795,-0.05744627857798072
15.796000000000001,-0.16860993444729117
15.797,-0.18304697041858542
15.798,-0.11797851997699917
15.799,-0.19201644885624009
15.8,-0.1880672726431072
15.801,-0.25436007654579473
15.802,-0.14838095021429598
15.803,-0.0850134154979205
15.804,-0.21046294410409244
15.805,-0.1026431400919815
15.806000000000001,-0.14931091242902406
15.807,-0.2252099527258678
15.808,-0.17038983884664577
15.809000000000001,-0.1604635573361373
15.81,-0.1139058270838624
15.811,-0.061196914381684606
15.812000000000001,0.027306514076473512
15.813,-0.11877302257770814
15.814,-0.05288729533720187
15.815,-0.054492996430784764
15.816,-0.05401276884276822
15.817,0.03310133186145241
15.818,0.046947179587965106
15.819,-0.0259267080141056
15.82,0.08266079316508315
15.821,0.037339100382704465
15.822000000000001,0.11270357795274559
15.823,0.18853858582442662
15.824,0.1594391006003583
15.825000000000001,0.1544998860640883
15.826,0.1265125079364448
15.827,0.16150921285208913
15.828000000000001,0.18936083572784487
15.829,0.18521510775196764
15.83,0.15562067517615924
15.831,0.1678119952756183
15.832,0.0853144873258561
15.833,0.10654385017181076
15.834,0.1687850359370061
15.835,0.1638199790921886
15.836,0.1130363849456297
15.837,0.16745462250995685
15.838000000000001,0.10277429934557081
15.839,0.04852401381403253
15.84,-0.018822643090305187
15.841000000000001,0.09551251986425063
15.842,0.04318537069118008
15.843,0.07562227250732412
15.844000000000001,0.07529129466731553
15.845,-0.11569233821524755
15.846,-0.13314070152123159
15.847,-0.22870510021202933
15.848,-0.05506174258016289
15.849,-0.08219182181591352
15.85,-0.12257155362737332
15.851,-0.19944925510153017
15.852,-0.1513673820319179
15.853,-0.14442439232891455
15.854000000000001,-0.11914609516088838
15.855,-0.1470716459433815
15.856,-0.12775273904780332
15.857000000000001,-0.16515223124472245
15.858,-0.09568401378359104
15.859,-0.11685221390452113
15.860000000000001,-0.1994221865123585
15.861,-0.06032369280734419
15.862,-0.05643035994443128
15.863,-0.0807417027716383
15.864,-0.07485780101324749
15.865,0.0103778269290387
15.866,-0.13688407464297286
15.867,0.02493110407259473
15.868,-0.04234784960138453
15.869,0.05506172495901219
15.870000000000001,0.02514992574292935
15.871,-0.02445854427991353
15.872,0.030891016174340803
15.873000000000001,0.12405699792590494
15.874,0.0787004357474076
15.875,0.07314012165276013
15.876,0.0863663020757123
15.877,0.16181839284917632
15.878,0.22737569028987242
15.879,0.04100547434662763
15.88,0.29424503996009543
15.881,0.16843069197403718
15.882,0.1891038374139846
15.883000000000001,0.13792090275264404
15.884,0.15699757417593543
15.885,0.16207252932401334
15.886000000000001,0.0931659059712572
15.887,0.09650572972739263
15.888,0.1853051328253459
15.889000000000001,0.03601271128715072
15.89,0.12167397434568294
15.891,0.06572058431992495
15.892,0.019680477442454943
15.893,0.14885521090806436
15.894,-0.015609285395936694
15.895,-0.04296717907705751
15.896,-0.014567475235480798
15.897,-0.06232370710462096
15.898,-0.041916396551089
15.899000000000001,-0.05221513955295892
15.9,-0.06516743923955973
15.901,-0.09894283493736244
15.902000000000001,-0.14241900039350675
15.903,-0.08821783077000883
15.904,-0.13738447094226802
15.905000000000001,-0.16617069996703715
15.906,-0.07502685582157288
15.907,-0.16067108677086508
15.908,-0.10345129822625056
15.909,-0.09797343672797135
15.91,-0.09399951871854396
15.911,-0.12070991637026429
15.912,-0.1500448392851055
15.913,-0.1458946593624602
15.914,-0.14561383655694743
15.915000000000001,-0.23063254407927491
15.916,-0.07354610169867845
15.917,-0.0829577876579011
15.918000000000001,-0.03829327161911481
15.919,-0.0687175536859903
15.92,-0.012064501252255125
15.921000000000001,-0.09600216307554385
15.922,-0.06704479126190166
15.923,-0.11373627019889147
15.924,0.021865947493502708
15.925,0.008064388580759523
15.926,0.018977531398242882
15.927,0.09744351499841519
15.928,0.07488013249940752
15.929,0.0386134066652897
15.93,0.25009262726478243
15.931000000000001,0.1318910756593196
15.932,0.08862237415179394
15.933,0.116355437181481
15.934000000000001,0.14618791198480738
15.935,0.148943745263643
15.936,0.22349982711065355
15.937000000000001,0.152921734681321
15.938,0.2459928837514044
15.939,0.1258395710157736
15.94,0.16098022240681242
15.941,0.18103301029184266
15.942,0.17817994665558765
15.943,0.17087647970343178
15.944,0.07709685625912269
15.945,0.07459328070038383
15.946,-0.06595859991228972
15.947000000000001,0.030564100223656382
15.948,0.07673030950718453
15.949,0.04851445097375138
15.950000000000001,-0.019189569046494184
15.951,0.05176664242016124
15.952,-0.07025043786376439
15.953000000000001,-0.10400570691780475
15.954,-0.10780792331905396
15.955,-0.15555382878671387
15.956,-0.08196445751224277
15.957,-0.1107489833562445
15.958,-0.10503219389279907
15.959,-0.16473496863937384
15.96,-0.1534162621549712
15.961,-0.2638519842672538
15.962,-0.13840039601015103
15.963000000000001,-0.15238187276146253
15.964,-0.21029360966992877
15.965,-0.1563036591253259
15.966000000000001,-0.15768583109092427
15.967,-0.04830679755797983
15.968,-0.17942908060814514
15.969000000000001,-0.09791378774064162
15.97,-0.15556252385539862
15.971,-0.11406967338825352
15.972,-0.05630511948504496
15.973,-0.06372394637703817
15.974,-0.03573937229767707
15.975,-0.0006066053078223263
15.976,-0.02349999537907673
15.977,0.06379493616960619
15.978,0.022438976603686975
15.979000000000001,0.050433004885274274
15.98,0.09020422532505051
15.981,0.09931495071345377
15.982000000000001,0.13478324324584084
15.983,0.13160673494039837
15.984,0.15079527589393946
15.985000000000001,0.1208998580894123
15.986,0.0916594735429148
15.987,0.07964190691927131
15.988,0.07132959237145162
15.989,0.24470602547015394
15.99,0.04547634791375037
15.991,0.21319443634110516
15.992,0.10774280951538798
15.993,0.2013370511297513
15.994,0.02316169965300882
15.995000000000001,0.11097378650378582
15.996,0.18318192267977934
15.997,0.13237540442382234
15.998000000000001,0.06475829877728158
15.999,-0.031739584140359836
16.0,-0.017822392176803467
16.001,0.09999341017612444
16.002,-0.0050555079245236355
16.003,-0.009576875835723612
16.004,-0.010060914777385948
16.005,-0.10728979858730957
16.006,-0.039104935556110776
16.007,-0.0969446622401552
16.008,-0.07671899161146799
16.009,-0.13448029467223743
16.01,-0.1969456720225062
16.011,-0.15073447688661445
16.012,-0.10661479983950989
16.013,-0.12632306012300049
16.014,-0.14983562365741712
16.015,-0.10974240023775386
16.016000000000002,-0.1659620820729328
16.017,-0.15195378741054777
16.018,-0.17560789413341943
16.019000000000002,-0.09855162008245322
16.02,-0.124553159461853
16.021,-0.157809498357502
16.022000000000002,-0.19345722278886174
16.023,-0.05116574441752596
16.024,-0.12956334888972698
16.025,-0.07343574740537752
16.026,0.05696781319432531
16.027,-0.0033804587018317414
16.028,0.05489965819425308
16.029,-0.03441968988526234
16.03,0.06427570756715942
16.031,0.030145128982482845
16.032,0.06479251127134746
16.033,0.16456535625083724
16.034,0.06573967057011572
16.035,0.09567819856201024
16.036,0.06328614726844081
16.037,0.16510084468945943
16.038,0.10320775626975265
16.039,0.19112254580738347
16.04,0.06430568483051188
16.041,0.17902083689706513
16.042,0.12209996595368286
16.043,0.19137803695650152
16.044,0.15260661535200865
16.045,0.12283745051018344
16.046,0.12453526473066384
16.047,0.09362172265066909
16.048000000000002,0.16843475278479889
16.049,0.06277713891760128
16.05,0.08893514922190417
16.051000000000002,0.1052263535854447
16.052,0.15310769017746464
16.053,0.05544454924833278
16.054000000000002,0.026496608740827633
16.055,0.034491335853172087
16.056,-0.10095557502846648
16.057,-0.07533647573082033
16.058,-0.0520743629279805
16.059,-0.0863896525243521
16.06,-0.14751115266323245
16.061,-0.040371657576167785
16.062,-0.08490935410825345
16.063,-0.10416472475453772
16.064,-0.15762001114816732
16.065,-0.1289937004307738
16.066,-0.11544645684694435
16.067,-0.16066964516522142
16.068,-0.12941704631794737
16.069,-0.1935770657007782
16.07,-0.14890726252830086
16.071,-0.09454399121460638
16.072,-0.0858652038751406
16.073,-0.07485275733624021
16.074,-0.11877530794506558
16.075,-0.1214636535314163
16.076,-0.1337822739845646
16.077,-0.1884854306368564
16.078,-0.15077749021008366
16.079,-0.07621106896399264
16.080000000000002,-0.0565703223933742
16.081,0.036805939268193144
16.082,0.04974420124556293
16.083000000000002,-0.03229755856150496
16.084,0.060930028409564345
16.085,0.013863821518303454
16.086000000000002,0.08902418168654853
16.087,0.11160635191198492
16.088,0.14883226394590165
16.089,0.07631546868311372
16.09,0.16448514995996713
16.091,0.03137772116439608
16.092,0.1993493768422031
16.093,0.14094911492506546
16.094,0.1477112553333834
16.095,0.04968215324743104
16.096,0.13368607596679066
16.097,0.22034709736623653
16.098,0.12858857258480555
16.099,0.18088153763190548
16.1,0.1402209554186322
16.101,0.1830049412850392
16.102,0.1290379673407639
16.103,0.0608211746194014
16.104,0.09670734753419406
16.105,0.1591300599406874
16.106,0.08805200482503876
16.107,0.04058375947660391
16.108,0.14179685247476134
16.109,0.0691813971114854
16.11,0.03412103528769758
16.111,-0.008684692701911224
16.112000000000002,-0.005528306931867365
16.113,-0.020808622131109088
16.114,-0.18416947504068384
16.115000000000002,-0.07032424353534797
16.116,-0.11190561414801357
16.117,-0.1412106721053992
16.118000000000002,-0.1367427805243367
16.119,-0.21375741304885898
16.12,-0.2333112904761381
16.121,-0.08589590271027239
16.122,-0.1282077658130348
16.123,-0.2729734863513186
16.124,-0.18004891069337556
16.125,-0.10402443434921158
16.126,-0.15683529494369472
16.127,-0.07339988838519387
16.128,-0.07411098462605212
16.129,-0.18364102548161415
16.13,-0.11058654260162458
16.131,-0.11201907959971767
16.132,-0.14404112079745252
16.133,-0.13123564871796312
16.134,-0.08196566726372373
16.135,-0.05628618838929917
16.136,0.007673109348224825
16.137,0.06355583039207482
16.138,0.05469704245783287
16.139,0.08379561298833249
16.14,0.049563070571310264
16.141000000000002,0.10878686802952793
16.142,0.0858702694297383
16.143,0.08457527968482036
16.144000000000002,0.21338790355449397
16.145,0.01225387426551347
16.146,0.04357758025721134
16.147000000000002,0.16294725595484222
16.148,0.1351472001270254
16.149,0.07908336132124201
16.15,0.0986563982882132
16.151,0.10353373885037856
16.152,0.19067404288523906
16.153,0.20096886209998854
16.154,0.21468508070614561
16.155,0.04378864995475512
16.156,0.043720233534689054
16.157,0.027591833531854612
16.158,0.14974808266267148
16.159,0.09092837846565766
16.16,0.05787945901861553
16.161,0.04841740606849884
16.162,0.016661424190591384
16.163,-0.054253917278949355
16.164,0.009747243289605547
16.165,-0.042706102037008226
16.166,-0.11043523251454616
16.167,-0.03802261497939727
16.168,-0.10341708057756406
16.169,-0.08500562112960162
16.17,-0.11554612732311566
16.171,-0.07613335683944333
16.172,-0.11943042378347336
16.173000000000002,-0.18255748089681245
16.174,-0.12829520952709947
16.175,-0.13069059979206807
16.176000000000002,-0.1248401014617506
16.177,-0.09852033950417102
16.178,-0.1789482305541629
16.179000000000002,-0.11054580133068934
16.18,-0.22399424451203906
16.181,-0.13566688572951513
16.182,-0.13353063621831446
16.183,-0.03588793450016098
16.184,-0.10309155385491478
16.185,-0.05056188746619174
16.186,-0.15362664002261983
16.187,-0.06680493174530384
16.188,-0.07454267502147668
16.189,0.1089803560743904
16.19,-0.03050890147529582
16.191,0.024074596409130528
16.192,0.04403036640333486
16.193,-0.025008437506813308
16.194,0.044169680594669
16.195,0.10573747635929606
16.196,0.10362792129878694
16.197,-0.003211470971815192
16.198,0.09438008652597553
16.199,0.18299472705686107
16.2,0.1687657258100902
16.201,0.2057328653803389
16.202,0.0990264368915112
16.203,0.2137867695865714
16.204,0.14688648654523528
16.205000000000002,0.22602901812524867
16.206,0.14187676038020605
16.207,0.03267968234111246
16.208000000000002,0.1689989876217342
16.209,0.09410246387503457
16.21,0.08560979685525394
16.211000000000002,0.018474962317902147
16.212,0.15769748741659373
16.213,0.03494041649482698
16.214,0.12332086092061131
16.215,0.005972958023012502
16.216,-0.03625855969514769
16.217,0.05856641343903474
16.218,-0.02850600520654476
16.219,-0.04509732576878359
16.22,-0.12249439644825441
16.221,-0.09697640388651964
16.222,-0.06731448394768899
16.223,-0.16713262012306251
16.224,-0.14113809864855786
16.225,-0.14563689443947436
16.226,-0.13000101438334463
16.227,-0.06621184172485199
16.228,-0.16011864214697127
16.229,-0.18257440162925626
16.23,-0.011616910329193014
16.231,-0.16942711519417622
16.232,-0.15409645270834857
16.233,-0.1572598830867722
16.234,-0.14609083311833368
16.235,-0.11942914109366966
16.236,-0.06664521268390597
16.237000000000002,-0.0803047369502221
16.238,-0.03308794813989934
16.239,-0.019986956047820824
16.240000000000002,-0.04601741956472798
16.241,-0.021114493926177803
16.242,0.03256523447815897
16.243000000000002,-0.061065446815743864
16.244,0.13684086005361254
16.245,0.0035644956419860555
16.246,0.02849923005564751
16.247,0.0016642415961606663
16.248,0.018498420021792618
16.249,0.1405779765436062
16.25,0.21838360681991104
16.251,0.08805830665394114
16.252,0.14372263288365988
16.253,0.145555442280073
16.254,0.19089127610679424
16.255,0.25620182141587877
16.256,0.22369726869817266
16.257,0.13606157821110465
16.258,0.1727383991751845
16.259,0.17399213367836344
16.26,0.13590968834776065
16.261,0.07455720920212139
16.262,0.08007483875122916
16.263,0.1664302721596937
16.264,0.1590986059549563
16.265,0.07233979564195342
16.266000000000002,0.08082129994437774
16.267,0.11175407558348124
16.268,-0.049908930333806945
16.269000000000002,-0.004079239740075496
16.27,0.10182154256125539
16.271,-0.0014225736622305984
16.272000000000002,-0.0899314931970405
16.273,-0.04422068748807477
16.274,-0.014929666081693022
16.275,-0.20832812477247298
16.276,-0.08606419516480389
16.277,-0.12606235423059847
16.278,-0.2006181558585906
16.279,-0.12385990891939119
16.28,-0.14245027545376168
16.281,-0.14262773892494116
16.282,-0.16268105682606038
16.283,-0.1981753534376395
16.284,-0.21966018639251134
16.285,-0.1792406791990244
16.286,-0.09753565443223977
16.287,-0.12270161364850618
16.288,-0.12982095804625807
16.289,-0.16861912711847504
16.29,-0.12399105350511945
16.291,-0.055655124182645614
16.292,-0.05322144783416443
16.293,-0.08719241792890631
16.294,-0.17790764098206654
16.295,-0.06443907230644633
16.296,-0.03777436238558447
16.297,-0.041756998954808874
16.298000000000002,0.00012059692746078585
16.299,0.07849429147808323
16.3,0.05216297773878523
16.301000000000002,0.11912189462911335
16.302,0.008861174767186175
16.303,0.08250119268908138
16.304000000000002,0.012924559234400196
16.305,0.09914816875629268
16.306,0.07713014671666735
16.307,0.20062373282576018
16.308,0.16230906455999597
16.309,0.1958698558175057
16.31,0.12496370898487998
16.311,0.09472859787572141
16.312,0.09041116605358035
16.313,0.15156591760471566
16.314,0.22220205062382198
16.315,0.1439002876678882
16.316,0.09443390274012958
16.317,0.09206885971862785
16.318,0.08688296742343404
16.319,0.1755067908371175
16.32,0.12056515583319474
16.321,0.055787349661319346
16.322,0.031597513097507975
16.323,0.024047125321085612
16.324,0.016643758320613836
16.325,-0.04576094521392024
16.326,-0.08398281069236468
16.327,-0.00626267930298377
16.328,-0.07206475179363268
16.329,-0.04000259437339905
16.330000000000002,-0.018194686221506925
16.331,-0.08614445628459089
16.332,-0.1043689356325824
16.333000000000002,0.029284909328293807
16.334,-0.1270013044312982
16.335,-0.19660833530426547
16.336000000000002,-0.1589101579045389
16.337,-0.06803444314371647
16.338,-0.20908893617332355
16.339,-0.17877545860835176
16.34,-0.08065840728050427
16.341,-0.14251553865662617
16.342,-0.12562695998241125
16.343,-0.0559739385607351
16.344,-0.1335043592092229
16.345,-0.15777274078757692
16.346,-0.13930904007928246
16.347,-0.02534073313321538
16.348,-0.025294250881178582
16.349,-0.056179730492089755
16.35,-0.06250142936976666
16.351,-0.0010451903646706284
16.352,0.08517538382326108
16.353,0.004012966565166851
16.354,0.02848562438952848
16.355,0.017053546438097394
16.356,0.07210673426744921
16.357,0.12002588160817915
16.358,0.22009794503599417
16.359,0.13486506829181097
16.36,0.12921535360549044
16.361,0.18114760157651152
16.362000000000002,0.17700795405812017
16.363,0.11554838003026553
16.364,0.2597765293611253
16.365000000000002,0.14170182242244433
16.366,0.15101757868300655
16.367,0.16112656574460588
16.368000000000002,0.14337413603800456
16.369,0.19313671597485071
16.37,0.07655039692231369
16.371,0.13293649257417917
16.372,0.08842978224040968
16.373,0.1146715015076971
16.374,0.0392227076720552
16.375,0.016205448224579106
16.376,0.05362598218957371
16.377,0.017990398890123164
16.378,-0.057849692027097846
16.379,0.03375912687325881
16.38,-0.013113378988661072
16.381,-0.06897388398462093
16.382,-0.10329378124294963
16.383,-0.07518679865572565
16.384,-0.07258696103149184
16.385,-0.1960717170386101
16.386,-0.10673183662826399
16.387,-0.10030180329379873
16.388,-0.25612988032755646
16.389,-0.13236400663052864
16.39,-0.10914746044521677
16.391000000000002,-0.11455414305136569
16.392,-0.10121618811543415
16.393,-0.15350986919711074
16.394000000000002,-0.1830310001918336
16.395,-0.21312307263438812
16.396,-0.05893057859453482
16.397000000000002,-0.06723303805031078
16.398,-0.03139957557317094
16.399,-0.11228571723824345
16.4,-0.020999080595492083
16.401,-0.1206498250469192
16.402,-0.07269441083874557
16.403,-0.006228833117444933
16.404,0.03749043014937216
16.405,0.10507163875143544
16.406,0.02561054555161113
16.407,0.010293508439821984
16.408,0.022945398103751263
16.409,0.04867745124670484
16.41,0.20723676440483796
16.411,0.1458132136869677
16.412,0.17388676888494106
16.413,0.11496682581168492
16.414,0.13373623855212166
16.415,0.17383667830463928
16.416,0.11672159665615374
16.417,0.12862506440199217
16.418,0.10865957950092826
16.419,0.11726170776362158
16.42,0.13740288522100852
16.421,0.087327486081475
16.422,0.13440336238306444
16.423000000000002,0.12437259330014269
16.424,0.08970585773584713
16.425,0.04446461095138669
16.426000000000002,0.0770770592220175
16.427,0.031590596172148155
16.428,0.04339517993442647
16.429000000000002,0.0796419659890066
16.43,-0.054575451885333845
16.431,0.09997755126019751
16.432,-0.028964325712147042
16.433,-0.021031251162820758
16.434,-0.09496511211818862
16.435,-0.015124482397288176
16.436,-0.09242170846067199
16.437,-0.11855821373059444
16.438,-0.13897179926242142
16.439,-0.13344042025717134
16.44,-0.10725950424590966
16.441,-0.12592685227337794
16.442,-0.1410929955876384
16.443,-0.1772840989118874
16.444,-0.1808298994719203
16.445,-0.16411006296603584
16.446,-0.11480342557093057
16.447,-0.09955642960818761
16.448,-0.08584254279360615
16.449,-0.11706346688261533
16.45,-0.08749816771199706
16.451,-0.10331858308081328
16.452,-0.16892739447645455
16.453,-0.07840286896536747
16.454,-0.071240804378067
16.455000000000002,-0.08857759271340832
16.456,-0.048647621422523254
16.457,0.003096774535852757
16.458000000000002,-0.04365656984945926
16.459,-0.006056239554417541
16.46,0.12294201306538333
16.461000000000002,-0.019159202825067348
16.462,0.06639908168652618
16.463,0.030776992782966348
16.464,0.06381093778939362
16.465,0.10240321807566327
16.466,0.07225591425558395
16.467,0.15799505320023027
16.468,0.20273406561646673
16.469,0.18127237654592926
16.47,0.1925104567741427
16.471,0.07243571850379728
16.472,0.12746187425126485
16.473,0.15925535488758347
16.474,0.17384092369468135
16.475,0.2105523349740147
16.476,0.16724893075855918
16.477,0.14796860464349748
16.478,0.22275365272509093
16.479,0.08256850817493144
16.48,0.048912965082186094
16.481,0.05697906376974023
16.482,-0.013553065719358666
16.483,0.01923242748420787
16.484,-0.0870523662075924
16.485,-0.04372946406889462
16.486,-0.039319149914498974
16.487000000000002,-0.0019002203984855512
16.488,-0.008969536008151417
16.489,-0.12695107658964783
16.490000000000002,0.011877234604046813
16.491,-0.09638713872425247
16.492,-0.10224883381871146
16.493000000000002,-0.2040015192858599
16.494,-0.16128440647505593
16.495,-0.08315590574625559
16.496,-0.13065138325281983
16.497,-0.13532305799775252
16.498,-0.1289880648112468
16.499,-0.21020503492283588
16.5,-0.13867120784689302
16.501,-0.05737679476427433
16.502,-0.06565118300232459
16.503,-0.11678887334980062
16.504,-0.021367971361856877
16.505,-0.15016098019903093
16.506,-0.12224850715307306
16.507,0.03406980148254329
16.508,-0.014851528508478241
16.509,-0.0422367077768046
16.51,-0.014223967509139682
16.511,-0.03530418631644032
16.512,0.035266175823865584
16.513,0.047412719487749326
16.514,0.05411993070510251
16.515,0.009981322827379145
16.516000000000002,0.09510708935816406
16.517,0.06815933617087214
16.518,0.05679162588331976
16.519000000000002,0.1794157696707583
16.52,0.23294835889745602
16.521,0.22825752585518078
16.522000000000002,0.16848631424746088
16.523,0.12567785241855453
16.524,0.1364992778874382
16.525,0.1594263331400279
16.526,0.11534502413690981
16.527,0.19763038863531301
16.528,0.02342240451816857
16.529,0.10221792807594404
16.53,0.1472435757617333
16.531,0.05364416227639106
16.532,0.07128943029479173
16.533,0.09923069813057951
16.534,0.13076057872159197
16.535,-0.02530117026302351
16.536,-0.04499600055613032
16.537,-0.040197802174457696
16.538,-0.08616819080317946
16.539,-0.09887044635181255
16.54,-0.090085615335573
16.541,0.004899252024777236
16.542,-0.08691296860404252
16.543,-0.08328486984033688
16.544,-0.14499581497913022
16.545,-0.07656917386566188
16.546,-0.023984290946972076
16.547,-0.1700527826615635
16.548000000000002,-0.04559678429623186
16.549,-0.1179557803614346
16.55,-0.1377973959063915
16.551000000000002,-0.11918555041396024
16.552,-0.11829739237793857
16.553,-0.04170094194657452
16.554000000000002,-0.10342388787412297
16.555,-0.0954760257100235
16.556,-0.13501645724437794
16.557,-0.061830446458096926
16.558,-0.14004293370053622
16.559,-0.07390040973006658
16.56,0.07875211426440648
16.561,-0.17578706455834336
16.562,-0.02339466626097805
16.563,-0.005468592916272958
16.564,-0.014196004632478715
16.565,0.0032723295739858008
16.566,0.034165692156603755
16.567,0.03267717757872944
16.568,0.0714276652884331
16.569,0.050161440583729885
16.57,0.18884127391317024
16.571,0.08708569592081558
16.572,0.1387523549294067
16.573,0.08588067613125856
16.574,0.17340134944444968
16.575,0.1690788352458705
16.576,0.1572019231623731
16.577,0.08682574399148607
16.578,0.10061995135028325
16.579,0.22069047958646543
16.580000000000002,0.09447042652206089
16.581,0.15912437590232797
16.582,0.07253121710194746
16.583000000000002,0.1612213980374133
16.584,0.06599601149330198
16.585,0.040291528400618046
16.586000000000002,0.039754397549381155
16.587,0.033568374244207756
16.588,0.06654054148672808
16.589,0.034192298204294626
16.59,-0.04003547177335418
16.591,-0.002872049391421874
16.592,-0.07481966775827265
16.593,-0.0013865809834633022
16.594,-0.007669735526887801
16.595,-0.06498044805814965
16.596,-0.06408306601139674
16.597,-0.002865618908210063
16.598,-0.10990539675140028
16.599,-0.159380146691992
16.6,-0.09179883896275517
16.601,-0.18431419675492444
16.602,-0.1433696785322477
16.603,-0.16611687474002002
16.604,-0.1727058404735439
16.605,-0.14966887254976466
16.606,-0.08982874373612929
16.607,-0.07534093188825905
16.608,-0.07831605207217987
16.609,-0.10009497449260388
16.61,-0.12047626527828989
16.611,-0.2146800661522977
16.612000000000002,-0.06627430436324659
16.613,-0.1853304449826112
16.614,-0.15326045284078704
16.615000000000002,-0.050122595916757245
16.616,-0.013184223039361264
16.617,-0.032983620681745346
16.618000000000002,0.0824679643669981
16.619,0.04483203845557783
16.62,0.0249858370880253
16.621,0.1219780119586786
16.622,0.14539204825093105
16.623,0.10630652947831273
16.624,0.054339965232948394
16.625,0.07672480227147968
16.626,0.041595108101279185
16.627,0.11993012713266527
16.628,0.07598176369504858
16.629,0.11668892065108903
16.63,0.1489939724639424
16.631,0.037724174090104576
16.632,0.07278029275841856
16.633,0.10780858761558391
16.634,0.12587375501234613
16.635,0.09738510489179228
16.636,0.10045291697051206
16.637,0.0690006571894459
16.638,0.020737220250832647
16.639,0.0540865314782636
16.64,0.0566734223595697
16.641000000000002,0.03739751792103376
16.642,0.04336850691536498
16.643,0.04307064861775846
16.644000000000002,0.04026097475409868
16.645,-0.0415325638146978
16.646,-0.1045319505471625
16.647000000000002,0.022312183935419387
16.648,-0.03694540772883145
16.649,-0.11811956816886768
16.65,-0.06969361374080096
16.651,-0.042213747682125505
16.652,-0.0198660488224984
16.653,-0.10303540821931825
16.654,-0.07022630919545961
16.655,-0.1896320237095247
16.656,-0.1351060909577398
16.657,-0.15238098366340805
16.658,-0.11895041712536833
16.659,-0.05409153367985675
16.66,-0.11887331423841724
16.661,-0.17315915361010636
16.662,-0.18261463431059377
16.663,-0.028677964964028607
16.664,-0.07527527524236005
16.665,-0.06717110485017869
16.666,-0.09414182418219191
16.667,-0.049886605108546075
16.668,-0.09808546741012775
16.669,-0.014169520258539871
16.67,-0.07660904385767506
16.671,-0.019926332821434377
16.672,-0.018182571820244346
16.673000000000002,-0.13318147505127198
16.674,0.027657416181768365
16.675,0.014734703873496291
16.676000000000002,0.06301179326283343
16.677,0.08645113493640799
16.678,0.18639924105939487
16.679000000000002,0.12351974431196677
16.68,0.13377439980436423
16.681,0.1490162784699222
16.682,0.17327704978628367
16.683,0.15606142309163137
16.684,0.14925399842083992
16.685,0.17068732935205297
16.686,0.011887018689078266
16.687,0.23392925792307784
16.688,0.2034376534819753
16.689,0.1275759011262509
16.69,0.03723063418610756
16.691,0.15807673390329552
16.692,0.051202978814112586
16.693,0.09974712854490951
16.694,-0.004933708532055617
16.695,0.1558779041442308
16.696,-0.04281542985813243
16.697,0.017085088959389934
16.698,-0.10831461193326884
16.699,-0.020070355974660652
16.7,-0.0548225555318046
16.701,0.008220992572529277
16.702,-0.08431014898536207
16.703,-0.019637834510685154
16.704,-0.1402415804672749
16.705000000000002,-0.11436744880857977
16.706,-0.12321171108117135
16.707,-0.09366118247565675
16.708000000000002,-0.10670998834534942
16.709,-0.09397767322956366
16.71,-0.11991207058476522
16.711000000000002,-0.10151410196661985
16.712,-0.1789433428129991
16.713,-0.11223265863623505
16.714,-0.047070437778515425
16.715,-0.2055327640783859
16.716,-0.08946210276249686
16.717,-0.07088563378996987
16.718,-0.02103749998154951
16.719,-0.04587386701739554
16.72,-0.06411189612833351
16.721,-0.03362796455732967
16.722,-0.07713325313594767
16.723,-0.04447897900587094
16.724,-0.07622558343743369
16.725,0.0806747511979022
16.726,0.044501063267836816
16.727,-0.008452292656392628
16.728,0.0657598906215085
16.729,0.12427236452154619
16.73,0.12913749325185825
16.731,0.04520730838927338
16.732,-0.054279110362126945
16.733,0.13158926848288366
16.734,0.07533806238243679
16.735,0.15700621041006957
16.736,0.17787346080755378
16.737000000000002,0.18871262121702406
16.738,0.22110386364259388
16.739,0.19467465519311078
16.740000000000002,0.2174930168125377
16.741,0.19433609432158008
16.742,0.19233481137513955
16.743000000000002,0.10898313022010654
16.744,0.03703551299952616
16.745,0.21469529100031265
16.746,0.0815651501739194
16.747,0.1266126381867444
16.748,0.023530219992071288
16.749,0.0844090283068471
16.75,-0.10135933627334874
16.751,-0.015238964486274889
16.752,-0.015309257844974581
16.753,-0.002780369505379108
16.754,0.01253205846122795
16.755,-0.11036212428165038
16.756,-0.03646896048978673
16.757,-0.020982902220942345
16.758,0.023270693863001735
16.759,-0.06910093134014218
16.76,-0.1363709502286102
16.761,-0.18438011374589852
16.762,-0.03505959489987577
16.763,-0.09363377505505374
16.764,-0.13377999582213315
16.765,-0.21402234866399023
16.766000000000002,-0.17810666870140412
16.767,-0.09668454023625395
16.768,-0.10549524746169564
16.769000000000002,-0.21374363296021698
16.77,-0.07643430259243487
16.771,-0.17663830439118516
16.772000000000002,-0.019317655849987292
16.773,-0.0641969695827541
16.774,-0.08437888495485416
16.775,0.0025550637058570635
16.776,-0.014381203569301431
16.777,0.049522384258641944
16.778,0.0028560832367582317
16.779,0.02133913578730915
16.78,0.015496474372402761
16.781,0.057851459625387486
16.782,0.1439221792449819
16.783,0.04738820367971862
16.784,0.11742039295832452
16.785,0.052319269320769274
16.786,0.002990693036156067
16.787,0.12521601383807301
16.788,0.140292268026895
16.789,0.12151663645979076
16.79,0.0557138032194365
16.791,0.14742117439217653
16.792,0.14539150305139986
16.793,0.0856856842794251
16.794,0.05870588901397916
16.795,0.10827605319202994
16.796,0.14639247421288293
16.797,0.12586415556956226
16.798000000000002,0.0508306218071373
16.799,0.09025608692515495
16.8,0.11515839907934655
16.801000000000002,-0.0014097779533017232
16.802,0.04601949557365673
16.803,0.09489711410052128
16.804000000000002,-0.05115677900951008
16.805,0.05487377277355656
16.806,0.06261098157184293
16.807,-0.04464507091409778
16.808,-0.06540292543081114
16.809,-0.01064406107989059
16.81,-0.08478680910562136
16.811,-0.20527199099097732
16.812,-0.10347774386199574
16.813,-0.08457709492215215
16.814,-0.07915808443433889
16.815,-0.16665386342985802
16.816,-0.14087934500151647
16.817,-0.08155255786869137
16.818,-0.13460749226785498
16.819,-0.2074391878250137
16.82,-0.06670930807428666
16.821,-0.1351138721852081
16.822,-0.06395109810640005
16.823,-0.18075719953497882
16.824,-0.10797910692969094
16.825,-0.06598692239236448
16.826,-0.08411821046796959
16.827,-0.12610381652394598
16.828,-0.1725685354708555
16.829,0.03738809123566231
16.830000000000002,-0.01139154621637222
16.831,0.04985004231228972
16.832,0.05335751190024775
16.833000000000002,0.05207853456377845
16.834,0.021168473205132075
16.835,0.07620319227887193
16.836000000000002,0.1371021524508701
16.837,0.08247785839865891
16.838,0.18517911628594327
16.839,0.025642700649716604
16.84,0.02939656770320684
16.841,0.16675717318193342
16.842,0.08240659301027212
16.843,0.22979792160286366
16.844,0.19702409608295057
16.845,0.21026608662924018
16.846,0.1740350253061769
16.847,0.0808705112349816
16.848,0.03937010760078942
16.849,0.19080475368925895
16.85,0.033167303177907545
16.851,0.1780080571142459
16.852,0.12150490461986614
16.853,0.07226289391333887
16.854,0.08518547432822315
16.855,0.07249096219396055
16.856,0.024576380802668253
16.857,0.09097949971956532
16.858,0.07399819150082117
16.859,-0.0031105137399920603
16.86,-0.056058208987833424
16.861,0.024439824606445157
16.862000000000002,-0.1562157837571916
16.863,-0.04635757977158242
16.864,-0.04408715240586264
16.865000000000002,-0.1338743289361295
16.866,-0.053878855936516715
16.867,-0.11258051692892118
16.868000000000002,-0.14570177234327253
16.869,-0.0757755863543258
16.87,-0.18202999216045704
16.871,-0.08633235708920153
16.872,-0.22916535317706896
16.873,-0.11422582624044951
16.874,-0.12301078702514619
16.875,-0.14715498985953876
16.876,-0.09400156382970616
16.877,-0.1092121988584331
16.878,-0.04280245770508957
16.879,-0.056520185556892075
16.88,-0.04972280221962509
16.881,-0.04460178742227383
16.882,-0.06882994263374474
16.883,-0.04572098999569614
16.884,-0.003213048889285334
16.885,-0.009075747465320798
16.886,0.07038016855198409
16.887,0.034484803861489714
16.888,0.0631980847961606
16.889,-0.0117652241227435
16.89,0.11868913572370002
16.891000000000002,0.05463595225174222
16.892,0.042569999043151334
16.893,0.18670978567747604
16.894000000000002,0.14753598079277336
16.895,0.16820752914235457
16.896,0.14712712394482047
16.897000000000002,0.12307715598067641
16.898,0.1153244649830864
16.899,0.16804682860228184
16.9,0.18372429984526992
16.901,0.1199447865537533
16.902,0.22153769839011028
16.903,0.10097792290618712
16.904,0.032551544049144066
16.905,0.00617785810580701
16.906,-0.003400404136803717
16.907,0.04792032969074665
16.908,0.043691867569891095
16.909,0.07534789951544715
16.91,0.025150324999043693
16.911,0.053751779246954505
16.912,-0.0013230244284012337
16.913,-0.017986940725620338
16.914,-0.06237046571479121
16.915,0.023270993409309458
16.916,-0.13813052117585056
16.917,-0.05933427174941119
16.918,-0.09529468488121196
16.919,-0.05774328487058011
16.92,-0.10715191975009224
16.921,-0.11349091302876274
16.922,-0.1334938486959253
16.923000000000002,-0.055078587509768295
16.924,-0.12747898544744093
16.925,-0.03021424590069946
16.926000000000002,-0.11440724213447728
16.927,-0.12448973844409732
16.928,-0.12867196301559242
16.929000000000002,-0.08734915019453265
16.93,-0.13754631154347674
16.931,-0.0919171066519183
16.932,-0.08851102896638023
16.933,-0.061147602404010286
16.934,-0.04733819966656762
16.935,-0.0312810674232333
16.936,-0.03247396050712561
16.937,0.055896765583297106
16.938,0.01355155176283342
16.939,0.13779411644476533
16.94,0.0249494077952032
16.941,0.08504865381440538
16.942,0.014929010819869817
16.943,0.13468718158809995
16.944,0.04195287132706701
16.945,0.11141119900235547
16.946,0.08561963910964275
16.947,0.13029812743641964
16.948,0.10332617218019464
16.949,0.08138213666111832
16.95,0.11137551323502688
16.951,0.20442006272090213
16.952,0.15133421168859246
16.953,0.062392712682573945
16.954,0.17872103045541243
16.955000000000002,0.07478521778197236
16.956,0.15029428316163204
16.957,0.13299297214826605
16.958000000000002,0.12690971074789303
16.959,0.17819219784977677
16.96,0.03236448472085014
16.961000000000002,0.09158759482546806
16.962,0.11044232988023532
16.963,0.001062215491222901
16.964,-0.018744115431163666
16.965,-0.01075103410982049
16.966,0.0048662989769828625
16.967,-0.09670981526154551
16.968,-0.013064316669754428
16.969,-0.12493589524904049
16.97,-0.0029747380074388874
16.971,-0.05413961253708613
16.972,0.004748028985246594
16.973,-0.06729281943630017
16.974,-0.12440020806739108
16.975,-0.15601771790022667
16.976,-0.10945768932965476
16.977,-0.12655720969598683
16.978,-0.0676547108536052
16.979,-0.173558426124684
16.98,-0.024495497598303384
16.981,-0.05848476603696913
16.982,-0.127399169358473
16.983,-0.02071732491819761
16.984,-0.14162803378502717
16.985,-0.08264609223204468
16.986,-0.14592597865746365
16.987000000000002,0.022176551217971296
16.988,-0.13960860787808954
16.989,-0.11556500171937953
16.990000000000002,-0.06098766956882372
16.991,0.051552353651661276
16.992,0.04806121459198126
16.993000000000002,0.021293655127953507
16.994,0.08079391055949947
16.995,0.03831574222816732
16.996,0.07883292009319791
16.997,0.15312147797313497
16.998,0.07005010687430901
16.999,0.05476757676170792
17.0,0.1260221242495692
17.001,0.14751746702254157
17.002,0.12249953427355623
17.003,0.17200418729918993
17.004,0.11494842139070474
17.005,0.1328401344303494
17.006,0.1448989467844243
17.007,0.13850630293822863
17.008,0.20105930438116798
17.009,0.13347274538448817
17.01,0.09281592841085445
17.011,0.12594006295327312
17.012,0.14014469940991997
17.013,0.11734256326543094
17.014,0.10242041056549683
17.015,-0.02148465785542275
17.016000000000002,-0.08500092345218443
17.017,0.08905429898593958
17.018,0.03255765298810569
17.019000000000002,-0.005280559262757662
17.02,0.015761641958854666
17.021,0.0629266701350421
17.022000000000002,0.02322000054728647
17.023,-0.01270311502052588
17.024,-0.11766398912424694
17.025,-0.1226646257541533
17.026,-0.2144684304122614
17.027,-0.07247953971322918
17.028,-0.05629115448973467
17.029,-0.05823747499712708
17.03,-0.0883728789062409
17.031,-0.1325599821788594
17.032,-0.15406027647362946
17.033,-0.16636901252821396
17.034,-0.13080199809863824
17.035,-0.1673624417588705
17.036,-0.02488224584738788
17.037,-0.1704563185008038
17.038,-0.10639904267320999
17.039,-0.18323859418239874
17.04,-0.060293940542992995
17.041,-0.06290396298662307
17.042,-0.06742698829105577
17.043,-0.0823512319643109
17.044,-0.021227057597121676
17.045,-0.033922961884403274
17.046,0.0011931366244223628
17.047,0.12052749616664861
17.048000000000002,0.04556583647951753
17.049,0.0773858038742847
17.05,0.04059932402738015
17.051000000000002,0.036795525565399084
17.052,0.0860110217613769
17.053,0.22229052087678802
17.054000000000002,0.09131538942753055
17.055,0.13089056097375532
17.056,0.07697227436339356
17.057,-0.015432424794316058
17.058,0.08509041696543833
17.059,0.24414977397511425
17.06,0.1536910168755773
17.061,0.20306697605731763
17.062,0.09906668558716235
17.063,-0.007560282753460754
17.064,0.04715649810128874
17.065,0.11334270897561337
17.066,0.09498658955363953
17.067,0.07105775535586815
17.068,0.03255756171796739
17.069,0.0927377488328335
17.07,0.006741416724644025
17.071,0.03282370402593175
17.072,0.012589077654063571
17.073,-0.030245423569620136
17.074,-0.07035896563072327
17.075,-0.06176594734553402
17.076,0.039739255354805984
17.077,-0.011112476667234153
17.078,-0.02758305830070301
17.079,-0.12870467001596045
17.080000000000002,-0.1708081556999092
17.081,-0.05227337207097065
17.082,-0.06855417234895034
17.083000000000002,-0.11205292925080645
17.084,-0.14092363933812158
17.085,-0.19738626359992317
17.086000000000002,-0.08089851213869709
17.087,-0.0633280228054622
17.088,-0.15326562806360067
17.089,-0.1524737314292729
17.09,-0.04574908765519829
17.091,-0.13187037359728693
17.092,-0.0014269005430569554
17.093,-0.08519318432584647
17.094,-0.08733449256393884
17.095,-0.05308417617633521
17.096,-0.061246712862192354
17.097,0.028392168305521704
17.098,0.03074775094691508
17.099,0.05541892402132441
17.1,0.02477587533700494
17.101,0.007047960097872268
17.102,0.04331052725750268
17.103,0.03576774687870163
17.104,0.14287913635023122
17.105,0.13119563328584405
17.106,0.08691575267862969
17.107,0.05431239434530622
17.108,0.1854311046397401
17.109,0.12147874485056771
17.11,0.1128084113443255
17.111,0.19982474601202904
17.112000000000002,0.09818205738423591
17.113,0.10736487427811299
17.114,0.10970511997897062
17.115000000000002,0.05167580996660785
17.116,0.12793383747542675
17.117,0.06712876864692277
17.118000000000002,0.06836078163402026
17.119,0.051993595637876235
17.12,0.04698203306983373
17.121,0.022462163650432708
17.122,0.0639579897514982
17.123,0.030301054615931116
17.124,0.026445221283082
17.125,0.1273727237702247
17.126,-0.012583701886636338
17.127,0.01102511249555901
17.128,0.0025696467340490803
17.129,-0.05019026415179485
17.13,-0.04638271325308379
17.131,-0.0712293369931234
17.132,-0.07332651428929232
17.133,-0.1228152191813087
17.134,-0.1269417874066189
17.135,-0.10871387179252408
17.136,-0.21397040501114184
17.137,-0.044793761393886425
17.138,-0.01412607771114184
17.139,-0.1145376831061799
17.14,-0.08897108437490284
17.141000000000002,-0.0656960251005689
17.142,-0.18183689274350823
17.143,-0.06345198215635647
17.144000000000002,-0.1239380881048148
17.145,0.020581564850573483
17.146,-0.0934145064160616
17.147000000000002,-0.02748539192860168
17.148,-0.0697078300061475
17.149,0.061987731320617724
17.150000000000002,-0.05986993362457663
17.151,0.03806301223627232
17.152,0.02547592699986459
17.153,0.028765732935787734
17.154,0.034284879048715786
17.155,0.003447351577065702
17.156,-0.07905454766680661
17.157,0.11671976890429976
17.158,0.050436198310633104
17.159,0.1441988573441474
17.16,0.11295812138282281
17.161,0.16372153953360385
17.162,0.15070551570927737
17.163,-0.007249513428968166
17.164,0.1505030970640583
17.165,0.10469498242167356
17.166,0.18056858685586138
17.167,0.1506311533228942
17.168,0.14830336518569323
17.169,0.09999919206644321
17.17,0.06187304815405777
17.171,0.07827150744241348
17.172,0.0009594379045092527
17.173000000000002,0.05122488664169844
17.174,-0.0037867202159595353
17.175,-0.014738964871591265
17.176000000000002,0.04991614097653578
17.177,0.057136374911909205
17.178,0.01477214172459966
17.179000000000002,-0.02286948416581101
17.18,-0.05961467973638403
17.181,-0.042243417391350055
17.182,-0.08126473930713028
17.183,-0.05650558501431399
17.184,-0.14190984757025266
17.185,-0.04232374591902023
17.186,-0.11622576358629562
17.187,-0.0783300663581847
17.188,-0.06070736446135112
17.189,-0.09514862051228709
17.19,-0.07651903308782548
17.191,-0.2231326865514152
17.192,-0.1461158805863189
17.193,-0.0663161498666892
17.194,-0.09433079966772524
17.195,-0.024040597129688313
17.196,-0.026311992401144596
17.197,-0.09008311665749832
17.198,-0.10974763209228316
17.199,-0.13582059895928028
17.2,-0.101231124617682
17.201,-0.0863318314725109
17.202,-0.08315677547100664
17.203,-0.08625375210600929
17.204,-0.006550005727166221
17.205000000000002,0.07227254020683099
17.206,0.04834002875270802
17.207,-0.0002362792157561376
17.208000000000002,0.08056873906893897
17.209,0.06076477663173421
17.21,0.054357478572417586
17.211000000000002,0.06341412353549875
17.212,0.06980036047424856
17.213,0.12247294171725961
17.214,0.10578148202032929
17.215,0.06988937570739823
17.216,0.07351164521798192
17.217,0.13214167715451045
17.218,0.14115847810755205
17.219,0.10529691604820438
17.22,0.06391285867726973
17.221,0.1809597199417733
17.222,0.1666084238591511
17.223,0.009996656446433216
17.224,0.169526381421937
17.225,0.08386929661903919
17.226,0.0942914326492762
17.227,0.13101223944579188
17.228,0.14501992956317744
17.229,0.09997289481538672
17.23,0.04863609604960909
17.231,-0.045941333441345794
17.232,-0.09252388224737096
17.233,0.038527413408761015
17.234,0.04763286929061473
17.235,-0.07401468556536983
17.236,-0.06012058692329657
17.237000000000002,-0.08719553825499374
17.238,-0.1004045866037865
17.239,-0.02835214577345299
17.240000000000002,-0.08093572428556911
17.241,-0.11179702780245174
17.242,0.025441029461875417
17.243000000000002,-0.1847687455083648
17.244,-0.08970398855855971
17.245,-0.17198420683612806
17.246,-0.12819389218406657
17.247,-0.11201773726537974
17.248,-0.07470105422188761
17.249,-0.12586011145566883
17.25,-0.12546520307788558
17.251,-0.11391444344313566
17.252,-0.14542511947526157
17.253,-0.05002241128490032
17.254,-0.05666021039873537
17.255,-0.03708702904720128
17.256,-0.049634863682639516
17.257,-0.042482837750716484
17.258,0.03970699169029575
17.259,0.046039382266863896
17.26,0.07977690451293341
17.261,0.04162290728688696
17.262,0.10425985334021115
17.263,0.02894529804139994
17.264,0.052138242117090235
17.265,0.13350479551116423
17.266000000000002,0.12646815351912122
17.267,0.07915528598210764
17.268,0.049450197796168036
17.269000000000002,0.09824385214276224
17.27,0.07937975423020208
17.271,0.20346082475574034
17.272000000000002,0.15723237305861182
17.273,0.08128429774443718
17.274,0.06603222392981686
17.275000000000002,0.07643730944554641
17.276,0.08289383055418734
17.277,0.09645606325509196
17.278,0.15303223554827222
17.279,0.04015454564195639
17.28,0.19291660388735954
17.281,0.02015688935439955
17.282,-0.015171789462098892
17.283,0.1268974655950124
17.284,0.09516632533175404
17.285,0.0062118088298934605
17.286,0.020416015432963026
17.287,0.00768527342053835
17.288,-0.01961996265208064
17.289,-0.10472143314800364
17.29,-0.17688199753746695
17.291,-0.10717301796901635
17.292,0.014618293240459546
17.293,0.006383638636649605
17.294,-0.10848123849176368
17.295,-0.15097109087203076
17.296,-0.09542606946799333
17.297,-0.09213238762833147
17.298000000000002,-0.08722001229008718
17.299,-0.24516408267299591
17.3,0.0391571624620031
17.301000000000002,-0.06038806805692946
17.302,-0.12357368206664886
17.303,-0.14470721855963417
17.304000000000002,-0.05302320939695902
17.305,-0.06981502855686221
17.306,-0.0808729359309024
17.307,-0.05228447999654736
17.308,-0.06952564941352316
17.309,-0.03160894952794332
17.31,-0.0024886420488721417
17.311,-0.008216068524736976
17.312,0.0029333450638081883
17.313,0.0719537363155071
17.314,-0.06365885027458945
17.315,-0.010040955822806698
17.316,0.04442054020197494
17.317,0.01923882114685129
17.318,0.04779660924879353
17.319,0.1429144366310391
17.32,0.08092070500333216
17.321,0.005528174688540069
17.322,0.08310035925412468
17.323,0.11301128640967144
17.324,0.11640786555248168
17.325,0.14496371317423634
17.326,0.1420033225219114
17.327,0.11083345162142959
17.328,0.05599014565259021
17.329,0.08985914534246012
17.330000000000002,0.07550988966839711
17.331,0.08565803817558548
17.332,0.12636154228966864
17.333000000000002,0.10263590377138676
17.334,0.1131262080465299
17.335,0.04122972393307896
17.336000000000002,0.1235315392795813
17.337,0.06877690081718814
17.338,0.027289245741218562
17.339,0.0380941716576116
17.34,-0.03971535670396096
17.341,-0.12513169053882967
17.342,-0.06351815049275686
17.343,-0.008836690733638741
17.344,-0.05458240634634998
17.345,-0.0770056074494415
17.346,-0.1231543910677679
17.347,-0.18803430291425752
17.348,-0.027233240002718345
17.349,-0.11574167965124421
17.35,-0.13224001407395938
17.351,-0.14823229276711042
17.352,-0.05422846796826414
17.353,-0.07357830358021104
17.354,-0.16507685720283424
17.355,-0.05594807882890991
17.356,-0.11731608285621083
17.357,-0.13496135758717506
17.358,-0.1120491363374433
17.359,-0.12812824602826614
17.36,-0.14537914249110814
17.361,-0.029810931384405673
17.362000000000002,-0.06799342181620434
17.363,-0.013658044368329618
17.364,-0.017109666458447092
17.365000000000002,0.009433296673862463
17.366,-0.10657411338600462
17.367,-0.03384062648763959
17.368000000000002,0.05160106421476321
17.369,-0.027297913771279186
17.37,0.06789965093993089
17.371,-0.008170367027801675
17.372,0.07345443213147948
17.373,0.1633930493762596
17.374,0.1307377131896689
17.375,0.007312548058740237
17.376,0.1487301861214045
17.377,0.20241717107893734
17.378,0.2546130992582284
17.379,0.14038950463518002
17.38,0.048679357706614565
17.381,0.1372871332143863
17.382,0.1924152877506219
17.383,0.09876826129400418
17.384,0.15429843344389543
17.385,0.05277747287687604
17.386,0.1046866479562441
17.387,-0.04828156801850758
17.388,0.01776271210427869
17.389,0.05316013247421923
17.39,0.02275286219353352
17.391000000000002,-0.03721452658667236
17.392,-0.010648799278303872
17.393,0.017142471364116417
17.394000000000002,-0.017329305306595634
17.395,-0.02346347754529087
17.396,-0.0030331958001603987
17.397000000000002,-0.06935916029797823
17.398,0.003913426104874745
17.399,-0.12446552883732358
17.400000000000002,0.01148025877471999
17.401,-0.038010919831052085
17.402,-0.11891077038051222
17.403,-0.12162775572288573
17.404,-0.10139605473680824
17.405,-0.08482797951891416
17.406,-0.0614793744712987
17.407,-0.18307892319896618
17.408,-0.09241995596394237
17.409,-0.21678557807920212
17.41,-0.114964321208988
17.411,-0.027082408171794192
17.412,-0.16296428774701946
17.413,-0.16308524696467752
17.414,-0.06198090816478929
17.415,0.007455945390960367
17.416,-0.033691656031245874
17.417,-0.13255446653204916
17.418,-0.10833288148588355
17.419,-0.005814240622227683
17.42,-0.056046906044102764
17.421,0.023320398402252945
17.422,0.03962372449532317
17.423000000000002,0.018257210084704982
17.424,0.1458091870255345
17.425,0.096156801438298
17.426000000000002,0.13785145826236053
17.427,0.13286970030522852
17.428,0.08770438783046813
17.429000000000002,0.09253705903532244
17.43,0.09301701683146785
17.431,0.14610182658292648
17.432,0.08213067830395576
17.433,0.20192110929741658
17.434,0.07780141856778716
17.435,0.12365754667262358
17.436,0.09776260954524782
17.437,0.08145568902924058
17.438,0.205959864389532
17.439,0.06739775441063
17.44,0.06489388945276799
17.441,0.03660190732960159
17.442,0.06058117602971501
17.443,0.041382210245471146
17.444,-0.022232019350125642
17.445,-0.0006644343030817665
17.446,0.03758397262416153
17.447,0.04490234506054385
17.448,-0.018699039849877443
17.449,-0.030121417195226752
17.45,-0.06383153053046414
17.451,-0.08297797527964845
17.452,-0.11510595567491613
17.453,-0.15727343556998702
17.454,-0.12377741302383342
17.455000000000002,-0.051440441656963556
17.456,-0.1245162154722914
17.457,-0.1258217127462654
17.458000000000002,-0.13052213481996908
17.459,-0.052190519478534717
17.46,-0.16144461402551702
17.461000000000002,-0.10018635277246818
17.462,-0.11490407792116282
17.463,-0.10399032815207056
17.464,-0.08959628201214447
17.465,-0.09198137429369449
17.466,-0.04690976974036235
17.467,-0.07855507980661298
17.468,0.020654111327169947
17.469,-0.05289993381415901
17.47,-0.12810133635971274
17.471,0.0017701689758842162
17.472,0.002652365351966255
17.473,-0.0019041741592880873
17.474,-0.0030458920850399748
17.475,-0.08247677054318475
17.476,-0.06109269847674062
17.477,0.1311155774925943
17.478,0.031277405562463015
17.479,0.11980670952796604
17.48,0.0013564815660702112
17.481,0.038019785223993054
17.482,0.13189980024859463
17.483,0.09909392993643192
17.484,0.13591413107679112
17.485,0.11165576364715604
17.486,0.10371028731009965
17.487000000000002,0.08027449681847743
17.488,0.05318380790257831
17.489,0.18007057009323565
17.490000000000002,0.18383814005470023
17.491,0.047622492893718504
17.492,0.0370685756082448
17.493000000000002,0.06632970920241786
17.494,0.09103536294153182
17.495,0.05420163549774139
17.496,0.07667940322468325
17.497,0.036943865084463644
17.498,0.0208395571774283
17.499,0.13402892034127242
17.5,-0.02626016257973209
17.501,0.06862797745202569
17.502,0.045794349498472484
17.503,-0.01415201644962821
17.504,-0.14792320299581918
17.505,-0.06160689649345684
17.506,-0.09956207057610006
17.507,-0.08246806121421602
17.508,-0.14511135490190472
17.509,-0.06136912566118821
17.51,-0.05578137708477387
17.511,-0.05092755991633431
17.512,-0.1314253727679217
17.513,-0.16662569290136425
17.514,-0.09584091114375129
17.515,-0.023828174928269857
17.516000000000002,-0.10483106027797828
17.517,-0.08086265409604539
17.518,-0.1089760815498489
17.519000000000002,-0.11481798546968555
17.52,-0.04791254745054215
17.521,-0.07620094386399141
17.522000000000002,-0.039819461682810794
17.523,-0.022895715687229506
17.524,-0.018510103091525672
17.525000000000002,0.004881474696832186
17.526,-0.05247508560531694
17.527,-0.042209862230910764
17.528,0.014623201137273561
17.529,0.028852339584767194
17.53,0.01627435154853408
17.531,0.06646088410807491
17.532,0.11108693527400082
17.533,0.1354066796384631
17.534,0.15594665238207692
17.535,0.0277155926418413
17.536,0.04213602860665606
17.537,0.09124851047516457
17.538,0.11372998822977111
17.539,0.10026537575260243
17.54,0.08547723270903934
17.541,0.09725144501669866
17.542,0.1344508752695184
17.543,0.04009736266382663
17.544,0.21857185862987483
17.545,0.09588336059239964
17.546,0.13950107265909223
17.547,0.04888792994447451
17.548000000000002,0.09646513098206949
17.549,0.06168193802270213
17.55,0.08767080390791929
17.551000000000002,0.022437959573217398
17.552,0.09704736457656422
17.553,-0.06829771964410279
17.554000000000002,0.040528253744546924
17.555,-0.014148714318909055
17.556,-0.08386288453239532
17.557,0.05225451421917921
17.558,0.035314285339305536
17.559,-0.1717935246824152
17.56,-0.06929668491372007
17.561,-0.05180725996092024
17.562,-0.07275520055852105
17.563,-0.025503243483879737
17.564,-0.040938376442953076
17.565,-0.09663303653793351
17.566,0.001906913455534745
17.567,-0.06561756781055439
17.568,-0.12899160436497664
17.569,-0.1364635793717556
17.57,-0.0426049194927867
17.571,-0.13890277458725228
17.572,-0.11285898435310912
17.573,-0.09619707645399726
17.574,-0.057124570937841804
17.575,-0.07424012006016913
17.576,-0.11918989539595132
17.577,0.016719163359714448
17.578,-0.049082698516865586
17.579,0.08504871266434254
17.580000000000002,0.012380609359854237
17.581,0.07370399248968754
17.582,0.05490107405305669
17.583000000000002,0.10179770248004835
17.584,0.0767464697030018
17.585,0.07150256070263597
17.586000000000002,0.12509192638291428
17.587,0.2044394581140952
17.588,0.07525269803626904
17.589,0.13586352750022607
17.59,0.10190135071237807
17.591,0.132101951054017
17.592,0.11206800216751561
17.593,0.0037167143257324647
17.594,0.10169899223541651
17.595,0.16025044257180854
17.596,0.06905704899840422
17.597,0.1489311054050713
17.598,0.10621410087375792
17.599,0.08027367950764772
17.6,0.1267178653016809
17.601,0.10593850614785615
17.602,0.08238705365167336
17.603,0.10078596747125493
17.604,0.04809270499746013
17.605,-0.05686664831620139
17.606,-0.0064549641446693725
17.607,-0.09085084862753567
17.608,0.019169895539736574
17.609,0.018238367153865575
17.61,0.00801194311996501
17.611,-0.026576047121410665
17.612000000000002,-0.013883582617606749
17.613,-0.15149571952375485
17.614,-0.08742344882014452
17.615000000000002,-0.16103540039030706
17.616,-0.11520234190605247
17.617,-0.022125367215631964
17.618000000000002,-0.05250666202963712
17.619,-0.07680556462589593
17.62,-0.12023559706729012
17.621,-0.16053612638743528
17.622,-0.09967861015535816
17.623,-0.05016743682267236
17.624,-0.0804230377450212
17.625,-0.17402725953941503
17.626,-0.0820347067994836
17.627,-0.1742542519061574
17.628,-0.028621435183146388
17.629,-0.0927789637622772
17.63,-0.10778570122873632
17.631,0.006403877043477495
17.632,0.00608364682576077
17.633,0.002638540678721636
17.634,0.11362623104353982
17.635,0.04875188955381622
17.636,-0.002524723558262571
17.637,0.06798942242294186
17.638,0.03944686530819132
17.639,0.12806422150868044
17.64,0.08885373224122022
17.641000000000002,0.10284409959994945
17.642,0.01961281278673184
17.643,0.10141415103872796
17.644000000000002,0.10078998305975131
17.645,0.056218776691868436
17.646,0.09869786800574187
17.647000000000002,0.13238969064387887
17.648,0.10968855307171672
17.649,0.03709008778179351
17.650000000000002,0.09033946227524545
17.651,0.07547204923536939
17.652,0.10206098768911476
17.653,0.08890301844341747
17.654,0.05512337392544524
17.655,0.04320854595607397
17.656,0.05823837491256537
17.657,0.09140960862192557
17.658,0.04498478643127576
17.659,0.08957523395649569
17.66,0.062201656567842094
17.661,0.06742557452545393
17.662,0.04817975037239851
17.663,0.04533735340755123
17.664,-0.10256814355018037
17.665,-0.02401632369908823
17.666,-0.006166038204841975
17.667,-0.006895811611033351
17.668,-0.12408467750676352
17.669,-0.06019819976944148
17.67,-0.09553933520712597
17.671,-0.011807131650645938
17.672,-0.17694733639947516
17.673000000000002,-0.14798522123675584
17.674,-0.2004797008959205
17.675,-0.10162848712826934
17.676000000000002,0.006921749770079408
17.677,-0.10443430094343091
17.678,-0.0917049962900407
17.679000000000002,-0.062452525270502365
17.68,-0.08774934811788909
17.681,-0.054477661757657544
17.682,-0.04301299690424061
17.683,-0.09388693614418248
17.684,-0.04459007942749143
17.685,0.009475251881769016
17.686,0.03144941185985481
17.687,0.0627888939329944
17.688,0.027502877069573037
17.689,0.04123427503147489
17.69,0.07333958582442598
17.691,0.017978009857392292
17.692,0.02715091181971297
17.693,0.06310602923606265
17.694,0.015040688920031964
17.695,0.10749203932038673
17.696,0.146751570298311
17.697,0.06464272110219745
17.698,0.12636669639703196
17.699,0.07617294994586436
17.7,0.05833589255951673
17.701,0.21197224367423761
17.702,0.05760664237993769
17.703,0.04079200434297971
17.704,0.1110904103921677
17.705000000000002,0.10799569633795275
17.706,0.12084485816788595
17.707,0.17925517187801304
17.708000000000002,0.03095947392941928
17.709,0.030557739600555404
17.71,0.12876779937549604
17.711000000000002,0.08347007213902471
17.712,0.06420587279688711
17.713,-0.01793219459154052
17.714,0.05506100457479348
17.715,0.026153464892327068
17.716,-0.01710263015564261
17.717,-0.06802798391910952
17.718,-0.045109129995822006
17.719,0.02101846356095459
17.72,-0.12621506751952194
17.721,-0.12062722326813757
17.722,-0.12003244749619045
17.723,-0.11596301219152959
17.724,-0.10167003748058283
17.725,-0.05702278281950297
17.726,-0.0845001416668478
17.727,-0.10566418452502956
17.728,-0.09449279963504914
17.729,-0.0752856529194559
17.73,-0.18724594940218448
17.731,-0.04483606721949059
17.732,-0.13363574088336566
17.733,-0.10712029040775696
17.734,-0.05938468920650802
17.735,-0.07058863926841011
17.736,-0.03196655461196721
17.737000000000002,-0.03794446162234943
17.738,-0.04760910218336047
17.739,0.05564071449270894
17.740000000000002,0.02723291268042556
17.741,0.019669670811173625
17.742,0.0518556990356326
17.743000000000002,-0.0056137208086368615
17.744,0.15040036401619175
17.745,-0.0012904720906770709
17.746,0.06944268903290643
17.747,0.05927195979359729
17.748,0.06616286130723645
17.749,0.06732157773496139
17.75,0.05785528046419966
17.751,0.16093198654301633
17.752,0.04495216869325741
17.753,0.1565862304642136
17.754,0.14057393793572381
17.755,0.08835023260943087
17.756,0.13179261095247125
17.757,0.093585873515823
17.758,0.04135156744581844
17.759,0.035474351489646117
17.76,0.11512422110161831
17.761,0.10375463592346111
17.762,0.07588999423636714
17.763,0.03355157815664295
17.764,0.032215847148368115
17.765,0.013499155231048936
17.766000000000002,-0.06993649950059343
17.767,0.007872424215004272
17.768,0.01827054080020954
17.769000000000002,-0.01702015513187213
17.77,0.05579499237094932
17.771,-0.0946969952295878
17.772000000000002,-0.0887124684193481
17.773,-0.059422711124017
17.774,-0.06338640144740673
17.775000000000002,-0.17909035483544206
17.776,-0.06118817777355194
17.777,-0.08493830354042259
17.778,-0.20801015678748735
17.779,-0.11115358962832499
17.78,-0.14756947612810564
17.781,-0.1301549543103573
17.782,-0.1732581836748095
17.783,-0.08294230503330852
17.784,-0.011632235363086552
17.785,-0.08106608113699826
17.786,-0.1955846363172129
17.787,-0.06542870637373945
17.788,-0.08043794517279346
17.789,-0.11578312282048193
17.79,-0.03224469557488735
17.791,0.005552722712691985
17.792,-0.05984474877063502
17.793,-0.09623208174462579
17.794,-0.10206597874422986
17.795,-0.022188385770336546
17.796,0.01574067637730178
17.797,0.009806136456980027
17.798000000000002,0.013036910645420965
17.799,0.08653498762616452
17.8,0.09141416994668651
17.801000000000002,0.08743989659289936
17.802,0.1264002126037716
17.803,0.05969285531075194
17.804000000000002,0.04343438683178921
17.805,0.07634410283986548
17.806,0.0757797071984599
17.807,0.004210886360465196
17.808,0.07945478332907556
17.809,0.16046214137415296
17.81,0.14229871074429082
17.811,0.1241431510745325
17.812,0.0987451398804781
17.813,0.1576212247087023
17.814,0.024008617170575834
17.815,0.01955800187495175
17.816,0.11386562370277332
17.817,0.04809206584650149
17.818,0.001574468399574827
17.819,0.050671674003266415
17.82,-0.011218912404089034
17.821,-0.04368522785427516
17.822,-0.057559738866441244
17.823,-0.010495595031636107
17.824,-0.028191697159121606
17.825,0.02598099623621864
17.826,-0.07504255495666734
17.827,-0.08573822289026922
17.828,-0.0072672957633697355
17.829,-0.03773856607895166
17.830000000000002,-0.08634494834674859
17.831,-0.17691642412146608
17.832,-0.14336922475300856
17.833000000000002,-0.15797335485645014
17.834,-0.10448582516972947
17.835,-0.1312992131291135
17.836000000000002,-0.023851092700072657
17.837,-0.17924942623575726
17.838,-0.15403918376263082
17.839,-0.07771424792123638
17.84,-0.05660986994799809
17.841,-0.20363763012426647
17.842,-0.15162992914435836
17.843,-0.06772798137516584
17.844,0.024313701558521333
17.845,0.06255379014862947
17.846,-0.04047091409858118
17.847,-0.015923021508031474
17.848,-0.036781890338551414
17.849,0.04909878004648732
17.85,0.10599638951626
17.851,0.1040896382301478
17.852,0.05098311642948189
17.853,0.020923559151828475
17.854,0.07280613537726088
17.855,0.14997966253070927
17.856,0.06833904444432953
17.857,0.0037966612033920877
17.858,0.08146449694603981
17.859,0.08903719077802821
17.86,0.01402576087715171
17.861,0.11734501269802096
17.862000000000002,0.13023775647493138
17.863,0.19568015030099437
17.864,0.0323999415609251
17.865000000000002,0.13051454977453553
17.866,0.13600631641752206
17.867,0.10611565640651358
17.868000000000002,0.02116301677062392
17.869,0.008643101236578188
17.87,0.05628640906560914
17.871,0.044767992609611465
17.872,0.0005696144182361709
17.873,0.08101678861174295
17.874,-0.01593050527015489
17.875,-0.1029572729154822
17.876,-0.03173512775327141
17.877,-0.008490484578990584
17.878,-0.02692479933006456
17.879,-0.038218675361215
17.88,0.009624566924530495
17.881,-0.1300580777130484
17.882,-0.10371915902994651
17.883,-0.012354932612250985
17.884,-0.19381067732662274
17.885,-0.10264517768214303
17.886,-0.04165167204837775
17.887,-0.044111515424538755
17.888,-0.07207539625570067
17.889,-0.0696293235698109
17.89,-0.15334058080904717
17.891000000000002,-0.02862337839986258
17.892,-0.1519386290375012
17.893,-0.1423442827585831
17.894000000000002,-0.05814447727036465
17.895,-0.09333775109343337
17.896,-0.048557798101172334
17.897000000000002,-0.026752076401676365
17.898,0.051878562440404244
17.899,-0.0035714480702328903
17.900000000000002,-0.04407187291320523
17.901,0.03296789913485533
17.902,-0.03014890189594477
17.903,0.06922902734498344
17.904,0.03860503094156372
17.905,0.06671057567243863
17.906,-0.03168791282368918
17.907,-0.045326152257573984
17.908,0.0010755093700463292
17.909,0.17131730971949394
17.91,0.03334130090474367
17.911,0.132830875318443
17.912,0.06825757140479743
17.913,0.09110378082705939
17.914,0.10219898259134723
17.915,0.1865132767674349
17.916,0.13200077257942675
17.917,0.1190620315962086
17.918,0.16030538590169557
17.919,0.05815633138385506
17.92,0.13634315894110344
17.921,0.11996061070452524
17.922,0.11033074688987374
17.923000000000002,0.048121401873155126
17.924,0.023276852750228366
17.925,-0.00969607629665957
17.926000000000002,-0.0183726545317248
17.927,-0.03597099347533019
17.928,0.01598413050889511
17.929000000000002,-0.025975343982780837
17.93,-0.004982955248354938
17.931,-0.013782192386301823
17.932,-0.10225622677284801
17.933,-0.11416508540443573
17.934,-0.08069081098630138
17.935,-0.11663611651856018
17.936,-0.12944566291243856
17.937,-0.007004801876225014
17.938,-0.17355286547916127
17.939,0.0005099648229591608
17.94,-0.08856847251966446
17.941,-0.05464824081167262
17.942,-0.06005773456632985
17.943,-0.07071429342933859
17.944,-0.015159155974234964
17.945,-0.14770693241268945
17.946,-0.09545210463812381
17.947,-0.12311696551119838
17.948,-0.1570135746575858
17.949,-0.09601458652296294
17.95,0.040795932593201176
17.951,-0.0506596069587212
17.952,0.0686089867645784
17.953,0.08556064590117651
17.954,0.14311515305651198
17.955000000000002,0.10080911756920255
17.956,0.13553547802456611
17.957,0.04573356106619959
17.958000000000002,0.05232656146395039
17.959,0.06651827489339136
17.96,0.06192719817602702
17.961000000000002,0.0786970493313472
17.962,0.1171271355245638
17.963,0.06343146863913215
17.964,0.023846882198895303
17.965,0.1156338505925146
17.966,0.06619196883467335
17.967,0.07335629506951098
17.968,0.09625170749023142
17.969,0.08392599233923391
17.97,0.15576585033339385
17.971,0.08827589005147764
17.972,0.1496542703254271
17.973,0.09569023395365574
17.974,0.07354600602166105
17.975,0.07739466366784459
17.976,-0.0045410409882309585
17.977,0.06667734324890495
17.978,0.08128409014615331
17.979,0.07688763079180945
17.98,-0.0521152831701787
17.981,-0.07251590046848597
17.982,-0.0355103943017622
17.983,0.048585675639349866
17.984,-0.021286961513783065
17.985,-0.08230807809206661
17.986,-0.1268524328383729
17.987000000000002,-0.09828530095771028
17.988,-0.11065610130828057
17.989,-0.034279095923206715
17.990000000000002,-0.03729332289369275
17.991,-0.14606118679089342
17.992,-0.06026103004217773
17.993000000000002,-0.06838293704529844
17.994,-0.16151366870585812
17.995,-0.10691521047302405
17.996,-0.08446163559647508
17.997,-0.09072037229099242
17.998,-0.1804265687959979
17.999,-0.08305110587412491
18.0,-0.051274508919663536
18.001,0.0035571789989076313
18.002,-0.10016027279274126
18.003,-0.08437536405489889
18.004,-0.05714483125881155
18.005,-0.021100001945044862
18.006,-0.019282213850375072
18.007,0.01793786290559437
18.008,-0.05651701212333255
18.009,0.03160335622455696
18.01,-0.013498925416502928
18.011,0.02796581962766601
18.012,0.1315646757876417
18.013,-0.013357737637236952
18.014,0.05218738845440097
18.015,0.011118674372139925
18.016000000000002,0.09015898226856196
18.017,0.14143117387118162
18.018,0.10278622721714355
18.019000000000002,0.0924492898996031
18.02,0.1673301328815049
18.021,0.11866777568302708
18.022000000000002,0.14294488883551223
18.023,0.1361477008869656
18.024,-0.04639223259537828
18.025000000000002,0.0892794723259799
18.026,0.03362042318898712
18.027,0.03926523268428847
18.028,0.14655716847732062
18.029,0.04518365020654466
18.03,0.1487708544288078
18.031,-0.026765785677311728
18.032,-0.021685641430855634
18.033,0.0590513309324973
18.034,-0.00798262532285529
18.035,0.012484182032692994
18.036,-0.020420900828579024
18.037,-0.0336486227782728
18.038,-0.05307533184354833
18.039,-0.039705809706819674
18.04,-0.02673983798539406
18.041,0.01257328401241864
18.042,-0.08665608662055374
18.043,-0.10353640519144813
18.044,-0.11614246493494303
18.045,-0.021451451706466743
18.046,-0.0640346929862616
18.047,-0.1957527158306597
18.048000000000002,-0.19881654970211937
18.049,-0.14262097685399378
18.05,-0.08767454415602456
18.051000000000002,-0.09755250155309181
18.052,-0.06551679811205006
18.053,-0.09414847488789731
18.054000000000002,-0.008451371277906058
18.055,-0.03158592093095847
18.056,-0.05721756006546835
18.057,0.006104165689526743
18.058,-0.12297334860618553
18.059,-0.03359273119137274
18.06,-0.010874555301596919
18.061,0.024180325459524938
18.062,-0.07977445896260774
18.063,0.004781341241195201
18.064,0.04939218672733947
18.065,0.06438495903159151
18.066,0.11042764261600903
18.067,0.09908148551220998
18.068,0.06700377278759542
18.069,0.11186513418288625
18.07,0.07503829662044992
18.071,0.09825895358554343
18.072,0.1352182392750522
18.073,0.09645272663757105
18.074,0.11869456374814202
18.075,0.14915019116810824
18.076,0.13578885994574388
18.077,0.15956931531364724
18.078,0.21068456488405124
18.079,0.1244769484846269
18.080000000000002,0.06010485877159691
18.081,0.10145553775459673
18.082,0.09095736973894686
18.083000000000002,0.08891673824283144
18.084,0.12291772407346682
18.085,-0.04677277753155421
18.086000000000002,0.10187902448364566
18.087,0.10710598918918615
18.088,0.031190493779781142
18.089,0.02056206132292919
18.09,-0.032828923712800565
18.091,-0.03184153689377087
18.092,-0.00822304777819892
18.093,-0.021806869852724724
18.094,-0.027071121908791053
18.095,-0.040521240196000584
18.096,-0.034688933938120343
18.097,-0.046928986909120174
18.098,-0.14293980626278394
18.099,-0.05430310147004862
18.1,-0.005857191172185125
18.101,-0.10162475419487066
18.102,-0.025442987675336426
18.103,-0.14502086972106185
18.104,-0.09801687098112948
18.105,-0.12462959440921628
18.106,-0.018378994752270283
18.107,0.0011173150817402472
18.108,-0.0783200592646365
18.109,-0.00625270671478316
18.11,0.027169870583051238
18.111,-0.04680380768410796
18.112000000000002,-0.027848404698984624
18.113,0.013635490891354907
18.114,-0.05356849676832725
18.115000000000002,0.005819828822384949
18.116,0.11920157237331347
18.117,-0.0013624193005039933
18.118000000000002,0.07757485908412931
18.119,0.07183341627518941
18.12,0.047580768286348094
18.121,0.07620457696506791
18.122,0.1612038489918394
18.123,0.10868588105497069
18.124,0.12281021650105992
18.125,0.1724691850102153
18.126,0.0817859584722107
18.127,0.04641249830487468
18.128,0.18831479759890207
18.129,0.10648498894143563
18.13,0.14272656866015077
18.131,0.05696665361899536
18.132,0.11023639767501826
18.133,0.030440255428741098
18.134,0.08177721194679365
18.135,0.038416715364658516
18.136,0.01817981793219501
18.137,0.03730411162926582
18.138,-0.07253078673128234
18.139,-0.02675448707983075
18.14,0.05903710981572961
18.141000000000002,0.025705666738848377
18.142,-0.057090922236499406
18.143,0.012359716070913143
18.144000000000002,-0.07038484509955015
18.145,-0.0014464372140026438
18.146,-0.05387476667347041
18.147000000000002,-0.0742296927876311
18.148,-0.07160403860037043
18.149,0.052776450374365194
18.150000000000002,-0.12024899851760257
18.151,-0.07695220371493698
18.152,-0.053963336153321786
18.153,-0.14461947258694657
18.154,-0.17834694528194237
18.155,-0.12946347064989266
18.156,-0.06083909395775044
18.157,-0.1139540941655336
18.158,-0.10511643321162162
18.159,-0.04344137291396004
18.16,-0.12349093286308258
18.161,-0.08066123210555791
18.162,-0.14391727135697607
18.163,-0.04325379181127201
18.164,-0.03806527179774745
18.165,0.0006642058660177516
18.166,-0.08541255271616008
18.167,-0.026397779733945075
18.168,-0.06915367796740064
18.169,-0.005895007736991935
18.17,0.09204695302971876
18.171,0.013214713904316912
18.172,-0.028156866899540826
18.173000000000002,0.016473984881857452
18.174,-0.02045093236654829
18.175,0.0041041618276061315
18.176000000000002,0.11028481658677368
18.177,0.011202765410197366
18.178,0.10476056264900252
18.179000000000002,0.09482712587794499
18.18,0.07006800530893903
18.181,0.10978265235343107
18.182,0.05194527119550906
18.183,0.13992109130790456
18.184,0.0606633743589288
18.185,0.07264681073932426
18.186,0.06181601292225365
18.187,0.11547712331287127
18.188,0.10103132325916096
18.189,-0.06548479543741718
18.19,0.06920259511612331
18.191,-0.040623987064986086
18.192,0.01901639787406428
18.193,0.019657579654877657
18.194,-0.0038937834655655753
18.195,0.02720870474337354
18.196,0.026605148375143203
18.197,-0.05950396152922498
18.198,-0.07246053186498957
18.199,-0.044463728230476965
18.2,-0.12995372890738335
18.201,-0.08598618306588075
18.202,-0.003242962883873171
18.203,-0.15349390821599962
18.204,-0.10163579883026153
18.205000000000002,-0.11952656454500259
18.206,0.006312058529310591
18.207,-0.12358725277177315
18.208000000000002,-0.1220933691209131
18.209,-0.14969661934572498
18.21,-0.09639454893104937
18.211000000000002,-0.08071973000626684
18.212,-0.13458855047877752
18.213,-0.0356876582332543
18.214,-0.06522547405265625
18.215,-0.02875512875735553
18.216,-0.07934776010822811
18.217,-0.041508455048987786
18.218,-0.05431318980950028
18.219,0.039832711166490044
18.22,-0.016179952625390428
18.221,-0.010198690442312277
18.222,-0.022049846648066963
18.223,-0.013454002914317798
18.224,0.03553720346687636
18.225,0.07560658044470314
18.226,0.01089341396753736
18.227,0.061317923265635746
18.228,0.07330282667392062
18.229,0.09023046157605247
18.23,-0.005844983521299557
18.231,0.03941128502027658
18.232,0.022290424886820426
18.233,0.09591071489168863
18.234,0.051600517542666244
18.235,0.07288636982763419
18.236,0.03768628110730832
18.237000000000002,0.07559767961655688
18.238,0.03659402788331571
18.239,0.12645619998690105
18.240000000000002,0.10706458452919351
18.241,0.08401364941167282
18.242,0.05375216400374981
18.243000000000002,-0.04163397820156456
18.244,0.027914098750551203
18.245,0.002628940731823827
18.246,0.04238593311261873
18.247,0.04991861866901191
18.248,0.023819564671271092
18.249,0.0592946714780311
18.25,-0.043660147434158525
18.251,-0.05690547276544224
18.252,0.014673874178466467
18.253,-0.03919490628230841
18.254,-0.06948209586898849
18.255,0.026359159291877488
18.256,-0.045001948444529316
18.257,-0.09031527387903646
18.258,-0.12086821482288254
18.259,-0.024832312047230215
18.26,-0.08413639258482103
18.261,-0.09528466518420538
18.262,-0.06338956689945319
18.263,-0.052551488848701575
18.264,-0.06708398187482556
18.265,-0.047097241756388186
18.266000000000002,-0.06418856902874501
18.267,-0.053279852347086855
18.268,-0.11075873495797814
18.269000000000002,0.024208153491424425
18.27,-0.11921520021017151
18.271,-0.032494844117190703
18.272000000000002,-0.10457720187822245
18.273,-0.03190441762954898
18.274,-0.04445409734733652
18.275000000000002,0.002221337866547721
18.276,0.02390258883438474
18.277,-0.029719549803117147
18.278,0.0276546097259443
18.279,0.10943107398659635
18.28,-0.01579629823231138
18.281,0.01649283305544591
18.282,0.11079178262923214
18.283,0.0792526358070764
18.284,0.08951113184333676
18.285,0.13851438175169337
18.286,0.051934493035222476
18.287,0.06864468593379303
18.288,0.06414726581356842
18.289,0.0792090644588094
18.29,0.16260299697581687
18.291,0.00826262212621097
18.292,0.030009882659172246
18.293,0.01660544156534019
18.294,0.14897476402281046
18.295,0.04108544411798393
18.296,0.047400163426790834
18.297,-0.02594473443385642
18.298000000000002,0.03196923865491229
18.299,0.07809865265027899
18.3,0.03662938560893741
18.301000000000002,0.007471207528571517
18.302,-0.0766696760253099
18.303,-0.026129781437549227
18.304000000000002,-0.013554295863676622
18.305,-0.08136630644492558
18.306,-0.009462902337993379
18.307,-0.00780015647866468
18.308,-0.08761037252761196
18.309,-0.033163420749453554
18.31,-0.08225808749207705
18.311,-0.025668810132644077
18.312,0.013574481008781614
18.313,-0.14670647952127897
18.314,-0.05616882890842292
18.315,-0.03070876966049718
18.316,-0.14448150271909596
18.317,-0.12337123257297697
18.318,-0.12129791625438824
18.319,-0.09471502473963729
18.32,-0.10077852089144512
18.321,-0.08661717598390771
18.322,-0.027491394903711303
18.323,-0.15591567744213186
18.324,-0.10071481337331745
18.325,-0.008705437954255733
18.326,-0.0041670417035603174
18.327,-0.07390284084562708
18.328,0.018124118203333386
18.329,0.06772840135764717
18.330000000000002,0.01015594326470357
18.331,-0.026747088869348346
18.332,0.07811166735751882
18.333000000000002,0.13075096185193302
18.334,0.009907254173792061
18.335,0.06504099035211271
18.336000000000002,0.12557693452978416
18.337,0.08384470566497187
18.338,-0.003359776151891619
18.339,0.11094357370558508
18.34,0.04337403818113037
18.341,0.03104594328065456
18.342,0.009157370688307367
18.343,0.15471020141805253
18.344,0.051787153418531184
18.345,0.10723376176401309
18.346,0.1153115491771383
18.347,0.08906276363814514
18.348,0.08929428737235726
18.349,0.08598819825808784
18.35,0.0653910765466096
18.351,0.011225844087032824
18.352,-0.0031602866971284227
18.353,0.02359251504628423
18.354,0.0116751809785346
18.355,0.02834779303042152
18.356,0.05077251857990604
18.357,0.0017576111547606306
18.358,-0.06689201130829114
18.359,-0.1459479594439832
18.36,-0.08536635986196275
18.361,-0.12352228224292582
18.362000000000002,-0.10141455273734645
18.363,-0.06048197441932271
18.364,-0.07507210543749945
18.365000000000002,0.008017407325441886
18.366,-0.06516453241346425
18.367,0.0029458660515228885
18.368000000000002,-0.058672652987261945
18.369,-0.040758753787889034
18.37,-0.11229309064692158
18.371,-0.146076892981586
18.372,-0.11153051218481128
18.373,-0.0851803211533551
18.374,-0.11033484858562126
18.375,-0.12223833771868144
18.376,-0.04360135154945735
18.377,-0.1060899179216093
18.378,-0.12310553919593573
18.379,-0.09250995293011033
18.38,-0.037600431039714464
18.381,-0.06455320935925608
18.382,-0.015334015957576434
18.383,0.03721995024760113
18.384,0.046943239193554885
18.385,-0.004052690255473227
18.386,-0.025845128090941277
18.387,0.020387247413837458
18.388,0.09108514898193301
18.389,0.11108958009944722
18.39,0.09167903821280038
18.391000000000002,0.14048733300389168
18.392,0.17214529802757048
18.393,0.06560994709768332
18.394000000000002,0.16694631084320338
18.395,0.08115940292214546
18.396,0.1454488802201423
18.397000000000002,0.1288522999260095
18.398,-0.007749563480063143
18.399,0.03921666127473249
18.400000000000002,0.021683080642718865
18.401,-0.012274205859283308
18.402,0.11381785991872845
18.403,0.16535458299691924
18.404,0.04024597329524198
18.405,0.0863222593536137
18.406,0.10773322556622085
18.407,0.03334845047340622
18.408,0.010784406762352415
18.409,-0.0112777003695784
18.41,0.01683203457976226
18.411,0.0227793262917968
18.412,-0.008481115660205759
18.413,-0.020374476152614597
18.414,-0.05390421790863455
18.415,-0.13987635822031408
18.416,-0.023393299976786283
18.417,-0.1396161535104879
18.418,-0.05047911722160539
18.419,-0.04859963561035193
18.42,-0.14715310309373508
18.421,-0.12302239832023659
18.422,0.012218632329540277
18.423000000000002,-0.09775749857830257
18.424,-0.15342944905780392
18.425,-0.04973662529550165
18.426000000000002,-0.1245395189232501
18.427,-0.1768744200378597
18.428,-0.048689713004367155
18.429000000000002,-0.11331209404132284
18.43,-0.04329749270509808
18.431,-0.0910522068144684
18.432000000000002,-0.0054269611949673904
18.433,-0.02142345306230193
18.434,-0.14945243166103986
18.435,0.0099861575376609
18.436,-0.012602414339992844
18.437,0.08368806149063605
18.438,0.04339880718985521
18.439,0.07190212244223197
18.44,0.00854857571326792
18.441,0.0139417747562907
18.442,0.06079148713575692
18.443,0.05181253397568297
18.444,0.14354702315418888
18.445,0.07472430452824935
18.446,0.0257545732578748
18.447,0.04902072040715731
18.448,0.14080870150164151
18.449,0.08507273210616853
18.45,0.08199094548717144
18.451,0.1443445100647576
18.452,0.042647089988820934
18.453,-0.02754073060450954
18.454,0.036248265637841434
18.455000000000002,0.08458416509593804
18.456,0.05259569957891752
18.457,-0.021252633549396688
18.458000000000002,0.09849023948609212
18.459,0.04612689956810168
18.46,0.047148438996518646
18.461000000000002,0.038046321272811406
18.462,-0.05872311298287426
18.463,0.010403378621025156
18.464,0.029758406567954438
18.465,0.03074734555920995
18.466,-0.0004922637921538561
18.467,-0.020677920681474803
18.468,-0.14234154569864857
18.469,-0.06458471480305167
18.47,-0.11915058454795455
18.471,-0.013710937695764189
18.472,-0.026722238726534016
18.473,-0.13503965524767508
18.474,-0.09287583205637337
18.475,-0.0799651352680272
18.476,-0.04789022612442844
18.477,-0.17596848179310487
18.478,-0.20065583471173296
18.479,-0.08501209629376233
18.48,-0.20903821825925684
18.481,-0.0689515464675984
18.482,-0.04062500720877078
18.483,-0.0008211206110067121
18.484,-0.0852830643529586
18.485,-0.036882059972149765
18.486,-0.0025364294053860023
18.487000000000002,-0.0835887584589626
18.488,0.03161140903263758
18.489,0.010398603054886416
18.490000000000002,-0.022712162252053324
18.491,0.02539905437365463
18.492,0.021875944019547778
18.493000000000002,0.07795695500264761
18.494,0.030499568262758115
18.495,0.0687734388834233
18.496,0.03447333425574465
18.497,0.025822083352961628
18.498,0.08747968068691127
18.499,0.039163079446462856
18.5,0.12796867354918226
18.501,0.12027544956069401
18.502,0.05388118505486922
18.503,0.103028152015487
18.504,0.05278324129704501
18.505,0.008723883716605055
18.506,0.05552436805087785
18.507,0.07814021231393044
18.508,0.10088694016247267
18.509,0.07542194630490501
18.51,0.10552924741052712
18.511,0.0024588562282823537
18.512,0.0233472762347585
18.513,0.11448793734085737
18.514,-0.07463771564227048
18.515,-0.011332544551221584
18.516000000000002,-0.05311147744531519
18.517,-0.020110501378643293
18.518,-0.04271965976869865
18.519000000000002,-0.0012522641541021645
18.52,-0.028510057741572385
18.521,-0.11591966595473921
18.522000000000002,-0.08869752963658266
18.523,-0.06712489195398595
18.524,-0.03705098565126768
18.525000000000002,0.04175016762799037
18.526,-0.04953149837844516
18.527,-0.1389006013958491
18.528,-0.09535366215702329
18.529,-0.08274748009716586
18.53,-0.1176346993933887
18.531,-0.06675744666715598
18.532,-0.20120044781368035
18.533,-0.056128345428049606
18.534,-0.10260593382654713
18.535,-0.07818847023641029
18.536,0.007666059344698231
18.537,-0.12071112948395038
18.538,-0.03522325517771105
18.539,0.00028282300593335946
18.54,-0.0209110662018709
18.541,-0.09975062347929436
18.542,0.05912385101399374
18.543,-0.008207373961783913
18.544,-0.013297462363592062
18.545,0.008089865078350291
18.546,0.01471114104596273
18.547,-0.015956594194646095
18.548000000000002,0.06092932597666585
18.549,0.03121942332936956
18.55,0.10217914431714092
18.551000000000002,0.10111875903853644
18.552,0.16208665450045898
18.553,0.0746693981995525
18.554000000000002,0.0483592594337218
18.555,0.017083544989150004
18.556,0.20103723466685888
18.557000000000002,0.12401486138183387
18.558,0.054574733464536986
18.559,0.17091077626780288
18.56,0.1499305432409868
18.561,0.009297506347347786
18.562,0.0328691562754667
18.563,0.056638291127944614
18.564,0.0015929149392227837
18.565,0.04135466219191392
18.566,0.0722352313073914
18.567,-0.04207349877553536
18.568,0.030829624529397213
18.569,0.06397586043062463
18.57,0.014861273008430848
18.571,-0.01955576717518997
18.572,-0.05958330519115145
18.573,0.005325882587001354
18.574,-0.10459670121931848
18.575,-0.042510844885302324
18.576,-0.06151721427037893
18.577,-0.013785901370922019
18.578,-0.1055083184092685
18.579,-0.10650656556816337
18.580000000000002,-0.1478344595066559
18.581,-0.06681464289018216
18.582,-0.11158348642292157
18.583000000000002,-0.13396331388960891
18.584,-0.12841451861913697
18.585,-0.06119105123429598
18.586000000000002,-0.13995397406334587
18.587,-0.13110605534389616
18.588,-0.030064942672613552
18.589,-0.07664424198944553
18.59,-0.01308176285393712
18.591,-0.07050179177536886
18.592,-0.04354951446009155
18.593,-0.026041652225252135
18.594,0.04560701829809061
18.595,0.051958955706216864
18.596,0.054929237584016626
18.597,-0.023538265340895148
18.598,-0.03091692384546513
18.599,0.0667275761971099
18.6,0.10738962020406079
18.601,0.10602057046824159
18.602,0.05719608686392556
18.603,0.10081486562025138
18.604,0.10868313981500609
18.605,0.08486273615212132
18.606,0.09196630828475764
18.607,0.09105206927229881
18.608,0.04934295843762753
18.609,0.05582603209496375
18.61,0.05519186787647579
18.611,0.00919776536846871
18.612000000000002,0.09396708631950201
18.613,0.08126388902764442
18.614,0.11671240377176492
18.615000000000002,0.13588985175649412
18.616,0.13230651507461483
18.617,0.12934454514124943
18.618000000000002,0.012094493391624377
18.619,-0.030807203518429846
18.62,0.07761163929467728
18.621,0.09004050481806189
18.622,0.08830848204774766
18.623,0.024193194317457246
18.624,-0.1104520722958169
18.625,-0.0027458567621027156
18.626,-0.003369491388144793
18.627,0.021780591126450692
18.628,0.02154352279057075
18.629,-0.012878698205064092
18.63,-0.09533864890870117
18.631,-0.124132148934931
18.632,-0.051675040500884326
18.633,-0.12260778704603284
18.634,-0.012698072969706112
18.635,-0.1739574064588191
18.636,-0.06143543806738842
18.637,-0.07361514086050017
18.638,-0.09850726582078646
18.639,-0.1317868471389562
18.64,-0.18480388517354568
18.641000000000002,-0.1033455800236605
18.642,-0.09647100983920029
18.643,-0.008219477461453059
18.644000000000002,-0.09510181441854217
18.645,-0.02470504090784726
18.646,-0.10269101728472524
18.647000000000002,-0.00428098741195896
18.648,-0.13000682742580347
18.649,0.09706015121141295
18.650000000000002,-0.004239036055743578
18.651,-0.12643491486921604
18.652,-0.012309194281184384
18.653,-0.010246055652010568
18.654,0.010238386093942342
18.655,0.03369225111887554
18.656,0.02696890263080573
18.657,0.026622598616086332
18.658,0.015919608959556276
18.659,0.12033290650712544
18.66,0.14359514345377625
18.661,0.07395109530292703
18.662,0.08774304931528863
18.663,0.03303079206955623
18.664,0.09238873448149526
18.665,0.09860170683046156
18.666,0.07319928452144261
18.667,0.09987949497682591
18.668,0.09031547235098847
18.669,0.015947200478592896
18.67,0.12113679715261313
18.671,0.04308771681152375
18.672,0.1285004199799232
18.673000000000002,0.05638179607217162
18.674,0.12406278009657336
18.675,0.07408729532831843
18.676000000000002,0.0162840496183797
18.677,-0.04169356946560094
18.678,-0.05099864811423263
18.679000000000002,0.0005732357500264594
18.68,-0.028716582413408714
18.681,-0.07461993281996807
18.682000000000002,-0.012184738296492303
18.683,-0.05982241058831779
18.684,-0.02687893411990197
18.685,-0.1237194922597298
18.686,-0.030053159633202667
18.687,-0.058952297969130596
18.688,-0.026939164227741473
18.689,-0.03956360122020716
18.69,-0.09308038663836606
18.691,-0.09627417639733833
18.692,0.003186305650032112
18.693,-0.09726916049659776
18.694,-0.04095519547594074
18.695,-0.09200366441609881
18.696,-0.1595826809952164
18.697,-0.12049575785471173
18.698,-0.03066094696574397
18.699,-0.007029508280710743
18.7,-0.012178030687617938
18.701,0.03455217182163678
18.702,0.0070205257692172954
18.703,-0.04093276363896597
18.704,0.037941110168227335
18.705000000000002,0.026985655107927012
18.706,-0.0002528259901267635
18.707,0.061773388669547805
18.708000000000002,0.05120832193618684
18.709,0.02542708729649935
18.71,0.05444999291469334
18.711000000000002,0.14081130500825212
18.712,0.14499726799641324
18.713,0.09013044630126278
18.714,0.0872420667744276
18.715,0.015217058548987278
18.716,0.17412959393667207
18.717,0.14005443578845403
18.718,0.12469440868961332
18.719,-0.028980496916559864
18.72,0.08329387559084998
18.721,0.07026436440504286
18.722,0.10508024014381695
18.723,0.0417309759289793
18.724,0.045156619747597805
18.725,0.07939328342799781
18.726,0.0007601396925079884
18.727,0.0012133918973632266
18.728,0.029649895264232933
18.729,0.07670455316888317
18.73,0.03986990858507277
18.731,0.04289475009394593
18.732,-0.017877219601331713
18.733,0.04383761397846718
18.734,-0.1274182630181636
18.735,0.05187034028506029
18.736,0.05014644784718028
18.737000000000002,-0.0420152042775274
18.738,-0.029740302979806232
18.739,-0.07877439577755832
18.740000000000002,-0.09181164258405557
18.741,-0.11521239372031766
18.742,-0.08928643970331433
18.743000000000002,-0.06000805840044439
18.744,-0.06656850792013624
18.745,0.01321656515153008
18.746,-0.0784641543760134
18.747,-0.15413384343351355
18.748,0.007405670467889633
18.749,-0.12994570519321313
18.75,-0.09000828980244724
18.751,-0.040739922976356105
18.752,-0.025010921365094363
18.753,-0.10905535677645886
18.754,-0.06451751917948043
18.755,-0.09127261540445007
18.756,0.024045982578132136
18.757,0.06241591718430202
18.758,-0.04760746883233677
18.759,0.07331473971613853
18.76,0.07978934904610244
18.761,0.009553054918209743
18.762,-0.0479560779668888
18.763,0.00556721931201707
18.764,0.036505751122690326
18.765,0.14957417414950963
18.766000000000002,0.0717955009302118
18.767,0.0315156806319253
18.768,0.0922656946493733
18.769000000000002,0.021950700545510016
18.77,0.11308359183641718
18.771,0.03792714138998894
18.772000000000002,0.04343133671172426
18.773,0.10090739753677248
18.774,0.16558865649115517
18.775000000000002,0.18283582392723838
18.776,0.014819123709613365
18.777,0.02992950358098938
18.778,0.07766293887763626
18.779,0.10174027305305312
18.78,-0.0740822584384678
18.781,0.028843320396706694
18.782,-0.009859510268217827
18.783,-0.09187794348009275
18.784,-0.07276512278134942
18.785,-0.04443957830415392
18.786,-0.02302868140187502
18.787,0.01487932556849035
18.788,-0.026871007859303457
18.789,-0.005655515079136038
18.79,-0.05940566628646252
18.791,-0.10285792243413683
18.792,-0.08273186787022054
18.793,-0.04368583812103687
18.794,-0.030667156622981168
18.795,-0.09238638697390465
18.796,-0.13297292120688226
18.797,-0.07006534806509043
18.798000000000002,-0.06208283486471827
18.799,-0.02229453190478472
18.8,-0.11466098829011037
18.801000000000002,-0.10979352868711129
18.802,-0.033224953351293364
18.803,-0.08505689959901305
18.804000000000002,-0.0799325718711241
18.805,0.013284461046989604
18.806,-0.10926898979295056
18.807000000000002,0.07135298340065566
18.808,-0.05239761362952826
18.809,0.031557912673991065
18.81,-0.007072964675407573
18.811,0.022098911396092553
18.812,0.0054333733254406675
18.813,0.07118316319578338
18.814,0.020374755287798
18.815,0.017955987332370908
18.816,0.14548654704495076
18.817,0.0637455179430307
18.818,0.03508682890748961
18.819,2.3475976106135388e-07
18.82,0.17240675987473458
18.821,0.0550520516113861
18.822,0.18811978662021542
18.823,0.10617691207578461
18.824,0.09339540162807913
18.825,0.09357117242566601
18.826,0.19353192133776032
18.827,-0.030360792951747442
18.828,0.08539185516107531
18.829,0.05581166123662459
18.830000000000002,0.05186432983784278
18.831,0.062572583750002
18.832,0.03362565657753144
18.833000000000002,0.04753258552180672
18.834,0.02761294343383667
18.835,-0.04661334628776789
18.836000000000002,0.028146861934810405
18.837,0.0347743118895857
18.838,-0.038220240108747
18.839,0.07234679619697723
18.84,0.036093879228141584
18.841,0.002303287296511018
18.842,-0.006959040416740232
18.843,-0.055028010530041666
18.844,-0.006664292181481513
18.845,0.00848646973997938
18.846,-0.035000010078171225
18.847,-0.10822356373761564
18.848,-0.08490093328416273
18.849,-0.05629634579025728
18.85,-0.043983148912559944
18.851,-0.08945057694002029
18.852,-0.11244378714329159
18.853,-0.0022607832337519923
18.854,-0.1313327961586671
18.855,-0.11995921113505792
18.856,-0.13342191965611372
18.857,-0.10749382515723956
18.858,0.009628919952076036
18.859,0.019605168062295363
18.86,-0.03922775581052802
18.861,-0.0013127390922014447
18.862000000000002,-0.016900393930814425
18.863,-0.0659990521349846
18.864,0.11456414154791367
18.865000000000002,0.08240012566757662
18.866,0.041195866533877565
18.867,-0.00983558730696936
18.868000000000002,0.03073783265354566
18.869,0.015806307410587903
18.87,0.06305096618487273
18.871,0.0806070449060324
18.872,0.054093079693537105
18.873,0.0034837500423484796
18.874,0.1868096572039774
18.875,0.09497791654868444
18.876,0.10767915650474134
18.877,0.06430655361537861
18.878,0.0067259529939734525
18.879,0.07889176109952666
18.88,0.06398164831354242
18.881,0.1116017660084051
18.882,0.11636341435557931
18.883,0.10326796445822702
18.884,0.10749325093718337
18.885,0.1405282672318568
18.886,0.061412074317625076
18.887,0.08788040457685412
18.888,0.04816270192370174
18.889,-0.08130163315304095
18.89,-0.003980188018363483
18.891000000000002,-0.0496415217899266
18.892,-0.00459560511595148
18.893,-0.06540205314420253
18.894000000000002,-0.004891305806022494
18.895,0.005041108973618674
18.896,0.007943717784302438
18.897000000000002,0.02122739244283075
18.898,-0.15021109629298493
18.899,-0.13211573894525136
18.900000000000002,0.06946650557604804
18.901,-0.03014407129787338
18.902,-0.07198084058730118
18.903,-0.08303618090505988
18.904,-0.08774841753413207
18.905,-0.1806894326566026
18.906,-0.12055754043024401
18.907,-0.0843436315091437
18.908,-0.11027004889002767
18.909,-0.09843467619737539
18.91,0.06500936722721447
18.911,-0.06839426313168039
18.912,-0.034023559982292444
18.913,-0.027263225241145876
18.914,-0.000838079438544255
18.915,-0.044682137114860444
18.916,0.051307139844937566
18.917,0.021060387562274463
18.918,-0.05554049819870095
18.919,0.013252225778837112
18.92,0.019568789082170277
18.921,0.026424251340023776
18.922,0.07143515419739942
18.923000000000002,0.08570696751575027
18.924,0.08705633052297257
18.925,0.08457530790363323
18.926000000000002,0.07738222567899662
18.927,-0.029999303378731385
18.928,0.11984521773966511
18.929000000000002,0.1076403834205924
18.93,0.0351084051799164
18.931,0.09833606032762233
18.932000000000002,0.11550206826873718
18.933,0.13932047237455591
18.934,0.10281378137371558
18.935,0.08885516505586258
18.936,0.11458864337363045
18.937,0.04547315802400048
18.938,0.07411493963777163
18.939,0.014439017266680156
18.94,0.09236556687551224
18.941,-0.05278318194554808
18.942,0.05901279797895129
18.943,0.00928837087419235
18.944,0.046787529891421084
18.945,-0.05036923454998159
18.946,-0.016542509571599785
18.947,-0.027415692644728814
18.948,-0.017734818534035753
18.949,-0.10024153476688945
18.95,-0.02382371339991283
18.951,-0.15492993805134736
18.952,-0.10216163916178064
18.953,-0.15208967549244273
18.954,-0.036704113205599895
18.955000000000002,-0.06119177256073298
18.956,-0.06035887360970056
18.957,-0.01031651164716868
18.958000000000002,-0.099430164779682
18.959,-0.051658035146150943
18.96,-0.07620868318376267
18.961000000000002,-0.0800989525087812
18.962,-0.005690081361682683
18.963,0.03881558064346509
18.964,-0.08021118747581131
18.965,-0.00950572028862718
18.966,-0.027087073053336977
18.967,-0.017748527738038488
18.968,-0.012737228572024964
18.969,-0.03219986018871415
18.97,-0.1850345203731221
18.971,0.08079110524040077
18.972,-0.020909833404416843
18.973,0.011330367705232507
18.974,0.02164826850269556
18.975,0.002273239575739605
18.976,0.061700582103441044
18.977,0.055009634517993636
18.978,0.028143038936470778
18.979,0.07729476916336246
18.98,0.07307199807123484
18.981,0.12497868469050047
18.982,0.014344983387631682
18.983,0.0427491321248525
18.984,0.11979272498145327
18.985,0.050898174590524196
18.986,0.035930258780830455
18.987000000000002,0.04868353572196542
18.988,0.06917000006177071
18.989,0.06435929509758065
18.990000000000002,0.05276744991785507
18.991,0.005014536906441519
18.992,0.08750288062076028
18.993000000000002,0.10688785293358226
18.994,-0.06376857928488794
18.995,-0.05518224047552155
18.996,0.063073338047703
18.997,0.0816817554607748
18.998,-0.11304547730377261
18.999,0.02450174034970947
19.0,0.05616872707899641
19.001,-0.07794243179246786
19.002,0.03554891170327271
19.003,-0.060344429604158895
19.004,-0.043010491722163674
19.005,-0.10118872801922572
19.006,-0.020758377314973764
19.007,-0.0336913767306828
19.008,0.007258933028520764
19.009,-0.009418413931135988
19.01,-0.08325460194312714
19.011,0.07241556056524216
19.012,-0.014525597162741127
19.013,-0.052970290367841365
19.014,-0.12668267872263236
19.015,-0.14909764771962009
19.016000000000002,-0.1396193887264942
19.017,-0.10789668248883785
19.018,0.014647645535973135
19.019000000000002,-0.022122589975386422
19.02,-0.06876773869486369
19.021,-0.03599283969116509
19.022000000000002,-0.03278819915034135
19.023,0.029670623216827036
19.024,-0.04456440716593049
19.025000000000002,0.026571725199037603
19.026,0.03367425811984713
19.027,-0.014452284779905403
19.028,0.11632275052605769
19.029,0.03056244103227505
19.03,0.0034934194833695573
19.031,0.10282908941762167
19.032,0.06913133124788017
19.033,0.09213130477949025
19.034,0.016788381877034707
19.035,0.11990577529893151
19.036,0.19007454107630511
19.037,0.019355734061237653
19.038,0.10011437084932462
19.039,0.041908934749428355
19.04,0.21330661809172327
19.041,0.137374083051355
19.042,0.0850260154771896
19.043,0.00407959525193257
19.044,0.00982213167415711
19.045,0.08927816783217957
19.046,-0.0240340602692495
19.047,-0.030943582771749086
19.048000000000002,0.02708782707020577
19.049,0.023987658268514952
19.05,0.026754135582137382
19.051000000000002,-0.023890823691222463
19.052,0.0344560988531225
19.053,-0.06411533640297956
19.054000000000002,0.0011280778797981006
19.055,-0.02825738148752957
19.056,-0.017149390221104656
19.057000000000002,0.004353551668752113
19.058,-0.0843195386107041
19.059,-0.1005619119842763
19.06,-0.15694963831378228
19.061,-0.17749992881021529
19.062,-0.08831136467645771
19.063,-0.08675418965038281
19.064,-0.13642489039345457
19.065,-0.1252859399068476
19.066,-0.004041864115228541
19.067,-0.033800930253918345
19.068,-0.13698299278048992
19.069,-0.0913124734367652
19.07,-0.04323537831580537
19.071,-0.08832495145665947
19.072,-0.09012093412589053
19.073,-0.05860030037748794
19.074,0.02141456273292891
19.075,0.03497410214345732
19.076,-0.05151737542749496
19.077,0.017832804223614836
19.078,0.004102552934047238
19.079,-0.03643576117347018
19.080000000000002,0.008478469241804419
19.081,-0.03084893069399266
19.082,0.09909616345633122
19.083000000000002,0.12657955805780435
19.084,0.03576156121044906
19.085,0.0303913852545663
19.086000000000002,0.12126103949101777
19.087,0.1340775380159357
19.088,0.02127616758717959
19.089,0.0722580719723429
19.09,0.07827759992926833
19.091,0.04312946236260269
19.092,0.10028501293113683
19.093,0.04419008915326072
19.094,0.04928478652004812
19.095,0.06729048996515574
19.096,-0.007031587551131174
19.097,-0.04126466975855833
19.098,0.10076187325791229
19.099,0.010369014685635065
19.1,0.14601514657300324
19.101,0.1292125968762926
19.102,-0.003772991237163681
19.103,0.12914052571399923
19.104,0.049539442221618095
19.105,-0.03916481591984619
19.106,-0.14545182532586443
19.107,0.008816723260877929
19.108,-0.03290074855145618
19.109,-0.021293086601674432
19.11,-0.06210416820185688
19.111,-0.11495466788489778
19.112000000000002,-0.0854133031068037
19.113,-0.03414441942972345
19.114,-0.09164925888052913
19.115000000000002,-0.09538447842687897
19.116,-0.15569802174805986
19.117,-0.07643355409357033
19.118000000000002,-0.13673793845056592
19.119,-0.03424407891029578
19.12,-0.11479962153166891
19.121,-0.08972819086915919
19.122,0.0374396588469838
19.123,-0.08093099553041738
19.124,-0.08157153104043224
19.125,-0.0233838556356837
19.126,-0.13432703337970298
19.127,0.025695615962372624
19.128,0.021575754750040095
19.129,0.007208972447149731
19.13,-0.17850255039220975
19.131,-0.013123246926612283
19.132,-0.05430284198397481
19.133,0.07490618134501462
19.134,0.08042751998931302
19.135,0.05591150615080754
19.136,-0.015440018644314296
19.137,0.1270148661177808
19.138,0.04604749300637373
19.139,0.15547100106148581
19.14,0.08361224939484328
19.141000000000002,0.0998518057407306
19.142,0.05463569377680015
19.143,0.15006634888754972
19.144000000000002,0.11110801435760995
19.145,0.15268586805819068
19.146,0.08816298661271052
19.147000000000002,0.07458609012830796
19.148,0.10328690889814374
19.149,0.1412375092380214
19.150000000000002,0.11457634772325678
19.151,0.06440348129847556
19.152,-0.042405968952192806
19.153,0.08324428260692708
19.154,-0.037526016285575635
19.155,0.027372864092893967
19.156,0.01069806404996362
19.157,-0.06376170628936859
19.158,0.01629789466669517
19.159,0.0959707040546808
19.16,-0.036627503194985075
19.161,0.008338075729901456
19.162,0.07928665221993178
19.163,-0.003374774467756775
19.164,-0.08611068767851032
19.165,-0.048635120116793294
19.166,-0.04222752248877414
19.167,0.0005594630038481541
19.168,-0.014310647006770816
19.169,-0.2163535176347518
19.17,-0.12244113552109641
19.171,-0.08380524127537207
19.172,-0.1306338645776845
19.173000000000002,-0.26333875855143796
19.174,-0.11200046607795763
19.175,-0.07224262499165282
19.176000000000002,-0.09367693473306797
19.177,-0.11168303768631455
19.178,-0.05333566064304211
19.179000000000002,-0.03106630515533397
19.18,-0.06380061605731695
19.181,0.036619658788848486
19.182000000000002,-0.0202413923282123
19.183,-0.05754724806335346
19.184,-0.06085410796042788
19.185,-0.005871539673215332
19.186,0.0697823692267494
19.187,-0.017937178150758595
19.188,0.061852818091615455
19.189,0.04515259722035127
19.19,0.14789147997478821
19.191,0.0748792873224843
19.192,0.02682597574922422
19.193,0.10407252266633438
19.194,0.11034239104323153
19.195,0.05558562125683336
19.196,0.01978975808400177
19.197,0.10626840067955384
19.198,0.08302331212084503
19.199,0.0032999840694082766
19.2,0.09004288665986711
19.201,0.042591373014293825
19.202,-0.005239975122122861
19.203,0.0480625567098677
19.204,0.12403926736234867
19.205000000000002,0.11369806912422778
19.206,0.09330228294035134
19.207,0.051465392955992686
19.208000000000002,0.059312084131970755
19.209,0.02556948243956345
19.21,-0.043781042757775085
19.211000000000002,-0.043123653999844844
19.212,-0.03755341014439144
19.213,0.053630894536465454
19.214,0.028385272167852478
19.215,-0.08810070749534228
19.216,-0.039620989902953596
19.217,-0.07001814487819952
19.218,-0.06454908952235186
19.219,-0.08971658798473732
19.22,0.0021196885249826214
19.221,-0.07341870626077593
19.222,-0.06497306387699972
19.223,-0.06682937756542097
19.224,-0.13061530222100134
19.225,-0.0738908580465536
19.226,-0.025200889138515613
19.227,-0.0026010767391249356
19.228,-0.13049512299312221
19.229,-0.14489664778907155
19.23,-0.060772999153857046
19.231,-0.0024549509266824504
19.232,-0.03317317864475422
19.233,-0.009674488439116516
19.234,-0.10363884663927762
19.235,-0.05567509620894548
19.236,-0.1279609752665636
19.237000000000002,-0.01611284764590179
19.238,-0.10791243269223982
19.239,0.07621059345365033
19.240000000000002,0.09646161427527325
19.241,0.0346338183373514
19.242,-0.03953016763454841
19.243000000000002,0.06287972539011237
19.244,0.14443506570660986
19.245,0.08193675053701484
19.246,0.1232662278084106
19.247,0.044740782189352096
19.248,0.029467218746686244
19.249,0.07250480700752233
19.25,-0.018316875259183255
19.251,0.19211687899667607
19.252,0.08570071120283154
19.253,0.12077744895443784
19.254,0.052016895787055414
19.255,-0.005442748935401254
19.256,0.13863432781064716
19.257,0.005843991972193728
19.258,0.07334314973747075
19.259,0.07113955814299218
19.26,0.045094557654631516
19.261,-0.0059880769011962445
19.262,0.017148811932901385
19.263,-0.03181877979188043
19.264,0.04698351678059186
19.265,0.025856743474059973
19.266000000000002,-0.012994569883456325
19.267,-0.04937760614898054
19.268,0.07566303734554877
19.269000000000002,-0.10313571290834676
19.27,-0.12306499212282229
19.271,-0.05710128965506018
19.272000000000002,-0.07233630374034634
19.273,-0.01016567529466575
19.274,-0.03745074091388383
19.275000000000002,-0.07202837381861786
19.276,-0.051220909102110065
19.277,-0.05381045720711175
19.278,0.02665307621784442
19.279,-0.06537977079246476
19.28,-0.11054917118957575
19.281,-0.06396368450554187
19.282,-0.201198563870199
19.283,-0.0673056442729023
19.284,-0.005529342289930593
19.285,-0.023747116552130278
19.286,-0.03186654249582104
19.287,-0.0066282451080990346
19.288,0.02431244745977102
19.289,0.049072971884108765
19.29,0.009148044782723457
19.291,-0.019887814997534017
19.292,-0.11056339511404457
19.293,0.06314197617657259
19.294,0.048913973872680705
19.295,0.03938440998599701
19.296,0.005505097450119616
19.297,0.09576789767929222
19.298000000000002,0.0415929092384991
19.299,0.05892440279370128
19.3,0.06319816892510617
19.301000000000002,0.092930152233633
19.302,0.016472983093596794
19.303,0.10447885402036294
19.304000000000002,0.041699877705628226
19.305,0.04377473955378933
19.306,0.12157118132593048
19.307000000000002,0.02573650569964467
19.308,0.11679885041892646
19.309,0.07383380257142731
19.31,-0.01845604760056785
19.311,0.12649417182588274
19.312,0.06729469969453168
19.313,0.0642887734701199
19.314,0.08713345016602136
19.315,0.10341755898203558
19.316,0.029804229850514882
19.317,0.04164494641972357
19.318,0.02022271338361219
19.319,-0.02461623618608596
19.32,-0.09567407295045711
19.321,-0.014554262173398658
19.322,0.035200916533613194
19.323,-0.012556152018833755
19.324,-0.10249222473451805
19.325,-0.000962941611739293
19.326,-0.07725781665695965
19.327,-0.17147663989426742
19.328,-0.020147064190309788
19.329,-0.12149702234401684
19.330000000000002,0.01264737190474588
19.331,-0.020107388676514848
19.332,-0.0889241714934389
19.333000000000002,-0.05353542466130935
19.334,0.046777582320114655
19.335,-0.021307831457135017
19.336000000000002,-0.05530623651723876
19.337,0.08225836472941658
19.338,-0.05044797831368992
19.339,-0.02058989608992634
19.34,-0.08916277435865856
19.341,-0.11817872672840603
19.342,-0.040452043003141376
19.343,-0.015404886062373654
19.344,0.008109713246399784
19.345,-0.07025879647437488
19.346,0.04283281889060453
19.347,-0.022789729975371233
19.348,0.05783474309152288
19.349,0.08243146578726343
19.35,0.023701351251286116
19.351,0.002474859245755516
19.352,0.13433574987646807
19.353,0.10649569999115457
19.354,0.07527684938360611
19.355,0.14499228901550348
19.356,0.07863850958657108
19.357,0.04532661172093344
19.358,0.02709000479332476
19.359,0.07154396815809402
19.36,0.11421821885749586
19.361,0.14277627047793773
19.362000000000002,0.07111053156438182
19.363,0.12627522839335975
19.364,0.049686629109157096
19.365000000000002,0.015270805019436187
19.366,-0.017761115276637027
19.367,0.014793632655849272
19.368000000000002,-0.03132594390160265
19.369,0.12414452290670308
19.37,0.03687300831959865
19.371,0.0011648374980878506
19.372,0.0830048559003516
19.373,-0.07720294413220699
19.374,-0.027770611398766108
19.375,0.07053835450636851
19.376,-0.04476969572177619
19.377,0.07717201991699066
19.378,-0.01286351686606392
19.379,0.006899254664078119
19.38,0.0029021340432958814
19.381,-0.06832559887926193
19.382,-0.09643442953708467
19.383,-0.08041951197653255
19.384,-0.12558754277616296
19.385,-0.08008072027931204
19.386,-0.07648574804938367
19.387,0.009764649738854284
19.388,-0.042435817286495675
19.389,0.049621681413998975
19.39,-0.17195300187281037
19.391000000000002,-0.11941448497365464
19.392,-0.07011097444482951
19.393,0.02921863136877132
19.394000000000002,-0.04332425854420937
19.395,-0.10315746693661565
19.396,-0.03353609602475274
19.397000000000002,-0.07238372504639462
19.398,-0.07324034010072064
19.399,0.10537241044578077
19.400000000000002,-0.0032380022042133236
19.401,0.031710032021704866
19.402,0.026793050524954277
19.403,0.026817584279967548
19.404,0.0047643904646321525
19.405,0.03802250687580206
19.406,0.07643164424229397
19.407,0.13569348418185054
19.408,0.1164303322951275
19.409,0.011448158742892456
19.41,0.12417151191734033
19.411,0.0998287258752234
19.412,0.045083602626060065
19.413,0.08463504495629043
19.414,0.10231412273150087
19.415,0.07320669251014465
19.416,0.09104486034319162
19.417,0.019141250924434743
19.418,0.1563297607016911
19.419,-0.046155899730571125
19.42,0.0721301801069968
19.421,0.053911948744128343
19.422,0.059569882847289854
19.423000000000002,-0.016521506835644736
19.424,0.06857421648365962
19.425,-0.004203068270088571
19.426000000000002,-0.06704592361256304
19.427,-0.07129644738120337
19.428,-0.018909473896406907
19.429000000000002,-0.11320933901775143
19.43,0.04886719802550205
19.431,0.004083814737909107
19.432000000000002,0.03644558898792599
19.433,0.02539974484832362
19.434,-0.08320268493105176
19.435,-0.11310319955236048
19.436,-0.2065929878167776
19.437,-0.0950800618588625
19.438,0.012481944545605334
19.439,-0.11718011531236727
19.44,-0.08522567775254677
19.441,-0.10037037162546139
19.442,-0.0508037336613451
19.443,-0.001203288200117919
19.444,-0.1375206650394785
19.445,-0.12216871127669038
19.446,0.02608410681685197
19.447,-0.004398122724524389
19.448,-0.046262131964684206
19.449,0.06027513369218873
19.45,-0.08477404718979219
19.451,0.03881866885302636
19.452,-0.002270266041585154
19.453,0.04033300677203437
19.454,-0.1006292822232233
19.455000000000002,0.01415380342591242
19.456,0.07211106227397723
19.457,0.03969731064732068
19.458000000000002,0.11262717578515902
19.459,0.11726063882690443
19.46,0.01377326764829085
19.461000000000002,0.10757917345460447
19.462,0.020507395285776095
19.463,0.07563371706557437
19.464,0.10752511304509607
19.465,0.033709451722058886
19.466,0.11453397288808054
19.467,0.04859748833745342
19.468,0.04249022431662794
19.469,0.10353237807373195
19.47,0.022137070542233017
19.471,0.014450175028887118
19.472,0.10489760706994547
19.473,0.0515895435998338
19.474,-0.03385601084993604
19.475,0.07378777670382129
19.476,0.0024072243107543696
19.477,-0.05599179808751292
19.478,-0.11997689750966713
19.479,0.04171894136659055
19.48,-0.05523700322820245
19.481,-0.08305021248169132
19.482,0.002786470013695228
19.483,0.0031860469361551375
19.484,-0.08386369135811017
19.485,-0.00566479134962225
19.486,0.04536959204001755
19.487000000000002,0.004673432306364619
19.488,-0.007525477365275063
19.489,-0.054863847272853095
19.490000000000002,-0.09527380238620486
19.491,-0.07739110142428249
19.492,-0.05303956424856354
19.493000000000002,-0.13739684373078967
19.494,-0.11140778996326713
19.495,-0.1417387470625765
19.496,-0.05503564454255791
19.497,-0.05816664088127399
19.498,-0.08962184658578416
19.499,-0.009845126561591033
19.5,-0.09628502743600359
19.501,-0.07112716660682722
19.502,0.010312432304061349
19.503,0.026040971922981188
19.504,-0.051594301831557624
19.505,0.008545146781989029
19.506,-0.03320786685803692
19.507,0.004572275391676988
19.508,0.030135156111549908
19.509,0.0591457525330501
19.51,0.0547569749101406
19.511,0.05974946296443819
19.512,-0.001259715257518744
19.513,0.0779240609399457
19.514,0.09109941930741891
19.515,0.10215060851616903
19.516000000000002,0.03495045908439898
19.517,0.11894915526933911
19.518,0.008541840557450858
19.519000000000002,0.053070103448377995
19.52,0.06001377409060786
19.521,0.008831036255394359
19.522000000000002,0.05458651397896944
19.523,0.0764149234681496
19.524,-0.030628151201824376
19.525000000000002,0.03541128990431893
19.526,-0.03854703592458832
19.527,0.1440060986072554
19.528,0.04503472915278452
19.529,0.03271140356588636
19.53,0.029672498203362964
19.531,0.0396981485636802
19.532,0.04965617162963706
19.533,-0.08615961022365418
19.534,0.04891033165097296
19.535,0.03730853585273669
19.536,-0.03633629546537075
19.537,-0.04653304566114093
19.538,-0.20274943077854185
19.539,-0.11616638971349463
19.54,-0.033633126979288726
19.541,-0.004329783682777574
19.542,-0.031814560765257294
19.543,-0.0749952584494686
19.544,0.02311400016708766
19.545,-0.02388126975791552
19.546,-0.0937692475222673
19.547,0.03611097490618376
19.548000000000002,-0.1257136673105924
19.549,-0.1414314070817877
19.55,-0.0848947767024412
19.551000000000002,-0.09689318493214336
19.552,-0.07151860672823507
19.553,-0.0069462962802287476
19.554000000000002,-0.04148540298162915
19.555,-0.032591307694893885
19.556,-0.02118536861696098
19.557000000000002,-0.13136279046204363
19.558,-0.08291637723156588
19.559,-0.017730739945532138
19.56,-0.03194824966112757
19.561,0.0071279481125387945
19.562,0.09718125020385945
19.563,0.03113450966183073
19.564,-0.023853138039209576
19.565,0.009412913619910028
19.566,0.14072999411297732
19.567,0.13719558715179322
19.568,0.09489713602675558
19.569,-0.00938796179156827
19.57,0.08676021023074725
19.571,0.09230283319041527
19.572,0.07508425071614565
19.573,0.04497811797460266
19.574,0.054005674632229744
19.575,0.037816082259475074
19.576,0.009251389528694157
19.577,0.13059225220945836
19.578,0.10133929255331711
19.579,0.037121089520277074
19.580000000000002,0.062414716981848264
19.581,0.05711412698919399
19.582,0.1470807822076537
19.583000000000002,0.06546306989551248
19.584,0.055173527634226595
19.585,0.006752813259093738
19.586000000000002,-0.025512032334409216
19.587,0.05675597343782478
19.588,0.011819638692193622
19.589,-0.07039528391151945
19.59,-0.013946986010719791
19.591,-0.0019847531942121244
19.592,-0.15525172701339132
19.593,-0.10248719808017681
19.594,-0.04335770124147811
19.595,-0.1619971257908745
19.596,-0.15745014762713627
19.597,-0.08508154334425146
19.598,-0.04840855697358551
19.599,-0.0465170818514903
19.6,0.006305403909265775
19.601,-0.06710607752227277
19.602,-0.08727541947024765
19.603,-0.13048900049227974
19.604,-0.07993433544573056
19.605,-0.020073397682782934
19.606,-0.011798408672780293
19.607,-0.029509222094298786
19.608,-0.008103653674773368
19.609,0.03612635260254195
19.61,-0.015784132750490638
19.611,0.05722939155580891
19.612000000000002,-0.03890771582483326
19.613,0.002353160790633404
19.614,-0.009517433027532614
19.615000000000002,0.0624621905023593
19.616,-0.019912772477674156
19.617,0.022279557727694365
19.618000000000002,-0.04759174181243664
19.619,0.08150639154392372
19.62,0.11980595141055497
19.621,0.10788604093461401
19.622,0.10700458284189854
19.623,0.11144903870165723
19.624,0.10661035165910221
19.625,0.10350371543492895
19.626,0.10688396050378135
19.627,0.03930290724912763
19.628,0.06023259884666134
19.629,0.07094207217352173
19.63,0.046903850046541774
19.631,-0.019243654884907965
19.632,-0.008108356309572934
19.633,0.05897390917397719
19.634,0.0859449841883963
19.635,0.03374672707576891
19.636,0.16368845604346233
19.637,-0.028720567968486925
19.638,0.03110022721685093
19.639,0.06488029716094687
19.64,0.045070238318158665
19.641000000000002,0.016122761308471494
19.642,0.0286979644676516
19.643,-0.02988362478145533
19.644000000000002,0.04310560336875891
19.645,0.017289420675517142
19.646,-0.09566094522819818
19.647000000000002,-0.04241823650797935
19.648,-0.14049978300240845
19.649,0.009188535544917664
19.650000000000002,-0.058531393062364406
19.651,-0.004183671376325096
19.652,-0.07798132839958724
19.653,-0.16521788807772675
19.654,0.06057096169416677
19.655,-0.0626534145831016
19.656,-0.11617544447797556
19.657,-0.004923165220794515
19.658,0.04439133254529563
19.659,-0.06192434661613467
19.66,-0.05045364256360829
19.661,-0.02665377641268759
19.662,-0.08664054530949987
19.663,-0.057735796565698175
19.664,0.07410002564269451
19.665,-0.013197133051380138
19.666,-0.03996792591631877
19.667,-0.01222533668940488
19.668,0.07233816332773779
19.669,-0.07203890378196304
19.67,0.047175142515180256
19.671,0.16476222139825414
19.672,0.14983580034623276
19.673000000000002,0.08290576012375286
19.674,0.125280343503505
19.675,0.12919021075849998
19.676000000000002,0.061064884511103576
19.677,0.11617566698541569
19.678,0.16097836607642824
19.679000000000002,0.008987251929653259
19.68,0.10063874963706525
19.681,0.08852101990864676
19.682000000000002,0.07327586444028633
19.683,0.0655815737841721
19.684,0.07227299551173628
19.685,0.07147274752295842
19.686,0.10586381441368545
19.687,0.06731171313822881
19.688,0.027548268978128218
19.689,-0.013097305949762363
19.69,-0.0026619355442337247
19.691,0.025794285132485537
19.692,-0.0309638981775747
19.693,0.04318084925288694
19.694,0.008997361187615167
19.695,0.03645451397001072
19.696,-0.060590147573806666
19.697,-0.07773159898216209
19.698,0.013597548181113542
19.699,-0.04313611265650742
19.7,-0.0655011892649551
19.701,-0.025417988415348987
19.702,-0.03142011415097881
19.703,-0.13053146098677415
19.704,-0.0008264096391039366
19.705000000000002,-0.09192756982534711
19.706,0.013230143522759558
19.707,-0.13782210683732155
19.708000000000002,-0.05366807744547666
19.709,-0.07625441701031785
19.71,-0.16224817614420906
19.711000000000002,-0.02621533829321769
19.712,-0.15014857861740408
19.713,-0.06261942853377689
19.714,0.013753094766144565
19.715,-0.060818235810814386
19.716,-0.0718887993660347
19.717,0.021295007442983065
19.718,-0.02296467173511964
19.719,-0.02236656141424957
19.72,0.07003686165174938
19.721,-0.043766090982126755
19.722,-0.00027665167332583535
19.723,0.07381551892947148
19.724,-0.02373840652006902
19.725,0.13346707725741483
19.726,0.04007897865056265
19.727,0.10016471676466857
19.728,0.10479669847997247
19.729,0.05745175912271002
19.73,0.04410809813606048
19.731,0.06796347735061667
19.732,0.10683146371105566
19.733,0.021979539582461932
19.734,0.010258352382976163
19.735,0.14278142553759565
19.736,0.02903396355738113
19.737000000000002,0.07978068276977465
19.738,0.04741178720029347
19.739,0.04428311257113558
19.740000000000002,0.11763319047622359
19.741,0.035159356341016385
19.742,0.014339999323084527
19.743000000000002,0.011018385635117197
19.744,-0.008680494327899572
19.745,-0.02524785714335047
19.746,-0.02506178704161243
19.747,0.07472967811649149
19.748,0.01892196428883214
19.749,-0.04190092260344336
19.75,0.016796136999571533
19.751,-0.11884355467464322
19.752,0.022650198885539638
19.753,0.012613029722231418
19.754,0.05438231873837369
19.755,-0.011352393964925642
19.756,-0.04370813858402438
19.757,-0.0037472401933066057
19.758,-0.1013863010301406
19.759,-0.09069109689184973
19.76,-0.07397886883705837
19.761,-0.0011933486653842723
19.762,-0.11034255921489701
19.763,-0.11263256180597422
19.764,-0.048795041691697225
19.765,-0.02000376689081658
19.766000000000002,-0.08552426513478181
19.767,-0.010647168682550112
19.768,0.03106038867666254
19.769000000000002,0.0299841923276365
19.77,-0.004642511240403123
19.771,-0.0188010039683746
19.772000000000002,0.08073947246450582
19.773,0.0030377359030737973
19.774,0.05755976215900638
19.775000000000002,0.11658178805799639
19.776,0.06829602682949652
19.777,-0.015826124138505412
19.778,-0.020899166915661287
19.779,0.03262512425693084
19.78,0.08877851535925602
19.781,0.08060251369187552
19.782,0.1729702366988049
19.783,0.08775681885649815
19.784,0.05210842905943194
19.785,0.013344725236002164
19.786,0.12959917992652706
19.787,0.06986647994444789
19.788,-0.006512436512716782
19.789,0.06758473507447017
19.79,0.013446516841954706
19.791,0.03784285771559112
19.792,0.054512246117672324
19.793,0.003276461972147475
19.794,0.017820120874983733
19.795,-0.0019178455720212442
19.796,-0.00797309332910863
19.797,-0.03028785683808601
19.798000000000002,-0.01207728036198995
19.799,-0.040889092186484205
19.8,0.024910346896123266
19.801000000000002,-0.0025791540727171935
19.802,0.0390937238307284
19.803,0.06595820140931354
19.804000000000002,-0.0018511815666980846
19.805,-0.020083045103402607
19.806,-0.011800836808336795
19.807000000000002,-0.031067912645886573
19.808,-0.05671474821066312
19.809,-0.0646998402561709
19.81,-0.11745243105552672
19.811,-0.026642027380776083
19.812,-0.07142529873301386
19.813,0.0023065030060946262
19.814,-0.02375401850491339
19.815,-0.0991917297724029
19.816,-0.0030075886991445394
19.817,-0.1899274646337201
19.818,0.03892449565053907
19.819,-0.11941336814069023
19.82,-0.021918280035685862
19.821,-0.018844839423482015
19.822,0.022980157028829593
19.823,-0.0421757187395809
19.824,-0.12520025268789667
19.825,-0.026228344208580306
19.826,-0.012629078809733789
19.827,-0.09591798318149342
19.828,0.016929144978835627
19.829,-0.031218589868975757
19.830000000000002,0.06262712098621141
19.831,0.025048591781427293
19.832,0.14206906009862058
19.833000000000002,0.03725752032369341
19.834,0.07694537221588085
19.835,0.049365211945822274
19.836000000000002,-0.017381020349267945
19.837,0.056429425494011205
19.838,0.10629814715799815
19.839000000000002,0.09974240925919121
19.84,0.055034418728311336
19.841,-0.0040460241594822005
19.842,0.0991606709426304
19.843,0.08513597327556494
19.844,0.10267269151944114
19.845,0.0423044687803054
19.846,-0.033471027039016374
19.847,0.07147593312747566
19.848,0.037756031778498865
19.849,0.10069854040388154
19.85,0.025026208491218928
19.851,0.013469360297968596
19.852,0.028544834712350878
19.853,-0.030327560506174564
19.854,-0.040890852122514296
19.855,-0.021559431422903143
19.856,-0.0704824662707206
19.857,-0.04337388562871798
19.858,0.05804517754698967
19.859,0.006724710793500677
19.86,-0.03585044270283796
19.861,0.021195203032553026
19.862000000000002,-0.10199022712056531
19.863,0.0602591041833134
19.864,-0.08991804609840931
19.865000000000002,0.03159066605440694
19.866,0.030610279368114696
19.867,-0.15682505979701244
19.868000000000002,0.005340781125932198
19.869,-0.08012235104303336
19.87,-0.0913303612775155
19.871,-0.03283872438744245
19.872,-0.10479233385471301
19.873,-0.023874675846443608
19.874,-0.08991930728948438
19.875,-0.027342072890539408
19.876,0.03775184792562472
19.877,-0.00211361086612891
19.878,-0.03155991980516183
19.879,0.02155316519283942
19.88,-0.06771576848441804
19.881,-0.031248532181918767
19.882,-0.002883567729608582
19.883,0.06564770242530649
19.884,0.05390450367882046
19.885,0.06721576868521967
19.886,0.045370559237966165
19.887,0.012969931279211803
19.888,0.1316915552117684
19.889,0.026514999986352393
19.89,0.08562730051613862
19.891000000000002,0.06144778171864318
19.892,0.09665491050222857
19.893,0.038738084439145684
19.894000000000002,0.12120182166022228
19.895,0.1360922649784322
19.896,0.11442935902428969
19.897000000000002,0.0695360436811228
19.898,0.0358414323497879
19.899,0.19385383516756644
19.900000000000002,-0.0024076063369209005
19.901,0.08501245599809507
19.902,0.05080562336880533
19.903,0.02378672218015075
19.904,0.02855095835163411
19.905,-0.01410151666349505
19.906,0.024724479810627285
19.907,0.011132272233338025
19.908,0.12116136741295845
19.909,0.032986221713858524
19.91,-0.0023076767179379537
19.911,-0.006480200733297126
19.912,0.05005149413773969
19.913,-0.09653315485104567
19.914,-0.06257043183746629
19.915,-0.1534737632820536
19.916,-0.034057964072196974
19.917,-0.02261145797409249
19.918,-0.11692596878172007
19.919,0.0034088133600138903
19.92,-0.1045456652890383
19.921,-0.08503566591226992
19.922,-0.060308577829715604
19.923000000000002,0.0159615116363538
19.924,-0.10324183140271923
19.925,-0.04152288759942836
19.926000000000002,-0.012325224540617359
19.927,-0.01692354386683443
19.928,-0.008734165780521424
19.929000000000002,0.00594869579492998
19.93,-0.05254452867450584
19.931,0.06723746733577604
19.932000000000002,-0.01481887753996334
19.933,-0.013439334330446773
19.934,0.0741626596556544
19.935,-0.016815512599592596
19.936,0.03845201775212026
19.937,-0.0062909320158045096
19.938,0.16281063074638397
19.939,0.15876865217856886
19.94,0.04371078967392564
19.941,0.08042152806904222
19.942,0.05914192444418587
19.943,0.04509157987583926
19.944,0.07127926876525846
19.945,0.06514237036063772
19.946,-0.007913038818669255
19.947,0.08127984932033991
19.948,0.06508313294611387
19.949,0.08095086270721397
19.95,0.05870797374016087
19.951,0.040948263610692925
19.952,0.09828070036484882
19.953,0.07601189482027242
19.954,0.11329925785066158
19.955000000000002,0.06177789013595273
19.956,0.020197623503163974
19.957,0.05354118149424612
19.958000000000002,-0.08401299287543772
19.959,0.11231275571808552
19.96,0.01286389677156459
19.961000000000002,0.10039895407639589
19.962,-0.06013482794418938
19.963,-0.08016049752539953
19.964000000000002,-0.013259310038492535
19.965,-0.020258952959817677
19.966,-0.027776093206602778
19.967,-0.04108092216703253
19.968,-0.08676514817520425
19.969,-0.1338488336611018
19.97,-0.0488220842096871
19.971,-0.1296380857672807
19.972,-0.1359834808980659
19.973,-0.0868632237985954
19.974,-0.04606169959113303
19.975,0.03296209090723498
19.976,-0.015378839612713226
19.977,0.010289312758584579
19.978,-0.024873393294514268
19.979,-0.03460680346654674
19.98,0.07767506723103683
19.981,-0.10776799282263952
19.982,-0.05572614128513778
19.983,-0.044782364328494056
19.984,0.024079111892172225
19.985,-0.06183207393603939
19.986,0.033158264183693095
19.987000000000002,0.0319151009503815
19.988,0.05150203975465614
19.989,0.05834518887380388
19.990000000000002,0.10298992435434182
19.991,0.0307407623326199
19.992,0.06637570284725242
19.993000000000002,0.009154478814127169
19.994,0.003219831678505043
19.995,0.1444669138023273
19.996,0.01960827484740392
19.997,0.09543674061794635
19.998,0.0922052086470914
19.999,0.12577796224260301
20.0,-0.015429936737804267
20.001,0.11156112091881228
20.002,0.06269634292919508
20.003,0.033295883497754
20.004,0.047572263674096435
20.005,0.10794606431803676
20.006,0.08789209316832325
20.007,0.03945078180947113
20.008,-0.017221296869590966
20.009,-0.020351258138511935
20.01,0.06361616961091264
20.011,-0.04538874497245779
20.012,0.004872474246417449
20.013,0.1369702473172444
20.014,0.01799421693975139
20.015,0.024300196205359642
20.016000000000002,-0.07351254330475442
20.017,-0.08918908436763583
20.018,0.00499056544058122
20.019000000000002,-0.05541196421665081
20.02,0.011464911789887906
20.021,-0.04532786652809755
20.022000000000002,0.12079103399271558
20.023,-0.08439756229433815
20.024,-0.04423992073792309
20.025000000000002,-0.10543933138358938
20.026,-0.010256530338670092
20.027,-0.04004114843860035
20.028,-0.10940779668346437
20.029,-0.07557967660380792
20.03,0.011400691354103723
20.031,0.008775128248843932
20.032,-0.12034002078240286
20.033,-0.06797737134350589
20.034,0.0520151204909463
20.035,-0.041184437622635996
20.036,-0.016906386602516636
20.037,0.03244273473976589
20.038,-0.07801175732605314
20.039,-0.05066535829266397
20.04,-0.012025818723390095
20.041,0.07223823590430672
20.042,0.07074334372906914
20.043,0.06328474200366113
20.044,0.027569217598781438
20.045,0.09782638059656164
20.046,0.040032337191705826
20.047,0.0822888571997713
20.048000000000002,0.10404872469347184
20.049,0.14760513242936363
20.05,0.06346707593262749
20.051000000000002,0.05082561130659766
20.052,0.13549985542033932
20.053,0.1402215222780462
20.054000000000002,0.04442402606039014
20.055,0.015386856853269494
20.056,0.12973153561878514
20.057000000000002,-0.016043806224611268
20.058,-0.022175171600808882
20.059,0.04468174496340161
20.06,0.05311990776895371
20.061,-0.010757846577779603
20.062,0.046994898621081964
20.063,0.042394809653013066
20.064,-0.002176388827537748
20.065,0.11598981253258914
20.066,0.02808404660406872
20.067,0.055212126995255885
20.068,-0.08181129270260835
20.069,-0.08990369471827132
20.07,-0.0010865125601682152
20.071,0.06156043292923097
20.072,-0.08833917428439517
20.073,-0.03680897686268601
20.074,-0.11125916967103562
20.075,-0.09027722405904053
20.076,-0.048780990279664996
20.077,-0.0863502268570763
20.078,-0.1294266956441837
20.079,-0.1320917888689031
20.080000000000002,-0.1606353488401691
20.081,-0.04222999939755964
20.082,-0.03499377595511681
20.083000000000002,-0.03316492318250576
20.084,-0.10530633723131885
20.085,-0.0057810846748948055
20.086000000000002,-0.01619927302108211
20.087,-0.045924419297809126
20.088,-0.048245549789912884
20.089000000000002,-0.06642029970410726
20.09,-0.017451300916145426
20.091,0.06107828557002215
20.092,0.04465371222184014
20.093,-0.017339087446868514
20.094,0.030172254361344915
20.095,-0.04410852076091756
20.096,0.05503375760477983
20.097,-0.01570368803234074
20.098,0.06730141725730152
20.099,0.18773676066712794
20.1,0.016732737905976913
20.101,0.1966976259119483
20.102,0.07971409060502399
20.103,0.021563178288133415
20.104,0.022318158216787266
20.105,0.182527958302943
20.106,0.090231706723277
20.107,0.03767202868560339
20.108,0.05529424553389618
20.109,0.08559132131339336
20.11,0.06131929000336954
20.111,0.07590264839090477
20.112000000000002,0.14333393108409342
20.113,-0.006451269258848348
20.114,0.07678603718537053
20.115000000000002,0.03490491177687107
20.116,0.00706385137193042
20.117,0.07865250765699627
20.118000000000002,-0.05534213999793298
20.119,-0.10814853468131774
20.12,0.013706696594989288
20.121,-0.012152989194789333
20.122,-0.08053487302317563
20.123,-0.10588768954598672
20.124,0.06898787928561914
20.125,-0.011194023575640831
20.126,-0.039687106894073926
20.127,0.06333156895951832
20.128,-0.000446300368013193
20.129,0.032508499606374766
20.13,-0.11858567186811678
20.131,-0.12326720758319099
20.132,-0.03349199607515731
20.133,-0.044681056996377616
20.134,-0.003081012096386275
20.135,-0.14635768877325928
20.136,-0.02799920298047997
20.137,-0.011206142035204598
20.138,-0.010516104087024379
20.139,-0.07352565872180883
20.14,-0.022394833211093777
20.141000000000002,-0.08157890164335303
20.142,-0.05132612138852219
20.143,-0.08220530136156388
20.144000000000002,-0.0609598171716507
20.145,-0.027728191385352884
20.146,-0.032667368405134546
20.147000000000002,-0.03839178002139856
20.148,-0.05776072298687931
20.149,0.11284250885121927
20.150000000000002,-0.0028788866919275367
20.151,0.045700628612132595
20.152,-0.052098717752177365
20.153,0.10988283173407885
20.154,0.05592728256869789
20.155,0.03028624681688577
20.156,0.03490806807113106
20.157,0.10353779207245836
20.158,-0.0850148400155943
20.159,0.023138232169691964
20.16,0.059213826572053235
20.161,0.058558801658519115
20.162,0.18937897098451642
20.163,0.04537422833735271
20.164,0.10904829905003464
20.165,0.1465831921705911
20.166,0.08522385802684272
20.167,0.01298431297851485
20.168,-0.02320867846385457
20.169,0.07206421350597177
20.17,0.1103448961793761
20.171,0.04830772623762673
20.172,0.0753112422296454
20.173000000000002,0.13568051350666982
20.174,0.04031550925265464
20.175,-0.06419659451092158
20.176000000000002,-0.014094110504856407
20.177,0.044614060814216885
20.178,-0.04325274291508999
20.179000000000002,0.03798218967040639
20.18,-0.04662226835022268
20.181,-0.031931262092326856
20.182000000000002,-0.07088594507550858
20.183,-0.04933486872232744
20.184,-0.04986031649339792
20.185,-0.1432456113284517
20.186,-0.08636697960632908
20.187,-0.12652960662438956
20.188,-0.08491195753673264
20.189,-0.10311216444442495
20.19,-0.010687442471314264
20.191,-0.007189086323600727
20.192,-0.026621616815251523
20.193,-0.11354434798254169
20.194,-0.04990451010693576
20.195,-0.10657507917772364
20.196,-0.040259610012453415
20.197,0.006247491960030143
20.198,0.03061033275086934
20.199,0.012034917800881992
20.2,0.05886074120927094
20.201,0.016522310766397572
20.202,-0.0005981121796510072
20.203,0.06215241564092514
20.204,0.07092495305478623
20.205000000000002,0.0061683765484773015
20.206,0.057652678177358474
20.207,0.029778257702145913
20.208000000000002,-0.0507612986693273
20.209,0.07616135516346126
20.21,-0.006830994936666716
20.211000000000002,0.0772456681909113
20.212,-0.013831441222601853
20.213,0.02818141791825645
20.214000000000002,0.04283060623873833
20.215,0.12405304072881987
20.216,0.03586565627089423
20.217,0.006505841184567172
20.218,0.07535488687010483
20.219,0.042385779066811416
20.22,0.08812703536407004
20.221,-0.007298504148576149
20.222,0.04794000787176085
20.223,0.15446437338548227
20.224,0.012186309166012925
20.225,0.026320924514098912
20.226,-0.07346460811234604
20.227,-0.04058762934401507
20.228,0.017496042151086542
20.229,-0.029457349502975162
20.23,0.010468560755368735
20.231,-0.006014497642786467
20.232,-0.09979246626217511
20.233,0.01071477853777001
20.234,-0.10778958144515047
20.235,-0.08887444828812312
20.236,-0.04342705084762235
20.237000000000002,0.019935600136336475
20.238,-0.11131680091207488
20.239,-0.05560238589560935
20.240000000000002,-0.05618006409420942
20.241,-0.031225075923078813
20.242,-0.004119869568693375
20.243000000000002,-0.08188082724144782
20.244,-0.008590649720064618
20.245,0.0106418060704941
20.246,0.03740143131077138
20.247,-0.02191023081881136
20.248,-0.03369837707141062
20.249,-0.059292448649609
20.25,-0.10201779461117516
20.251,-0.03607334313318351
20.252,-0.009363158127194288
20.253,-0.0130555379078115
20.254,0.029805506282283737
20.255,-0.06529056887043568
20.256,0.005712451410238822
20.257,0.12173541216278955
20.258,0.07865636870460321
20.259,0.06616443804546099
20.26,0.060877410670968496
20.261,0.028487566259514204
20.262,-0.036175404732320705
20.263,0.07844109224244221
20.264,-0.06354821856332626
20.265,0.04507090349216005
20.266000000000002,0.06279441433763248
20.267,0.04137760891284652
20.268,0.17218701073653192
20.269000000000002,0.15383870767688224
20.27,0.11240295303731387
20.271,0.011799907423693141
20.272000000000002,0.15064149434164897
20.273,0.08127279666079942
20.274,-0.0017130440275273662
20.275000000000002,0.04145974503620429
20.276,0.08164390675990243
20.277,-0.0027997617038754558
20.278,0.027228360792416598
20.279,0.028807509038527454
20.28,-0.04945303124382774
20.281,-0.015382932073911903
20.282,-0.06059035606257371
20.283,0.02680881133314043
20.284,-0.06910245982499418
20.285,-0.015854896190724728
20.286,-0.10627570213698631
20.287,-0.09925303002414915
20.288,-0.10689903516817974
20.289,-0.06684626530113587
20.29,-0.047187079953409726
20.291,-0.04103055242552678
20.292,-0.15012384259124112
20.293,-0.07133884658778702
20.294,-0.10096242404199954
20.295,-0.03637708463347682
20.296,-0.07525042847118063
20.297,-0.06384032554988603
20.298000000000002,-0.09415283996701454
20.299,0.03300368486560726
20.3,-0.11299868672123067
20.301000000000002,-0.063726229288881
20.302,-0.032678540314033486
20.303,-0.04442311253601647
20.304000000000002,-0.06341195026698068
20.305,-0.10881454962467174
20.306,-0.04557264230891393
20.307000000000002,-0.05158468347089467
20.308,0.08777428613989494
20.309,0.12442066288605912
20.31,0.015861782833838177
20.311,-0.044877679985458885
20.312,0.0688685833311197
20.313,-0.010924693428386305
20.314,0.016305077164003878
20.315,0.01734993801129539
20.316,0.02812113188346963
20.317,0.03902987076444604
20.318,-0.006073867357995963
20.319,0.026513011924428682
20.32,0.11377309115609496
20.321,0.06139426897415657
20.322,0.06876437832367824
20.323,-0.050548546223357485
20.324,0.106176963966339
20.325,0.021426186356368192
20.326,0.10804836698377804
20.327,0.054998227233196265
20.328,0.013966393695933513
20.329,-0.047613630888824844
20.330000000000002,0.13872724680964504
20.331,0.06344566731013418
20.332,0.05941719761932569
20.333000000000002,0.09996376845382429
20.334,0.012864293038437563
20.335,0.06189771105164334
20.336000000000002,-0.03695129819408277
20.337,0.016738747950418503
20.338,-0.05848200645720337
20.339000000000002,-0.05863231204251882
20.34,-0.034587819825667235
20.341,-0.10826004241292533
20.342,-0.033249968144581435
20.343,-0.0694626633432317
20.344,-0.15664201270407363
20.345,-0.08275540735820472
20.346,-0.07890685640883809
20.347,-0.019943364566520155
20.348,-0.04839313622166226
20.349,0.010516531867906388
20.35,-0.03420320196878487
20.351,-0.08542895681720813
20.352,-0.05737622728472324
20.353,-0.06783860348288491
20.354,-0.02132185234098186
20.355,-0.03738533668884154
20.356,-0.06590596959372222
20.357,-0.02767665485478395
20.358,0.0017084811802802677
20.359,-0.06462399068111732
20.36,0.008789390121535755
20.361,-0.07865903089866472
20.362000000000002,0.06288298939966892
20.363,0.041184845226927023
20.364,0.10330391088466621
20.365000000000002,-0.027280147153917772
20.366,0.0915357598611687
20.367,0.08748238356530169
20.368000000000002,0.036848518271674846
20.369,0.031758853290809366
20.37,0.0002652016706607904
20.371,-0.009589821232396656
20.372,0.02252028314202044
20.373,-0.0011547668815359707
20.374,0.14212178760101046
20.375,-0.012924968679530718
20.376,0.06860722108231428
20.377,0.08108973453491601
20.378,0.07450465087480061
20.379,0.0754397298782393
20.38,0.09630927555329104
20.381,0.021833480111367508
20.382,0.04304109793792788
20.383,0.017988728128101143
20.384,0.09134847927685712
20.385,0.12441208611193334
20.386,-0.04734616780819964
20.387,-0.09644009384083041
20.388,0.0262684759903726
20.389,0.0440607238733251
20.39,0.0812545715752178
20.391000000000002,0.013395623306127345
20.392,0.039712419913623884
20.393,0.04676608781034173
20.394000000000002,0.03134378576289199
20.395,-0.002915269296906338
20.396,-0.11551223607133233
20.397000000000002,-0.05553780487038671
20.398,-0.043074267158838365
20.399,-0.06522125789235687
20.400000000000002,-0.06345937701205623
20.401,0.016333191040662998
20.402,-0.09948857943958256
20.403,-0.020463425121815496
20.404,-0.042530602240751975
20.405,-0.09836233138571528
20.406,-0.10568506639246773
20.407,-0.1325766513952298
20.408,-0.01823476847411682
20.409,-0.04009456805936561
20.41,-0.07213308309672273
20.411,-0.11813867533773077
20.412,0.004145656739871533
20.413,-0.01909447192095217
20.414,-0.03887048226416001
20.415,-0.04412461797005471
20.416,-0.0006474555737863829
20.417,0.04182649673319079
20.418,0.008617274303613344
20.419,-0.027869259974481808
20.42,0.034653676222380754
20.421,0.09531982503681856
20.422,0.04994265278110474
20.423000000000002,0.05557444379065214
20.424,0.039373028526798734
20.425,0.013907717488924505
20.426000000000002,0.014174315439319823
20.427,-0.021677637911867893
20.428,0.12072507855865199
20.429000000000002,0.084184985739816
20.43,0.06374352770880698
20.431,0.07213390004478727
20.432000000000002,0.0712770379561565
20.433,0.013771728767964432
20.434,0.029739794115234787
20.435,0.017164013699142302
20.436,0.16075582407457034
20.437,0.08002221802232073
20.438,0.030836339809324702
20.439,0.0838649083829865
20.44,0.07046186728108882
20.441,-0.06775089773783897
20.442,-0.01708404170950207
20.443,-0.013889351721723599
20.444,0.010554738545033738
20.445,-0.037890877186565725
20.446,-0.037916597764577904
20.447,-0.061898823907401104
20.448,0.008311836050849002
20.449,-0.12099479143090139
20.45,-0.07421322135362132
20.451,-0.1483167556032874
20.452,-0.11012714472491816
20.453,-0.044488950418423476
20.454,-0.04441006127075536
20.455000000000002,-0.0769029693471689
20.456,-0.004225394851120404
20.457,0.008928924366651304
20.458000000000002,-0.059773572129871534
20.459,-0.0405542341277217
20.46,-0.07173640000041089
20.461000000000002,-0.013122715634428163
20.462,-0.09891695389967126
20.463,0.056369398641563984
20.464000000000002,0.029826853931589802
20.465,-0.08049680677453362
20.466,-0.0530989544037328
20.467,0.014502125924533853
20.468,-0.016297681701622213
20.469,0.035008546791538725
20.47,-0.00313779934792029
20.471,0.09791861138348824
20.472,0.028637640192139595
20.473,0.1554024800765595
20.474,0.07018443137082793
20.475,-0.022298148589185107
20.476,0.15399338486936515
20.477,0.10841234804379413
20.478,0.07555674736698667
20.479,0.0911710983932247
20.48,0.0008649965290991532
20.481,-0.029255746010414557
20.482,0.05868056161915961
20.483,0.12867385575285878
20.484,0.07766496624446156
20.485,0.14068510850954613
20.486,0.11787431677716026
20.487000000000002,0.04871756739223427
20.488,0.10209312739323934
20.489,0.11366369496843322
20.490000000000002,0.027638266182328806
20.491,0.014638191788127182
20.492,0.025682583460669484
20.493000000000002,-0.10885670006441517
20.494,0.018679989738178228
20.495,0.033538747378115435
20.496,-0.0023619108943539018
20.497,0.000677102467415553
20.498,-0.02546840646591163
20.499,-0.12955967155657555
20.5,0.047419441680555875
20.501,-0.05960861849624163
20.502,-0.07704201001125237
20.503,0.017447675039929583
20.504,-0.005117047753969907
20.505,-0.04325268583880411
20.506,-0.020505668314192024
20.507,-0.11797783252576963
20.508,-0.06469653107691273
20.509,0.004500349359742986
20.51,-0.09285268231776804
20.511,-0.1068561722732856
20.512,-0.05016909294017003
20.513,-0.04541157734022468
20.514,-0.013856049300944313
20.515,-0.11022688645969944
20.516000000000002,-0.16330513016278334
20.517,0.016200031702011064
20.518,-0.07762675929754666
20.519000000000002,-0.0472722809990388
20.52,-0.11900121741488758
20.521,0.04837225033044113
20.522000000000002,0.02184485506216302
20.523,0.026876349639808006
20.524,0.0334183938677006
20.525000000000002,-0.0781378825823207
20.526,-0.018109143488095263
20.527,0.014409657354084428
20.528,0.004893231240651948
20.529,0.03350332240343118
20.53,0.06348636874701417
20.531,0.10488852028938567
20.532,-0.016807081105868545
20.533,0.058608129794742496
20.534,0.09565899612458595
20.535,0.014080816600159862
20.536,0.0500152963073894
20.537,0.08153430513929244
20.538,0.056515050076914444
20.539,0.08664193137619722
20.54,0.05391590950261349
20.541,0.02916037608397159
20.542,-0.018924617955928216
20.543,0.04648130860522047
20.544,0.03306544264364344
20.545,-0.028015274098185446
20.546,0.04399319552167876
20.547,0.07134819878956146
20.548000000000002,-0.03209772765139178
20.549,-0.042529324188401045
20.55,-0.05132206982583538
20.551000000000002,-0.10383091432712564
20.552,0.0738202223956259
20.553,-0.054987407884915095
20.554000000000002,-0.08115389129389235
20.555,-0.09972851635884611
20.556,-0.06734636057355627
20.557000000000002,-0.08660373072545853
20.558,0.01688149367347723
20.559,-0.11987806279472948
20.56,-0.13599396244061393
20.561,-0.03228911325679333
20.562,-0.06522385677175123
20.563,-0.07017068706934397
20.564,-0.02938817334703166
20.565,-0.04809070824764311
20.566,-0.054067259742434225
20.567,-0.11809699465988426
20.568,-0.12665020242870492
20.569,-0.07310333553060208
20.57,-0.08661378760979056
20.571,-0.012804641983060031
20.572,-0.10971054209798328
20.573,-0.03537276627383355
20.574,-0.014731880452309807
20.575,-0.0010433940587506658
20.576,0.027889193166324624
20.577,-0.0014968377662762308
20.578,-0.011862585160672807
20.579,0.09011848490000468
20.580000000000002,0.01788805851400453
20.581,0.1103716897855257
20.582,0.028138570644693942
20.583000000000002,0.0479470706637393
20.584,0.04551473749818522
20.585,0.06697990623516739
20.586000000000002,0.03662815846285689
20.587,0.06383359990871477
20.588,0.1361594724392866
20.589000000000002,0.11183109882602643
20.59,0.11112650283677922
20.591,-0.010609723800755477
20.592,-0.005149949461978803
20.593,0.06137145585829374
20.594,0.08495408858793901
20.595,0.01575547517277191
20.596,0.0015549805318529689
20.597,0.10034826132221533
20.598,0.05875161837349395
20.599,0.0708242088612876
20.6,-0.010924916022433232
20.601,-0.02178157053293988
20.602,0.04468059870995942
20.603,-0.02284257759226572
20.604,-0.04705475841340974
20.605,-0.06874685226145431
20.606,-0.05490586102521956
20.607,0.00856613668534429
20.608,-0.11603064608479416
20.609,-0.013892885694985098
20.61,-0.08492738309522539
20.611,-0.06351799194709404
20.612000000000002,-0.0630695897421588
20.613,-0.0687790390673426
20.614,-0.07328577223351722
20.615000000000002,-0.08152185502312778
20.616,-0.08743223297248183
20.617,0.008382086823643685
20.618000000000002,-0.054306075488309374
20.619,-0.059042809901214015
20.62,-0.08143889314678385
20.621,-0.06538741483323919
20.622,-0.07221426440257459
20.623,0.0034976002141104273
20.624,-0.06658637821383086
20.625,-0.13495947711451856
20.626,-0.013162944645761948
20.627,-0.023260145384851404
20.628,-0.031667037844081286
20.629,0.050143032267037015
20.63,-0.12523375440447898
20.631,0.09697079270425783
20.632,0.07735567784223052
20.633,-0.0006598348075787068
20.634,0.013898247560017424
20.635,0.06684670587034447
20.636,0.07280198082506652
20.637,0.01852147088598459
20.638,-0.027342856343801687
20.639,0.16172213613430084
20.64,0.10561159410640436
20.641000000000002,0.06661825922110394
20.642,0.06772387021182
20.643,0.08934788435101391
20.644000000000002,0.09387889245166182
20.645,-0.04973172584983404
20.646,0.03405227188566666
20.647000000000002,0.025153566183772257
20.648,0.035463773792779214
20.649,0.0771172757568416
20.650000000000002,-0.05641412658440444
20.651,-0.04030882002707052
20.652,-0.013252321205633612
20.653,0.021954228980550904
20.654,0.049051788156137935
20.655,0.08212041776193127
20.656,-0.020659471306970555
20.657,0.02837660236407647
20.658,0.015739113763301987
20.659,0.0009682059438449915
20.66,-0.0333128377581313
20.661,-0.05761388489093154
20.662,-0.09592454023522085
20.663,-0.1036613394251793
20.664,-0.033503777409933155
20.665,-0.056652429824927554
20.666,-0.0770352954108312
20.667,-0.02457151314224168
20.668,-0.06859074571826589
20.669,-0.1041718481467295
20.67,-0.07097773252447635
20.671,-0.014966806798510042
20.672,-0.10474810707736866
20.673000000000002,-0.039945192015052214
20.674,-0.04932327367368391
20.675,-0.08009526608924869
20.676000000000002,-0.051647267030497386
20.677,-0.1099810059974111
20.678,-0.019901535836951333
20.679000000000002,-0.08725945997194634
20.68,0.04121937148930551
20.681,-0.010212582350279633
20.682000000000002,-0.02734156966300053
20.683,0.0661200511703865
20.684,-0.03677182066563424
20.685,-0.01604213658962019
20.686,-0.06389590686522187
20.687,0.09888350124682513
20.688,0.13243019628058966
20.689,-0.040051055677576955
20.69,0.0070782343854847996
20.691,0.05493405345477801
20.692,0.028524460524570312
20.693,0.054859274334857114
20.694,0.05188219377398103
20.695,0.07867985262088202
20.696,0.009990143801688507
20.697,0.06660752508790921
20.698,-0.0006807362544274317
20.699,0.031924619220106185
20.7,-0.037651107808542646
20.701,0.024951283073101467
20.702,0.011912875262765223
20.703,0.08254268930174853
20.704,0.026729321279135028
20.705000000000002,0.029739118769881098
20.706,0.016089986897538166
20.707,-0.09587883571570933
20.708000000000002,-0.09604971598788108
20.709,-0.01896480304826935
20.71,0.004113212747486153
20.711000000000002,-0.028203751576213465
20.712,-0.066079423082916
20.713,-0.040990032456430237
20.714000000000002,-0.051024540046617065
20.715,-0.0009356150312603076
20.716,-0.008398217911348413
20.717,-0.0762672477126906
20.718,-0.0544683637804494
20.719,-0.040819885953258285
20.72,-0.03530106022935131
20.721,0.024973389108837216
20.722,-0.059391780265837885
20.723,0.000924496783662701
20.724,-0.11425254169908525
20.725,-0.08609278697688272
20.726,-0.1582145281425279
20.727,-0.04036441512879649
20.728,-0.011400663694780287
20.729,-0.1667914511730905
20.73,-0.024317229303433056
20.731,0.0022324354444850543
20.732,0.005520567034917854
20.733,-0.07519906168898936
20.734,0.02989499241786016
20.735,-0.0015327887776432922
20.736,0.034341565607134125
20.737000000000002,0.005215605292005716
20.738,0.03711770032660831
20.739,0.07983313635023163
20.740000000000002,0.02013711513426603
20.741,0.05008956692708353
20.742,0.10342182239699134
20.743000000000002,0.03875449298099462
20.744,-0.006999202639360595
20.745,0.08624647934699349
20.746,0.1266375657886907
20.747,0.12102440370857578
20.748,0.09324533767715217
20.749,-0.059594257833690135
20.75,0.025145318476178152
20.751,0.026245587746219535
20.752,0.05549348914109802
20.753,0.13470457210846568
20.754,-0.007386588556902059
20.755,0.15445828500485823
20.756,0.018357439836789412
20.757,-0.006260155839749489
20.758,0.06851614213166665
20.759,0.06628258762906653
20.76,0.04610212775795364
20.761,-0.03151543157828884
20.762,0.025318181777252518
20.763,-0.058201836302981064
20.764,-0.053034193989612066
20.765,-0.02437897495433386
20.766000000000002,-0.06682379456979276
20.767,0.02098029367544286
20.768,-0.06595811044877581
20.769000000000002,-0.052952109997429594
20.77,-0.09023867189080254
20.771,0.0019914113625129487
20.772000000000002,-0.08616641743215489
20.773,0.0019994988460467975
20.774,-0.003154273875998523
20.775000000000002,-0.07957821672549159
20.776,-0.05570749518714894
20.777,-0.07999762765749682
20.778,-0.02737139444522433
20.779,-0.06197353542524089
20.78,-0.06999714638686624
20.781,-0.04301137647301751
20.782,-0.12000513311049922
20.783,-0.039698836856299664
20.784,0.0020550229923274738
20.785,-0.017624847229926188
20.786,0.02928894351708619
20.787,-0.030675516975214645
20.788,-0.02813177161851458
20.789,-0.054321361248141214
20.79,-0.012054944095983481
20.791,0.11309834174199566
20.792,0.034945437667522186
20.793,-0.0020384909819954125
20.794,-0.017376796182239515
20.795,-0.04176063777598022
20.796,0.0013534458780498498
20.797,0.08494697944261187
20.798000000000002,0.02910037781595482
20.799,0.005311031562300096
20.8,0.012843208780098543
20.801000000000002,0.08899662722334961
20.802,0.052949841713516216
20.803,0.025356968474778474
20.804000000000002,0.04022015812560185
20.805,0.16408949879006568
20.806,0.11219138803682312
20.807000000000002,0.12135146917716028
20.808,-0.04363429570046544
20.809,0.03186194089973863
20.81,0.0020822427496684157
20.811,0.05594731455392157
20.812,0.075785158647845
20.813,0.03284387791579463
20.814,-0.03359833660099825
20.815,-0.029658386532272287
20.816,0.027743956125109926
20.817,0.026090290526811624
20.818,-0.009355076491035836
20.819,-0.016173615719734358
20.82,-0.026102427366768446
20.821,-0.02070221088175058
20.822,-0.003434239356402788
20.823,-0.01225624571532679
20.824,-0.04651224029100968
20.825,-0.053411816611277634
20.826,-0.05788817266281706
20.827,-0.09436472685491595
20.828,-0.09606071635546298
20.829,-0.029494477907171426
20.830000000000002,-0.09183701264995738
20.831,-0.014223649429489608
20.832,-0.05545762920672129
20.833000000000002,-0.009152560091767035
20.834,-0.014836222023324276
20.835,-0.00044734272029056665
20.836000000000002,-0.061736301930698595
20.837,-0.012276424150630825
20.838,0.009818551053011618
20.839000000000002,-0.09862572508471683
20.84,0.0703295490892127
20.841,0.10504756984679345
20.842,0.045730381163568604
20.843,0.045295802859657903
20.844,0.04100374975173991
20.845,0.001795999630310529
20.846,0.018610603865632923
20.847,0.07815570611348831
20.848,-0.01332419852763958
20.849,-0.01278742083535199
20.85,0.024736782305019266
20.851,0.08115396698780666
20.852,0.0081145406050218
20.853,0.04250051468103036
20.854,0.05005519905534224
20.855,0.0056488801270165034
20.856,-0.06566843334279876
20.857,0.004295469230879284
20.858,0.0672000300039759
20.859,0.07625148419358763
20.86,0.07373586590870673
20.861,0.07589518944508433
20.862000000000002,0.009871055115283328
20.863,-0.005631527434416306
20.864,0.04986015672348147
20.865000000000002,0.014801443045071503
20.866,0.06467694469616989
20.867,0.032061909579412226
20.868000000000002,0.07067800430029171
20.869,-0.02338279478691446
20.87,0.046682006750887704
20.871,0.08854542604162344
20.872,-0.016810355823080783
20.873,-0.000569814165379625
20.874,-0.07774465141614986
20.875,0.008234276396634502
20.876,0.015239023330823748
20.877,-0.07011169249629903
20.878,-0.019628694610779256
20.879,-0.03778452184336023
20.88,-0.034424921883263966
20.881,-0.014774345354474819
20.882,-0.03007747936863648
20.883,-0.06284634426428545
20.884,-0.0133360636955447
20.885,0.002245886878828568
20.886,-0.07866790363848822
20.887,-0.04795787163968841
20.888,-0.13255365639419633
20.889,-0.010583542795916417
20.89,0.026294373659450247
20.891000000000002,-0.04234576738524355
20.892,-0.017024518958027396
20.893,-0.028597174511897566
20.894000000000002,-0.0304333568875306
20.895,0.006871134771564433
20.896,-0.037385857808017384
20.897000000000002,-0.003401812965591347
20.898,-0.030447775308021438
20.899,0.05044488170133725
20.900000000000002,0.038872238781174864
20.901,0.010894232868423212
20.902,0.039406077414864
20.903,0.031092036968620604
20.904,0.10331649528787042
20.905,0.027427024617470364
20.906,0.08390226050872042
20.907,0.01884193246844157
20.908,0.0960198011322815
20.909,0.10761573815667498
20.91,0.10964956130865086
20.911,0.1278849113694863
20.912,0.0671175191055975
20.913,0.11183085353401759
20.914,0.12789343358144828
20.915,-0.01330951451349656
20.916,0.008151531978638216
20.917,-0.04147758748981648
20.918,0.08090157269042197
20.919,-0.053426910286343055
20.92,-0.07313792157535587
20.921,-0.04537693923641822
20.922,-0.08391260595329106
20.923000000000002,0.010082520200490183
20.924,-0.064229545476576
20.925,-0.1008529728539823
20.926000000000002,-0.024540991625700847
20.927,-0.027388187887674425
20.928,-0.12713759138270514
20.929000000000002,-0.07427197934711274
20.93,-0.046723290829493724
20.931,-0.06464240047891029
20.932000000000002,-0.06643845751744001
20.933,0.006527153478987982
20.934,0.05314110770647864
20.935,-0.07085222213948691
20.936,-0.12152128132069037
20.937,-0.06663201958453488
20.938,-0.043907172276543754
20.939,-0.05426599905344779
20.94,-0.01833719736580859
20.941,0.06512665081542714
20.942,-0.12709648695563042
20.943,-0.06219643349071622
20.944,0.04531869970843778
20.945,-0.05230132772966034
20.946,0.019173901664623683
20.947,0.017419936845950862
20.948,0.05408671257977479
20.949,0.09438179638894334
20.95,0.02185553453089626
20.951,-0.07567693999429612
20.952,-0.01715597595560019
20.953,0.13316794839987722
20.954,-0.0411752016388786
20.955000000000002,0.059634840958422156
20.956,-0.08615302761184634
20.957,-0.023758575351746358
20.958000000000002,0.09177433530843855
20.959,0.05219482473187492
20.96,0.0338479538024381
20.961000000000002,0.013498421020682813
20.962,-0.04481282779667556
20.963,0.08972388168594306
20.964000000000002,0.04017649530259342
20.965,-0.023227889133823176
20.966,0.052178121555380014
20.967,0.07683674013803987
20.968,0.03418890494945048
20.969,0.045862291205988046
20.97,0.037258489111486784
20.971,-0.005183504549406321
20.972,0.02725973751933402
20.973,0.05536206646246019
20.974,0.06413391782583508
20.975,0.045570342307188205
20.976,-0.03416939693994565
20.977,0.024956183624486646
20.978,0.010076131714386425
20.979,-0.054840768764168935
20.98,-0.04845967773965467
20.981,0.0032024017987995514
20.982,0.032951646372437984
20.983,-0.1310918690317456
20.984,0.03744067919400077
20.985,0.010207553326270394
20.986,-0.04081935246697299
20.987000000000002,-0.06488477801879805
20.988,-0.034671471962679785
20.989,-0.08681791278489719
20.990000000000002,-0.06351528915913059
20.991,-0.12746968303352318
20.992,-0.13914207680457316
20.993000000000002,0.06691892141212276
20.994,-0.043488987106554744
20.995,-0.03276287755210096
20.996,-0.040198008018594945
20.997,-0.07523290457142988
20.998,-0.04391557460691047
20.999,-0.018329741843343454
21.0,-0.026734618908805654
21.001,-0.048295854859995616
21.002,0.01965041561919443
21.003,0.011512846712863883
21.004,0.02812706427504722
21.005,0.05000136538620556
21.006,0.012284407951153585
21.007,0.01813823503869702
21.008,0.10610838393579283
21.009,-0.010255120728260583
21.01,-0.05228749690389409
21.011,0.07304692956730917
21.012,0.017052652184638105
21.013,-0.00276751551508575
21.014,0.09723623563862113
21.015,0.046879101285670174
21.016000000000002,-0.00866406696730089
21.017,0.1509063326185796
21.018,-0.027476909119575316
21.019000000000002,0.046890849563322345
21.02,-0.04577714428602947
21.021,0.059011378965035007
21.022000000000002,0.009589164188528766
21.023,0.07820194926917413
21.024,0.0314509649022511
21.025000000000002,0.09448923096672432
21.026,-0.00025771230724899383
21.027,-0.06502034545194593
21.028,0.02085444286565308
21.029,-0.009998634501490519
21.03,-0.0947167370147126
21.031,-0.06285130801884427
21.032,-0.05312581095786874
21.033,0.055539979190485894
21.034,0.007492063006779123
21.035,-0.0505312785744366
21.036,-0.014406170537074579
21.037,-0.14420257762945377
21.038,-0.07417082122112731
21.039,-0.02893697548860507
21.04,-0.04310251758710607
21.041,-0.08001449740622686
21.042,-0.05590542319101239
21.043,-0.03728318932660811
21.044,-0.054107891805599675
21.045,-0.009302027835941779
21.046,-0.03440807484176817
21.047,-0.022078899750451353
21.048000000000002,0.041394739216388594
21.049,0.0010593362752039093
21.05,0.05125311149977606
21.051000000000002,-0.06437777356061952
21.052,-0.10496772199264935
21.053,-0.02657887687330341
21.054000000000002,-0.02479516214516205
21.055,0.06568864562603145
21.056,-0.0574532249719321
21.057000000000002,0.0014465597961596296
21.058,0.03191400826609182
21.059,0.022761384760438062
21.06,0.0150336384728224
21.061,0.04706444616166333
21.062,0.08821280406361728
21.063,0.11569264812413549
21.064,0.044654867221965315
21.065,0.005736607266022584
21.066,0.12612704224996196
21.067,-0.0022921547997372532
21.068,0.14259548247672862
21.069,0.12101811023849841
21.07,0.1282839013968521
21.071,0.0873442181508052
21.072,-0.05402051573935623
21.073,-0.0025335642293053337
21.074,0.06190493337262753
21.075,0.009275513398220789
21.076,0.0231990647549046
21.077,0.06497321901618658
21.078,0.02073246266237435
21.079,-0.03722233921643239
21.080000000000002,0.06218431613462519
21.081,0.0375748586134314
21.082,-0.006852278570839854
21.083000000000002,0.03485407339264604
21.084,-0.0022512109011364563
21.085,0.053369364892560445
21.086000000000002,-0.011648866149111769
21.087,0.04124390923031851
21.088,-0.12403190836560699
21.089000000000002,-0.012364437507107296
21.09,-0.05970549551287882
21.091,-0.08670121494888873
21.092,0.010844896649395128
21.093,-0.00530675920593178
21.094,-0.15207880702556004
21.095,-0.017259676350490083
21.096,-0.023874845478006723
21.097,-0.08954467210503544
21.098,-0.09422914797609769
21.099,-0.13034266173208464
21.1,-0.06534059319863575
21.101,-0.05432131180675969
21.102,-0.001954745987383197
21.103,-0.024118408208999603
21.104,-0.08584924609173958
21.105,-0.015725586788321734
21.106,-0.03480775142018669
21.107,-0.06298054805827036
21.108,-0.08962693784273033
21.109,0.02731365105014176
21.11,0.024669920586913623
21.111,0.03643005862913193
21.112000000000002,-0.021700139292092153
21.113,0.029181152738973412
21.114,-0.04251283024002589
21.115000000000002,-0.017809878633901932
21.116,0.03803300669228053
21.117,0.05378806705911409
21.118000000000002,-0.037008978066631094
21.119,-0.005297957108198109
21.12,0.03179972620576199
21.121,0.09979406800899701
21.122,0.012295922702023662
21.123,0.0603322899018297
21.124,0.06519060711762889
21.125,0.039324399700589846
21.126,0.06338421201882558
21.127,-0.019776736943438712
21.128,0.01151226030456292
21.129,0.11224269663594477
21.13,0.11142892527265386
21.131,0.07350557160056401
21.132,0.08111768900376506
21.133,-0.0708165094779777
21.134,-0.03285478143937065
21.135,-0.007072616170541392
21.136,0.12305262524319466
21.137,-0.019624297335213065
21.138,0.027091843044407538
21.139,0.002724531856188324
21.14,-0.004202798334110205
21.141000000000002,-0.02869453633215746
21.142,-0.09264699066521895
21.143,-0.17237867128213588
21.144000000000002,0.022613003239032224
21.145,-0.07588905802082808
21.146,-0.14138209455546985
21.147000000000002,-0.028427290395187443
21.148,-0.030990002887652645
21.149,-0.014422391329099372
21.150000000000002,0.0028097780156171037
21.151,-0.09835390618529923
21.152,-0.09486001875194103
21.153,-0.06504834580229667
21.154,-0.005357163027107842
21.155,-0.14825800181302026
21.156,-0.032809449895382085
21.157,0.011831672251497484
21.158,0.014691301346471942
21.159,0.010908936473948274
21.16,0.03429905506813315
21.161,-0.1502844260103966
21.162,0.07384953007535056
21.163,0.01588924514655746
21.164,0.07230056175522548
21.165,-0.04704409111009929
21.166,-0.07004777597256123
21.167,0.11267264035629398
21.168,-0.017586509685859203
21.169,0.018184483455492034
21.17,0.06461993741757019
21.171,0.0808826225969779
21.172,0.0995661951993568
21.173000000000002,0.05959105981405016
21.174,-0.0021860701467119534
21.175,0.08727115464029395
21.176000000000002,0.08876080242341355
21.177,-0.038151183458400954
21.178,0.12277720162341024
21.179000000000002,-0.07398283654045201
21.18,0.09992589047617952
21.181,0.013670105408748558
21.182000000000002,0.0771971912467468
21.183,0.06340103815475137
21.184,0.03148411545696835
21.185,0.050885756285661055
21.186,0.01861168555631946
21.187,0.05292043925322279
21.188,0.12054022066812707
21.189,-0.0618845505144606
21.19,-0.1603979679018808
21.191,-0.027926167738245126
21.192,-0.03739449974041405
21.193,-0.03793793520955545
21.194,-0.07098256867853435
21.195,0.01370232810381971
21.196,-0.10382992131612442
21.197,-0.01658746166946239
21.198,-0.011024459639722428
21.199,-0.03035226581092375
21.2,-0.0244082640678268
21.201,-0.0032185405690084504
21.202,-0.04922058484923328
21.203,-0.06972461170787521
21.204,-0.0278595721745058
21.205000000000002,-0.02121883605282007
21.206,-0.0051061658064239165
21.207,-0.13287994073868242
21.208000000000002,-0.05345638970936484
21.209,-0.09395852767397017
21.21,-0.008492705450346777
21.211000000000002,0.00444570712194417
21.212,-0.04052149578033448
21.213,-0.05780801839010831
21.214000000000002,0.01425177594942499
21.215,-0.016297692400129706
21.216,0.0677789184824655
21.217,0.09124070726741383
21.218,0.05872774988003074
21.219,0.026301814714855983
21.22,0.11171969284371372
21.221,0.03796473468777402
21.222,0.007097027053188737
21.223,0.001987384931805364
21.224,0.004782113718745429
21.225,0.04328885566452478
21.226,0.06980911044612888
21.227,-0.021700135513085007
21.228,0.02833701463551626
21.229,0.06245061347060796
21.23,0.08429944677005291
21.231,0.05041341034746046
21.232,0.06281364810973017
21.233,-0.013156148484776906
21.234,0.0006907626100377748
21.235,0.040110141035708695
21.236,0.06496030381305867
21.237000000000002,0.0467353512279622
21.238,-0.012016677382213181
21.239,0.013433342953523143
21.240000000000002,0.09534416208682049
21.241,0.04118595829636518
21.242,-0.00012301617787034008
21.243000000000002,-0.04936544812855572
21.244,-0.03984341816481813
21.245,-0.009886477810199152
21.246000000000002,-0.0023163952206445397
21.247,0.006491296335796624
21.248,-0.00775797588736921
21.249,-0.05066279431846775
21.25,-0.06225459650168258
21.251,0.061609582114374256
21.252,-0.07204038253993274
21.253,-0.11166829846060655
21.254,-0.1312347708517485
21.255,-0.06849353577925653
21.256,-0.004668626939892111
21.257,-0.08058626146630975
21.258,0.022679828316886932
21.259,-0.050261435489338445
21.26,0.007566449402070546
21.261,-0.08315190978085163
21.262,-0.07910814282740228
21.263,-0.03359885194192364
21.264,-0.009652879562220558
21.265,-0.037894070208435576
21.266000000000002,-0.009091494399212485
21.267,0.011265718345242016
21.268,-0.08337966589509167
21.269000000000002,-0.023429170734624936
21.27,-0.02625885940631085
21.271,-0.017771342230752454
21.272000000000002,0.03205654398244063
21.273,-0.0077129088442145916
21.274,-0.07715748446596774
21.275000000000002,0.016519542261427513
21.276,-0.02001873772448968
21.277,0.062414479997716675
21.278,0.0817588590641656
21.279,-0.0639647133062424
21.28,0.008749145995514601
21.281,0.06715797665968849
21.282,-0.019608990788966794
21.283,0.09061185276960908
21.284,0.10387869648914863
21.285,0.04253737398172707
21.286,0.010470064930123993
21.287,-0.06851245008272833
21.288,0.0849202006239593
21.289,0.14094034045057696
21.29,0.1266293625921604
21.291,0.02262511584404485
21.292,-0.027177452544775264
21.293,0.06404363486767856
21.294,0.010221751081909102
21.295,0.03464851706530543
21.296,0.01991060886213561
21.297,0.003390992930623896
21.298000000000002,0.04415419857981653
21.299,0.04010237346848394
21.3,-0.045040751092291595
21.301000000000002,-0.07052427088029288
21.302,-0.15444846815366778
21.303,-0.05151602116236277
21.304000000000002,-0.09311590073959669
21.305,-0.021199620083844958
21.306,-0.06207984748532153
21.307000000000002,-0.05915931336958505
21.308,-0.009031079069435323
21.309,-0.030923164990843674
21.31,-0.05707627261767208
21.311,0.0333302786980325
21.312,-0.013129913494524852
21.313,-0.06918731751383764
21.314,-0.064647356800505
21.315,-0.0037217515355953273
21.316,-0.029460971227010864
21.317,-0.09157925745690854
21.318,0.013784353550672201
21.319,0.03690509545864771
21.32,0.03846345438740947
21.321,0.06216382394504899
21.322,0.09432271175796207
21.323,0.08332070743942763
21.324,0.019857095521994262
21.325,-0.0016375896792641884
21.326,-0.07686008345825128
21.327,0.02079558189896449
21.328,0.05155960934130571
21.329,0.03277584902389629
21.330000000000002,-0.0592413880301628
21.331,0.024923267103530225
21.332,0.07506271524961727
21.333000000000002,-0.005549355740919061
21.334,0.0563493207542787
21.335,0.07130085359491971
21.336000000000002,0.10658647878232302
21.337,0.1365877423033656
21.338,0.03163290808149723
21.339000000000002,0.058582449662533294
21.34,0.05833790542035146
21.341,0.07758779396762175
21.342,0.06890281175882125
21.343,0.10961835551550134
21.344,-0.08238876098902269
21.345,0.05041571988222722
21.346,0.04881886084661036
21.347,0.007285564429141434
21.348,-0.09981506882409337
21.349,0.004491844557059232
21.35,-0.033931675198314304
21.351,0.07952933454055612
21.352,0.008494063696316405
21.353,-0.055802742533266864
21.354,-0.12419535327136173
21.355,0.002732782578747966
21.356,0.0031460094315362286
21.357,-0.04687509935107388
21.358,-0.009827928671846533
21.359,-0.0607974062352106
21.36,0.007204234000942791
21.361,0.0013425625121583074
21.362000000000002,-0.13170642843283187
21.363,-0.12030159847474647
21.364,0.05093735821637569
21.365000000000002,-0.003403632052981498
21.366,-0.11182996943444054
21.367,-0.12525638547929427
21.368000000000002,-0.0337317292752864
21.369,-0.09801188591535717
21.37,-0.05294480980640452
21.371000000000002,-0.03517670542331484
21.372,-0.03258740282720078
21.373,0.033393624109118385
21.374,0.07425072969680077
21.375,-0.03574796876596897
21.376,-0.06248970627276991
21.377,0.01941055578511649
21.378,0.08746519964863608
21.379,-0.00843032395276635
21.38,0.059923445023664715
21.381,-0.01901855628752795
21.382,0.029017374645190476
21.383,-0.025415257708864332
21.384,0.03749895641300219
21.385,0.03489879422409059
21.386,0.07432889044687814
21.387,0.13542014389762538
21.388,0.029024214357845846
21.389,-0.05023458644465341
21.39,0.04024312002054135
21.391000000000002,0.0652162626352357
21.392,0.05955471800806159
21.393,0.0401163617841759
21.394000000000002,0.12024007741269094
21.395,0.04990061129304681
21.396,0.03449272788778271
21.397000000000002,-0.0030564705215174875
21.398,-0.05590271825216475
21.399,0.043066891218516756
21.400000000000002,0.033683901409684934
21.401,-0.03703883803681875
21.402,0.008006469584207457
21.403,-0.0028086586564531465
21.404,-0.03274027370138338
21.405,-0.047056576580220534
21.406,0.007091612957007748
21.407,-0.030040597698235937
21.408,-0.05362639123167798
21.409,-0.07215284209543345
21.41,-0.040158164263336765
21.411,0.008441562522404439
21.412,-0.031051696216616034
21.413,-0.056268837268117516
21.414,-0.03140368387547618
21.415,0.019622187176918056
21.416,-0.025174494952569165
21.417,-0.03709769774329098
21.418,-0.017902838944373167
21.419,-0.0567647143026835
21.42,-0.038022092066439646
21.421,-0.0693843247074392
21.422,-0.11955673415959715
21.423000000000002,-0.021401577957383223
21.424,-0.017193755047018398
21.425,-0.04442346575173285
21.426000000000002,0.02665540747233745
21.427,-0.055969166474421975
21.428,-0.10293957928382536
21.429000000000002,-0.043511709896718306
21.43,-0.07987150655563688
21.431,0.01994514434770683
21.432000000000002,-0.028737119664414598
21.433,0.06379999374301518
21.434,0.0682510340955743
21.435,-0.020970930402563304
21.436,-0.010261570732442434
21.437,0.061314133374964115
21.438,0.08755374613997431
21.439,-0.058632965033859626
21.44,0.05893746901510411
21.441,-0.06278932119988537
21.442,0.02125053853211038
21.443,0.10427357843789625
21.444,0.20030957295710272
21.445,0.03742324887991827
21.446,-0.014128349249759836
21.447,0.020751430678571037
21.448,0.04728882321541977
21.449,0.0074271980559450015
21.45,-0.008911131826018909
21.451,0.011865209055893906
21.452,0.04840814363624091
21.453,0.015187629801563176
21.454,-0.025717340998677767
21.455000000000002,-0.020686538571603047
21.456,-0.013596920379405082
21.457,-0.04869131891772641
21.458000000000002,-0.03990845950085479
21.459,0.02186457346952285
21.46,-0.027454632026197467
21.461000000000002,-0.10901219185106724
21.462,0.024806772134300412
21.463,-0.01034082430075307
21.464000000000002,-0.1046378085850844
21.465,-0.05756348799323062
21.466,-0.08216952171889247
21.467,-0.011401148449237154
21.468,-0.06588598356269608
21.469,-0.05234596649761855
21.47,-0.05889885650976548
21.471,-0.12349579866912265
21.472,0.02141310071240541
21.473,-0.014434543754247839
21.474,-0.0829595522170494
21.475,-0.03340889413957451
21.476,0.008884046791743046
21.477,-0.03330698925657736
21.478,0.04596752296864658
21.479,0.11868381335952567
21.48,-0.02848020266077761
21.481,-0.04596240119439046
21.482,-0.0607383083717913
21.483,-0.11622550280077426
21.484,0.06265562317105536
21.485,-0.01163703526545317
21.486,0.05550905823721804
21.487000000000002,0.07110322920137985
21.488,-0.0314691060472282
21.489,-0.018976035080438967
21.490000000000002,0.11940217507754937
21.491,0.032822314932392314
21.492,0.006966389654742999
21.493000000000002,-0.009175433115492827
21.494,0.03851763877763507
21.495,0.12286276060960827
21.496000000000002,0.08296234471637676
21.497,0.05832918576540971
21.498,0.12853864614339736
21.499,0.1180958517197859
21.5,0.06354205189048434
21.501,0.18352568701471952
21.502,0.02961667038701562
21.503,0.09357965977102398
21.504,0.015186964362421711
21.505,0.07565911236775172
21.506,0.013358323564301298
21.507,0.04375369714517013
21.508,0.13481663655461987
21.509,0.057318179206259916
21.51,0.027851656083953635
21.511,-0.04049440591967713
21.512,0.0019099786624573274
21.513,-0.06353794198536432
21.514,0.02575813120941402
21.515,0.019308916367688805
21.516000000000002,-0.03763092519164173
21.517,0.05006027272412344
21.518,0.039019736578004734
21.519000000000002,-0.0331379698617224
21.52,-0.015278497881024328
21.521,-0.07530897994964257
21.522000000000002,-0.06119362309877211
21.523,-0.10252672272517506
21.524,-0.07291410325598136
21.525000000000002,-0.053911958225334844
21.526,-0.13073496807865986
21.527,-0.01724256340798062
21.528,0.007291135152006897
21.529,-0.04134007515102696
21.53,-0.17237193065450912
21.531,-0.04620941885113751
21.532,-0.09881803151267776
21.533,-0.05481860673064449
21.534,0.05340373613420707
21.535,-0.13550971206924997
21.536,-0.049009372433822015
21.537,0.03899262527869194
21.538,-0.03184489497800741
21.539,-0.02998006621022087
21.54,0.11612612237974408
21.541,0.038787234235470536
21.542,0.07166887619021531
21.543,0.0544269724819791
21.544,0.04210672813604231
21.545,0.1010806167537753
21.546,0.13648037109954633
21.547,-0.04019871841908552
21.548000000000002,0.0443678963918314
21.549,0.04549353527275684
21.55,0.027051707540410048
21.551000000000002,0.09776147637458835
21.552,0.0610741055412488
21.553,0.14335992399630781
21.554000000000002,0.1003074865885303
21.555,0.11111347869534158
21.556,-0.02008579077067172
21.557000000000002,-0.003986250717531087
21.558,-0.003920107555077927
21.559,0.09392371368973837
21.56,-0.025468664032060197
21.561,-0.029197716957534
21.562,-0.043801747261967776
21.563,0.1443175837168354
21.564,-0.0061347258820965735
21.565,0.02177083868910709
21.566,-0.0673873447965182
21.567,0.032118669077551405
21.568,-0.10979461334481372
21.569,-0.07503518851186552
21.57,-0.0672658057655089
21.571,-0.023940451588627475
21.572,-0.07824237577961443
21.573,0.03444096521460661
21.574,-0.019191419113242222
21.575,-0.08081383500492229
21.576,0.0022057158792340437
21.577,-0.06802300508780616
21.578,-0.07789726247515792
21.579,-0.0029343683397823547
21.580000000000002,-0.16905841074819986
21.581,-0.007728979453308894
21.582,-0.07756495851030729
21.583000000000002,-0.0745042503349917
21.584,0.0628025337199369
21.585,-0.05751295541209786
21.586000000000002,0.021420391097836746
21.587,-0.007474426572455095
21.588,0.002945028102333491
21.589000000000002,-0.02327828986434255
21.59,-0.02028767491667185
21.591,0.07691547225229298
21.592,0.0526975141853378
21.593,-0.01323858011512541
21.594,-0.035141650089662975
21.595,-0.006903578826791906
21.596,0.07625293639778934
21.597,0.09059409533633947
21.598,0.06344966543459597
21.599,-0.04158699185507788
21.6,0.07994694696208175
21.601,0.10985948985607849
21.602,0.05516398842824534
21.603,0.14664025659266408
21.604,-0.017891902357516046
21.605,0.08223940987939507
21.606,-0.003831302277644881
21.607,0.09863749389653073
21.608,0.07425450551563897
21.609,0.13097995055211537
21.61,0.06263538495817692
21.611,0.013669759640944967
21.612000000000002,0.0050712932929049895
21.613,0.01246404604635119
21.614,-0.0055575249385686025
21.615000000000002,0.08206655615857805
21.616,0.07302484944486497
21.617,-0.07117874006342
21.618000000000002,-7.363097877793206e-05
21.619,-0.0044785060905704124
21.62,-0.05217211375600348
21.621000000000002,0.0034838977471785687
21.622,0.04954898788533249
21.623,0.016357963330292262
21.624,0.03477321830487874
21.625,-0.07240031678636896
21.626,-0.03804373430351015
21.627,-0.0809926260748155
21.628,-0.03298984075653795
21.629,-0.030119096984584127
21.63,0.00041297908832348823
21.631,0.017764753270419015
21.632,-0.013131252378504175
21.633,-0.08960305099961477
21.634,-0.11257567967629134
21.635,-0.016719274605875925
21.636,0.03514056598657591
21.637,-0.03774160641065166
21.638,-0.10898640019428128
21.639,0.07595440458386975
21.64,0.0009082719633717561
21.641000000000002,-0.009960588151295406
21.642,-0.07161875463342486
21.643,-0.006931883529927729
21.644000000000002,0.032183460294816404
21.645,0.02859968025748676
21.646,-0.02498622025395434
21.647000000000002,0.011587838928045876
21.648,-0.011127638475569128
21.649,0.1078389552392722
21.650000000000002,0.07399109937097645
21.651,0.007242024066565142
21.652,-0.021216395481170804
21.653,0.05433163273972206
21.654,0.018474904964047245
21.655,0.02427979902587259
21.656,-0.01011017172109413
21.657,-0.0031082564157977194
21.658,0.05575265499364643
21.659,0.033775626107201966
21.66,0.17079626592305502
21.661,0.07390092675263421
21.662,-0.015787247624430824
21.663,-0.03795028110765241
21.664,0.05524001532685323
21.665,0.011502379399190372
21.666,0.09350329610621659
21.667,0.03623714572546026
21.668,-0.08207093419934594
21.669,-0.03923799884290104
21.67,-0.027512276985760756
21.671,0.02278839348725532
21.672,-0.057523482304658674
21.673000000000002,-0.002747689744423751
21.674,-0.08255323665706878
21.675,-0.02057432282479196
21.676000000000002,-0.007230073999673382
21.677,0.04285314394628904
21.678,-0.02201605343665687
21.679000000000002,-0.07872950847789753
21.68,0.03368347312847339
21.681,-0.05263362338282555
21.682000000000002,-0.006703906948289304
21.683,-0.0773080952008091
21.684,-0.04276159417549416
21.685,-0.08734872927693774
21.686,-0.03050526815330108
21.687,-0.005117372769180645
21.688,-0.0681151541424752
21.689,-0.06839481983741791
21.69,-0.019910708238650935
21.691,-0.07539044964883973
21.692,-0.10595571853295739
21.693,-0.007904908537085087
21.694,-0.026105222903067136
21.695,-0.022035341542808957
21.696,0.015801951507695602
21.697,0.028265841556032914
21.698,-0.00727839393551871
21.699,-0.04983135967757965
21.7,-0.020186025846058296
21.701,0.04626853074647729
21.702,0.028880620894946855
21.703,-0.0006935799984933468
21.704,-0.008062423603270912
21.705000000000002,0.06597917768519804
21.706,0.027451162061203772
21.707,0.07908267424633081
21.708000000000002,0.08775404888152971
21.709,0.02988104017566653
21.71,0.09411283934895426
21.711000000000002,0.054015055162277205
21.712,0.06029711837085931
21.713,-0.06336024429838041
21.714000000000002,-0.00393574375240998
21.715,-0.003305689740822279
21.716,0.023929547904252103
21.717,0.042364649122251685
21.718,0.04069054524072947
21.719,0.04304390658589769
21.72,-0.010056840190958791
21.721,0.05386078471261838
21.722,0.10459538489469092
21.723,-0.00888960427476885
21.724,-0.029879841539233135
21.725,-0.03647934398427319
21.726,-0.0034228586394929065
21.727,-0.039359495828573565
21.728,-0.10478038652406396
21.729,-0.09604020873633233
21.73,0.023190198844179912
21.731,0.032039169851045435
21.732,0.04415636403647021
21.733,-0.02781480465218724
21.734,-0.09142636550622488
21.735,-0.06595441299259482
21.736,-0.1201872462135298
21.737000000000002,-0.12304715616184139
21.738,-0.03408192491241124
21.739,-0.01954103532641818
21.740000000000002,0.052421319990774075
21.741,-0.04803095060723292
21.742,-0.10954270763059487
21.743000000000002,-0.044948395701876975
21.744,-0.04964228347264564
21.745,-0.0562595674403738
21.746000000000002,-0.010253766261545148
21.747,-0.08353160136030578
21.748,-0.011326137366868317
21.749,0.019905900408719722
21.75,0.06367709836730007
21.751,0.01366999956369436
21.752,0.0557914221062877
21.753,-0.013127632213908856
21.754,-0.0008428589175360889
21.755,0.08686812985897371
21.756,-0.044269966176189404
21.757,0.008648548496404021
21.758,0.08932517204977011
21.759,0.025989228943178913
21.76,0.02540131733045194
21.761,0.02900303308139649
21.762,0.050131611205568145
21.763,0.09997137344283982
21.764,0.09264174137773407
21.765,0.04712558263345548
21.766000000000002,0.10065285433231112
21.767,0.061969358591694466
21.768,0.08606375443089968
21.769000000000002,-0.010676252138145076
21.77,0.12474363517981821
21.771,0.04538030733702996
21.772000000000002,-0.10696454607250093
21.773,0.1090903810803002
21.774,0.021671670700879928
21.775000000000002,-0.0033441922645875387
21.776,-0.0190664899872499
21.777,0.027827451001398523
21.778,-0.044010824535622196
21.779,-0.03388378544826843
21.78,-0.038057701267443025
21.781,-0.030255655247714494
21.782,-0.04641536049001292
21.783,0.017260977152399666
21.784,-0.016199514447616328
21.785,-0.014061672706891657
21.786,-0.006677824977294588
21.787,-0.04484264131152735
21.788,-0.09362808493984333
21.789,0.045809811050771046
21.79,0.0007052891696303631
21.791,0.03437743841426722
21.792,0.005508605414796135
21.793,-0.06855412035597228
21.794,-0.16162419327567193
21.795,-0.1037607027792603
21.796,-0.007977921030146516
21.797,-0.0418418543106198
21.798000000000002,-0.0541919521446942
21.799,-0.15396592418226712
21.8,-0.02543268330181963
21.801000000000002,-0.07411359292693635
21.802,-0.05121806536770987
21.803,0.03273666980028531
21.804000000000002,-0.05586275404047815
21.805,-0.045668756331847485
21.806,0.01569981103234753
21.807000000000002,0.055353195139361364
21.808,-0.0032499254630147557
21.809,0.09516146580739061
21.81,-0.03752005598746647
21.811,-0.042042754598213196
21.812,-0.04248212904859895
21.813,-0.04478186470695129
21.814,0.057477014042720195
21.815,-0.0059792575058838365
21.816,-0.025931297129173067
21.817,0.06462098974699791
21.818,0.08725191609088842
21.819,0.09838556568133255
21.82,0.08876314131081403
21.821,-0.0023700054574732413
21.822,0.05527638368076122
21.823,0.06368119765384264
21.824,0.011924911869382996
21.825,0.04024771412631913
21.826,-0.03466953810168267
21.827,-0.007950449477219238
21.828,0.0372159813110933
21.829,0.08894602676268913
21.830000000000002,0.06589820921128486
21.831,0.03601389899057411
21.832,0.0015620130411622178
21.833000000000002,-0.011542809066207459
21.834,-0.08541004909816748
21.835,-0.05987230349826242
21.836000000000002,-0.0630550236300653
21.837,0.0013282825270959087
21.838,0.015720074586767538
21.839000000000002,0.0016201060339085319
21.84,0.020730454047206748
21.841,-0.03745351142902727
21.842,-0.09230913981496541
21.843,-0.04715957612306385
21.844,-0.08178871176342715
21.845,-0.012909481500246983
21.846,-0.0633809126771758
21.847,-0.049351070477008235
21.848,-0.008129288580421994
21.849,-0.07766149796560715
21.85,0.010354561740414638
21.851,-0.10194098992009967
21.852,-0.015475430333389809
21.853,-0.031166648408494962
21.854,0.019291935260615983
21.855,-0.0859448791026151
21.856,-0.08868131130788241
21.857,0.030610147042127715
21.858,-0.02109568338608049
21.859,-0.0007280657262798691
21.86,-0.023868608831127274
21.861,0.05993823271697976
21.862000000000002,0.03423809892077547
21.863,0.0360222105095974
21.864,-0.030113002097854565
21.865000000000002,0.057429380165177325
21.866,-0.01371818528720907
21.867,0.006006850857936341
21.868000000000002,-0.026828886602176222
21.869,0.03554307476585396
21.87,0.09792673046953831
21.871000000000002,0.05675387816039489
21.872,0.023417673939074467
21.873,0.05042818298001466
21.874,0.048993949302157155
21.875,0.0453555240251568
21.876,0.048578639635824525
21.877,-0.015174476251621473
21.878,0.03875900439809163
21.879,-0.058182973142687694
21.88,0.05410180595282804
21.881,-0.03442294786729437
21.882,0.07470464335414916
21.883,-0.1115429356044615
21.884,0.08918861884347169
21.885,-0.08181833863465343
21.886,-0.06517844413576085
21.887,0.004520404704371924
21.888,0.015398599103692337
21.889,-0.03459477820559692
21.89,0.019600087528712295
21.891000000000002,-0.0691156237499814
21.892,-0.05312463936851067
21.893,-0.05163756792875595
21.894000000000002,-0.06634199667586249
21.895,-0.1384749590244316
21.896,-0.04476641935055931
21.897000000000002,-0.05044954960833932
21.898,0.00866055463080427
21.899,-0.10947114650113077
21.900000000000002,-0.07644687592503863
21.901,0.017008349288181054
21.902,-0.026596911203191707
21.903,-0.01131946320108346
21.904,-0.013110141760012788
21.905,-0.009389573039496873
21.906,0.0627116138500273
21.907,-0.01943251777205524
21.908,-0.06991619083707304
21.909,0.017516168992401222
21.91,-0.03762918340409832
21.911,-0.009550257385045623
21.912,0.019757511118249048
21.913,-0.03453682333884672
21.914,-0.01379366976217993
21.915,0.04053989968744806
21.916,-0.005891373273817228
21.917,0.07470455954647555
21.918,-0.019138990049015044
21.919,-0.015591391476291523
21.92,0.13243484521025986
21.921,-0.036645329485433885
21.922,0.04071334702017961
21.923000000000002,0.13622591981536686
21.924,0.043222232331617996
21.925,0.11237440423108568
21.926000000000002,0.07742263256214607
21.927,0.043584294132306314
21.928,0.03595214457741294
21.929000000000002,-0.06552654120034512
21.93,0.02188201104044648
21.931,0.04632622905162691
21.932000000000002,0.042698868152700194
21.933,0.15038161459572313
21.934,0.03673776757040573
21.935,0.049487351539855215
21.936,0.07127256067787908
21.937,0.03491630495534714
21.938,-0.0016510138387170006
21.939,-0.006682081678247976
21.94,-0.025391219232141986
21.941,0.009226814933802457
21.942,-0.026443861777871083
21.943,0.008624142316654777
21.944,-0.0774580356559258
21.945,-0.02366811491059122
21.946,0.043015169294677406
21.947,-0.04891867874054917
21.948,0.051884149899798074
21.949,-0.0341045784135133
21.95,-0.04655192574325328
21.951,-0.0387305175706899
21.952,-0.06035283532931913
21.953,-0.14341223291228758
21.954,0.000633295639128055
21.955000000000002,0.0678667641417195
21.956,-0.015565705850027367
21.957,-0.00979454492152337
21.958000000000002,-0.04275661793167876
21.959,0.02795832059111242
21.96,-0.02778777286142832
21.961000000000002,-0.008001944417743828
21.962,-0.09486988350607369
21.963,-0.038095280159092984
21.964000000000002,0.011878564504299352
21.965,0.0440978913616536
21.966,0.050725902776844536
21.967,-0.06979557532053948
21.968,-0.05966947261649034
21.969,0.04828425670516896
21.97,-0.013670182375769741
21.971,0.0726644448205636
21.972,-0.04969593200041838
21.973,0.03032943476969319
21.974,0.0364881286237407
21.975,0.06464547992539034
21.976,-0.009074772423063794
21.977,-0.05458034911352932
21.978,0.052992316510051374
21.979,0.07080821968574667
21.98,0.09430414228533777
21.981,0.024843073395187598
21.982,0.07980483056155294
21.983,0.06299473270511705
21.984,0.10197894509698163
21.985,0.0297487731024717
21.986,-0.05776422696105751
21.987000000000002,0.021165818359165943
21.988,0.024452717756300632
21.989,0.041147022451842964
21.990000000000002,-0.06639773430540526
21.991,-0.010505806823016293
21.992,0.043293558833605444
21.993000000000002,-0.010520220275873442
21.994,-0.025731521067377677
21.995,0.07988881434623264
21.996000000000002,-0.07369563514602473
21.997,0.03697481540988335
21.998,0.02223424740025782
21.999,-0.04383270111177351
22.0,-0.03751438520436356
22.001,-0.040492370767628114
22.002,-0.03183733184712287
22.003,-0.07236177609213632
22.004,-0.0651536116228588
22.005,-0.06201534600398237
22.006,-0.06031660175236872
22.007,-0.05897847167386036
22.008,-0.15417224773189708
22.009,-0.03535861357630932
22.01,-0.06417052752967246
22.011,-0.12817370007394696
22.012,-0.048892721795265034
22.013,-0.04656375598004435
22.014,0.04049835359264011
22.015,-0.04565441987497143
22.016000000000002,0.01952332808048534
22.017,0.060290299341789394
22.018,-0.035117947908780825
22.019000000000002,-0.0009045311007330676
22.02,0.09306731214211075
22.021,0.023150315487657072
22.022000000000002,0.03529433310130373
22.023,0.0009184683483102959
22.024,0.060012674425548286
22.025000000000002,0.027701368840738427
22.026,-0.05830920123343323
22.027,0.01868621423886658
22.028,-0.020063014309836362
22.029,0.046815950454326315
22.03,-0.003099017586035639
22.031,0.06759847459147249
22.032,0.0462765781785644
22.033,-0.018622967359954612
22.034,0.018286224819912964
22.035,0.0724856553208856
22.036,0.09683061954794522
22.037,-0.00825940963506347
22.038,-0.021086802254884747
22.039,0.12779355254435779
22.04,0.025799515546432124
22.041,0.026544210482464907
22.042,-0.019617024906022486
22.043,0.023258012350979414
22.044,0.09322600704302247
22.045,0.015062817451329955
22.046,0.050435876855700106
22.047,-0.006478995442039348
22.048000000000002,-0.06422280041631945
22.049,-0.0519185299188919
22.05,-0.07822403273797526
22.051000000000002,-0.015711994043302962
22.052,0.0306942478001279
22.053,-0.025926385912888532
22.054000000000002,-0.05237288279616006
22.055,-0.07896149933376113
22.056,-0.023657606879325947
22.057000000000002,-0.10471489940919303
22.058,-0.10030099282064898
22.059,0.0012259476956633583
22.06,-0.05725156464214255
22.061,-0.057222444102208385
22.062,-0.049204530592312744
22.063,-0.0022980269074985224
22.064,-0.02762566180485914
22.065,-0.06987026697932544
22.066,-0.06443650120888054
22.067,-0.034803715504075385
22.068,-0.005559840023473071
22.069,-0.017785836646869235
22.07,-0.017355591834322642
22.071,-0.003786238017163066
22.072,-0.0027989788318852522
22.073,-0.03488277546193099
22.074,0.06455386585947293
22.075,-0.009978282607546258
22.076,0.025337311430138402
22.077,-0.07966371216619536
22.078,0.016747265724591398
22.079,-0.023701502610487667
22.080000000000002,-0.014333954354683077
22.081,0.15858695939810136
22.082,0.052296598725081404
22.083000000000002,0.10291408864418322
22.084,0.0855963856017304
22.085,0.0926205740332055
22.086000000000002,0.03353266811879337
22.087,0.12323463896542408
22.088,0.08408579003627775
22.089000000000002,0.042079942577248994
22.09,0.05088853480809315
22.091,0.02807917061898967
22.092,0.034239301841081676
22.093,0.025724208074064597
22.094,0.04287469062974318
22.095,0.10636409681566916
22.096,-0.04559302095140419
22.097,0.06688745808120505
22.098,-0.013672602623011204
22.099,0.06312845722699512
22.1,-0.022113761062141753
22.101,0.01018655323780254
22.102,-0.0232567927789412
22.103,-0.10649445985470851
22.104,0.0626109145792322
22.105,-0.075511314736397
22.106,-0.027822328597224773
22.107,-0.08783747438380518
22.108,-0.10477952733563779
22.109,-0.05036544358573613
22.11,-0.07142901005158925
22.111,-0.10125287366935698
22.112000000000002,-0.04505175589627256
22.113,-0.11724658669249033
22.114,-0.03615383617977849
22.115000000000002,-0.04748552019675681
22.116,-0.16326479469177554
22.117,-0.06298504555337653
22.118000000000002,-0.01048737145983544
22.119,-0.08369724437632838
22.12,-0.0011230784550563533
22.121000000000002,-0.0009047904540304998
22.122,-0.0689419076756833
22.123,-0.013939992841380523
22.124,0.03283536594800941
22.125,-0.04720967070923407
22.126,-0.008608852043528823
22.127,0.06423855331143731
22.128,-0.031204938783769627
22.129,0.039421587072328956
22.13,-0.03293786055109152
22.131,0.017239892603855708
22.132,0.05154019254220334
22.133,-0.08751087639395677
22.134,0.009058409634303356
22.135,0.059805770712744795
22.136,0.05166635123625132
22.137,0.015732726032388008
22.138,-0.012477562892681121
22.139,0.07448490245022339
22.14,0.026657643425545222
22.141000000000002,0.06917202361653295
22.142,0.05946515237871912
22.143,0.016075304270131797
22.144000000000002,0.0895373336404866
22.145,0.0031643970620175814
22.146,0.08891800430846505
22.147000000000002,0.09157316486028502
22.148,0.07377746388915268
22.149,0.007715381092806188
22.150000000000002,0.13934017294506118
22.151,0.014657965515704183
22.152,0.014102747771632543
22.153,-0.004095117200585346
22.154,-0.06447898053309926
22.155,0.05187666046436889
22.156,-0.046203937233070806
22.157,0.02393441589961614
22.158,0.03177496280780649
22.159,0.00016980754607101578
22.16,-0.06797315827185135
22.161,-0.05334550198573568
22.162,-0.17256073480419168
22.163,-0.0464109985919446
22.164,-0.0017724462414493505
22.165,-0.054525231738999966
22.166,-0.07230770982929172
22.167,-0.0572545819400156
22.168,0.01942143411373151
22.169,-0.042475178186433364
22.17,0.0552763257841967
22.171,-0.06350100478025378
22.172,-0.02096666661629798
22.173000000000002,-0.049924795694680404
22.174,0.07943121005511888
22.175,-0.011013003276764284
22.176000000000002,0.0909742821232818
22.177,-0.03165635798390322
22.178,0.07065334182365557
22.179000000000002,0.005175783230156613
22.18,0.04611751257903765
22.181,-0.051752872587851384
22.182000000000002,0.03147195339998484
22.183,-0.0347819270910659
22.184,0.03589236245958423
22.185,-0.048837951534593554
22.186,0.02604635139278271
22.187,0.08877457360406657
22.188,0.06414511582944346
22.189,-0.02266468846534319
22.19,-0.05416018943862139
22.191,0.06677002451457213
22.192,0.12156794455314265
22.193,-0.005690369335780501
22.194,0.1467900435373607
22.195,0.040430401761491756
22.196,-0.058905763848798066
22.197,-0.04127860490058249
22.198,0.07249345527739699
22.199,0.0372374624289109
22.2,0.1012104712568078
22.201,-0.03683852176469821
22.202,0.024644420387654548
22.203,0.014453444715374136
22.204,0.0021677084646218184
22.205000000000002,-0.014735337973781593
22.206,-0.01872188098974928
22.207,0.0031736267579658894
22.208000000000002,0.00467735681657361
22.209,-0.002569935451134271
22.21,0.040565442299067424
22.211000000000002,-0.08405924799105732
22.212,-0.1185082878489693
22.213,0.01938197784349637
22.214000000000002,-0.08174939405080137
22.215,-0.05617585346185512
22.216,-0.0699219755777175
22.217,-0.07256460963912018
22.218,-0.11480981992965908
22.219,-0.07080259181326255
22.22,-0.009705541271055655
22.221,-0.04163321319224346
22.222,-0.014904872439164864
22.223,-0.06307521029709977
22.224,0.009257150855951822
22.225,-0.05842355265245257
22.226,-0.13509981417080608
22.227,-0.010099577750291067
22.228,0.016535575889426946
22.229,-0.04539921937925978
22.23,0.04715799090676722
22.231,-0.05052743283715461
22.232,0.030461189552903244
22.233,0.08912164890473054
22.234,0.008649364076735343
22.235,0.00032262872042892327
22.236,0.011034569408675577
22.237000000000002,0.10217736120518157
22.238,0.045058049854992135
22.239,0.13594009478901536
22.240000000000002,0.04610588470348615
22.241,0.0024222601495679577
22.242,0.008420205364140211
22.243000000000002,0.04264002115010325
22.244,-0.06108858042742744
22.245,0.018080419387888357
22.246000000000002,0.01946533514756362
22.247,0.053789431694633696
22.248,0.13800942604261207
22.249,0.042214158301074375
22.25,-0.05864839316865406
22.251,-0.010715539111071516
22.252,0.045108321457402886
22.253,0.03321792143832514
22.254,0.10597279842968889
22.255,0.06859611365075344
22.256,0.06265810007477927
22.257,0.0006349300538726326
22.258,0.06163042334221076
22.259,-0.04302899123884652
22.26,0.045252371696894673
22.261,-0.02216713021060068
22.262,-0.08521671726919584
22.263,0.012252631467379704
22.264,0.048117760744300825
22.265,-0.04613791781729172
22.266000000000002,0.04863935826797622
22.267,-0.11557844640410866
22.268,-0.09545041535379599
22.269000000000002,-0.04528427334516623
22.27,-0.05829923285558779
22.271,-0.07438184900046171
22.272000000000002,-0.03503931117330983
22.273,-0.06827522821849383
22.274,-0.059339990231772055
22.275000000000002,-0.026445106254544812
22.276,-0.07216222690767034
22.277,-0.04197126375863171
22.278,-0.06632761385226227
22.279,-0.09124364942842389
22.28,0.01073608210155234
22.281,0.06183124747174466
22.282,0.03388383203757674
22.283,0.0017196701342024282
22.284,-0.042260851284202955
22.285,-0.01971021900098019
22.286,0.0523788571378439
22.287,-0.10965001151343742
22.288,-0.008905203672079896
22.289,0.05066742201367437
22.29,-0.038443031496189904
22.291,0.04389321994292511
22.292,0.0455110202435481
22.293,-0.0424865364080381
22.294,0.037729254026316016
22.295,0.0051968281325888155
22.296,0.059064373430940786
22.297,0.07341083921364971
22.298000000000002,0.060979243288342234
22.299,0.04520664700506872
22.3,0.055991898888076694
22.301000000000002,-0.017856408023756848
22.302,0.038243508002744925
22.303,-0.0017567662274609736
22.304000000000002,0.08740653683491775
22.305,0.06726068557174222
22.306,0.06393285489711223
22.307000000000002,0.11199032053342371
22.308,0.005858533792091981
22.309,-0.009357864125080204
22.31,-0.004100176960902728
22.311,-0.07122973115841022
22.312,-0.07211541649800587
22.313,0.030246538914161566
22.314,-0.07542477529302888
22.315,-0.06419237520167206
22.316,-0.020165688374481912
22.317,-0.04011418086053444
22.318,0.02062744328374482
22.319,-0.024456617973037973
22.32,-0.07084717168944468
22.321,0.014641633995578406
22.322,-4.754601918354612e-05
22.323,-0.10907928740154119
22.324,-0.027427730934714865
22.325,-0.07675319043793113
22.326,-0.0784638891869322
22.327,0.05226189985719862
22.328,-0.034253978499510694
22.329,-0.05004059532201947
22.330000000000002,-0.033072850882582445
22.331,0.008748602920268071
22.332,-0.0672055994064992
22.333000000000002,-0.05538813528620235
22.334,0.0076639775341055365
22.335,-0.0969675619011375
22.336000000000002,0.03270186185077652
22.337,-0.0925540408733196
22.338,-0.01987412006158876
22.339000000000002,-0.08271554505892308
22.34,-0.050738384488310063
22.341,0.07177500987178352
22.342,0.06383499421357125
22.343,0.07373657691256288
22.344,-0.051945438740442745
22.345,-0.027999816338768958
22.346,0.0452554365462469
22.347,0.0673453108677307
22.348,-0.005515382078432114
22.349,0.007918802828219048
22.35,-0.017807187162606652
22.351,0.12303262026033272
22.352,0.01717903666738617
22.353,0.04273333709198107
22.354,0.04502517390316217
22.355,0.09523524464269956
22.356,-0.009108283055375074
22.357,0.09495852745226854
22.358,-0.029863116108668444
22.359,0.08941765906507931
22.36,-0.05800256737360531
22.361,0.018784063788433156
22.362000000000002,0.1012036779905154
22.363,0.05044151646248806
22.364,0.03207477193108687
22.365000000000002,-0.04612406159586944
22.366,-0.035244157726362926
22.367,0.06389629717920638
22.368000000000002,0.01552192534621614
22.369,0.03175946367040455
22.37,-0.013543482606251565
22.371000000000002,-0.035560455874088
22.372,0.012916321409981217
22.373,-0.016039923469106945
22.374,-0.0406949700909131
22.375,-0.10564149550177876
22.376,0.01049296729160653
22.377,-0.016948596476538052
22.378,-0.07047276296484027
22.379,0.018147396166893558
22.38,-0.02871722176104112
22.381,-0.027266496763308078
22.382,0.004787026367679956
22.383,-0.0044008728509388265
22.384,-0.02105996310662487
22.385,-0.042588521918278055
22.386,0.0690644207275955
22.387,-0.0633543903958434
22.388,0.014454837236796546
22.389,-0.0229027876957443
22.39,0.008415984170198624
22.391000000000002,0.05193717566642446
22.392,-0.020594932762630386
22.393,0.029860956545519454
22.394000000000002,0.017833327730912753
22.395,-0.0227881003935632
22.396,0.07677355541544925
22.397000000000002,0.053826499064939234
22.398,0.0006844303538113897
22.399,0.08142571135854794
22.400000000000002,-0.011854314733582637
22.401,0.03132945423451607
22.402,0.013921322504171725
22.403,0.07506556571138727
22.404,0.015115368766183863
22.405,0.07808354594543021
22.406,0.07038814903513431
22.407,0.021847594732855625
22.408,0.1314809952622613
22.409,0.001567313073200259
22.41,-0.033322555157350726
22.411,0.07772105723857603
22.412,-0.07524678669238552
22.413,0.10367884199571908
22.414,0.03064038032489496
22.415,-0.04968267854977298
22.416,-0.02993983526227372
22.417,-0.06864350711047859
22.418,0.02760440392076291
22.419,-0.06260082793732825
22.42,0.024084307787271594
22.421,-0.021010310596759726
22.422,-0.034204739533224456
22.423000000000002,0.010509179296499565
22.424,0.01190397941466902
22.425,0.03397258717616228
22.426000000000002,-0.05872927657910722
22.427,-0.03187928156481778
22.428,-0.0650832529146207
22.429000000000002,-0.027635058043572663
22.43,-0.07667207405145894
22.431,-0.06041421140275902
22.432000000000002,-0.061070016500703185
22.433,-0.02580906404029641
22.434,-0.040128296192446976
22.435,-0.01420471705278653
22.436,-0.04356885782538955
22.437,-0.06537953369920443
22.438,-0.02449967809684882
22.439,-0.07712630004171424
22.44,0.0004173969736463133
22.441,-0.038701919289977925
22.442,-0.01025558685955542
22.443,-0.005252543367211267
22.444,0.06827365096665604
22.445,0.011886543966567072
22.446,0.0011765136929899563
22.447,-0.03236249323065145
22.448,0.047082693686049226
22.449,-0.0019374298747702086
22.45,-0.060253235322863
22.451,0.010491548869955847
22.452,0.03376474294555967
22.453,-0.013125893152871486
22.454,0.02511474364850026
22.455000000000002,0.03024492180799586
22.456,0.03335155397581641
22.457,0.09970761046740134
22.458000000000002,-0.026298124397232843
22.459,0.14173206581468356
22.46,0.038609993476359857
22.461000000000002,0.0689171195594735
22.462,0.04540314348472377
22.463,-0.048722529211495835
22.464000000000002,-0.017200389920206352
22.465,0.006974169624872666
22.466,0.07997690484064067
22.467,-0.042238581153341184
22.468,-0.019493367143871298
22.469,0.027532486267104625
22.47,0.038664947363855104
22.471,0.03268503939276861
22.472,-0.043267944773955805
22.473,-0.07866378883237092
22.474,0.02347716468481511
22.475,0.06351868069760552
22.476,-0.02995015082768742
22.477,-0.07429015590345364
22.478,-0.042683634175170446
22.479,-0.00532640964572275
22.48,-0.040179934714186266
22.481,0.038738362236793396
22.482,0.011965921033334437
22.483,-0.027253252568024196
22.484,-0.13587012808603172
22.485,-0.07392427551983265
22.486,-0.06732687380014883
22.487000000000002,-0.07732052613651115
22.488,-0.029961288525786885
22.489,-0.027898479327613586
22.490000000000002,-0.12061261730125997
22.491,0.005390926433851792
22.492,-0.031483456384640084
22.493000000000002,-0.011414145995075956
22.494,0.011341159887138644
22.495,-0.06049693701322302
22.496000000000002,0.04485231306160416
22.497,-0.020879434139145923
22.498,0.0663291254163617
22.499,-0.04937703338542337
22.5,0.07191233034652957
22.501,-0.04052075495715143
22.502,0.1367294930035864
22.503,-0.03381929603563501
22.504,0.070891936753512
22.505,0.003982276917549144
22.506,0.061586089813469656
22.507,0.02718395892561639
22.508,-0.0223801881987011
22.509,-0.10513397394492716
22.51,0.16213334651378158
22.511,0.04194447049912809
22.512,-0.10787274276264205
22.513,0.054902408463130034
22.514,0.07417101570909862
22.515,0.003310173502357752
22.516000000000002,0.002480721002842072
22.517,0.03521859402170641
22.518,0.09415412712934917
22.519000000000002,0.0363679918540967
22.52,0.10144545423861533
22.521,0.08137070711152236
22.522000000000002,0.009555489047695705
22.523,-0.06163432238307751
22.524,0.0012243048951740537
22.525000000000002,0.034376639491813264
22.526,0.006432741855049665
22.527,0.030499396984868504
22.528,0.037308043262729865
22.529,0.0161216395682583
22.53,-0.028600461366333024
22.531,0.006953756624010061
22.532,0.08879167766348821
22.533,-0.10110012510664519
22.534,-0.005497060127946079
22.535,0.05889649542352911
22.536,-0.09382334196646747
22.537,0.013055813375802944
22.538,0.01834221071296995
22.539,-0.11310052063095946
22.54,-0.003963092857260958
22.541,-0.05292411851316002
22.542,-0.041615238926512435
22.543,-0.053543571406762774
22.544,0.03014936706068065
22.545,-0.0387919367370023
22.546,-0.05359580950766202
22.547,-0.049574788201452724
22.548000000000002,-0.04075695841748393
22.549,-0.07381033231242021
22.55,-0.039294546621938944
22.551000000000002,-0.005444110597086601
22.552,0.013406067795559298
22.553,0.05799556993293144
22.554000000000002,0.014477666146538688
22.555,-0.01669509103695778
22.556,-0.039022758277937025
22.557000000000002,0.0305935937876368
22.558,0.014120115500098045
22.559,0.01961489411897498
22.56,0.040469178326264316
22.561,0.05644566830230041
22.562,0.046675011646116836
22.563,0.026915693449159395
22.564,-0.0028637045808710265
22.565,0.007816262180180483
22.566,0.081587915884902
22.567,0.018174650232883165
22.568,-0.028311767808535775
22.569,0.0960681281735564
22.57,-0.010455248636818765
22.571,0.036495448615697916
22.572,0.05688262865005371
22.573,0.02963214475997599
22.574,-0.09769402361730538
22.575,0.042118901133846656
22.576,0.08498931465996874
22.577,0.05380872339688415
22.578,-0.09609952770544965
22.579,0.1119430411412734
22.580000000000002,-0.06530614122408447
22.581,-0.05754059547714571
22.582,0.03092003431262033
22.583000000000002,0.010028605253465762
22.584,-0.012860574368948
22.585,-0.04937703463637417
22.586000000000002,0.04189664312887034
22.587,-0.030010602004358396
22.588,-0.10934521691721351
22.589000000000002,0.02797996853879517
22.59,-0.024786649470189118
22.591,0.018377333686801146
22.592,-0.009851749715887401
22.593,0.08052673423574326
22.594,-0.05458947448970844
22.595,-0.03778391448702197
22.596,-0.0015628702563492206
22.597,-0.0511925338214045
22.598,0.006176150943040581
22.599,-0.17881193228632333
22.6,-0.03213357749531104
22.601,-0.030305573547475758
22.602,-0.028432836010659733
22.603,-0.06134007051017906
22.604,0.032030277432088194
22.605,-0.03409899075852042
22.606,0.00565661726518145
22.607,-0.0016374666280779475
22.608,0.029811778678230004
22.609,0.08084645452170268
22.61,0.023428369566506402
22.611,0.05992744833655973
22.612000000000002,0.02903757529711151
22.613,0.00012801022206829216
22.614,0.021632801747080953
22.615000000000002,0.01741862065340864
22.616,0.062452101907654683
22.617,0.04135447803861928
22.618000000000002,-0.00221091806221841
22.619,0.02736698641927805
22.62,-0.03739864945251924
22.621000000000002,0.029562675166647456
22.622,0.038219004201757265
22.623,0.12741125996870295
22.624,0.10273713516621001
22.625,-0.01854967567278861
22.626,0.04062587670645657
22.627,0.03846636834906459
22.628,0.012564566987518991
22.629,0.012006956926025826
22.63,-0.0013800189679664468
22.631,0.10570570677826438
22.632,-0.01315073928594647
22.633,0.020189790684066414
22.634,-0.1278655469310797
22.635,0.035228813343885966
22.636,0.04881149762511003
22.637,-0.06730911526520555
22.638,-0.04440374784085004
22.639,-7.499287003163643e-05
22.64,-0.0252040137745042
22.641000000000002,-0.006023078206513457
22.642,-0.0464622745317029
22.643,0.058748091991725725
22.644000000000002,-0.06974170373150024
22.645,0.09698511592278947
22.646,0.02368249951687359
22.647000000000002,0.002901925483649752
22.648,-0.09048415153324038
22.649,0.0077975479723782284
22.650000000000002,-0.0061967107318926865
22.651,-0.14058001622412106
22.652,-0.10255912333144804
22.653000000000002,-0.011732572233240694
22.654,-0.033156682901184176
22.655,-0.04882941934169108
22.656,0.034743839950411734
22.657,-0.0593275412049232
22.658,-0.033628580192429806
22.659,-0.03879796132162404
22.66,0.023569070226097312
22.661,-0.08338037858014266
22.662,-0.0177967819984155
22.663,-0.07465676064210201
22.664,7.228154736154194e-05
22.665,0.055884613465427196
22.666,0.06051937189094131
22.667,-0.00948818824714057
22.668,0.05660283006050867
22.669,0.023309564475814226
22.67,0.1028028881316349
22.671,0.02995142302015813
22.672,-0.11100510092338262
22.673000000000002,0.08305949242996602
22.674,0.015519999053449467
22.675,0.02438398132222583
22.676000000000002,0.05398415048634434
22.677,-0.0354657317606687
22.678,0.0375914874013856
22.679000000000002,0.058206811707023506
22.68,0.046875297311164466
22.681,-0.004478456156585309
22.682000000000002,0.07151095293223075
22.683,-0.03181482393603505
22.684,-0.01731785431891958
22.685,0.0028656968222508326
22.686,0.020015273371911713
22.687,-0.015479632790600925
22.688,0.05767413716330917
22.689,0.006560023837255638
22.69,-0.008755491241624528
22.691,-0.0036910038356077843
22.692,0.01602001306032632
22.693,-0.01222801123924444
22.694,-0.1180479876761513
22.695,0.023979417922314453
22.696,-0.027014483466428426
22.697,-0.00080184170010527
22.698,-0.056903897199647405
22.699,-0.12899945314468617
22.7,-0.15214631907686646
22.701,-0.08542955905260102
22.702,-0.011829987310534099
22.703,0.028235779438399194
22.704,-0.02001931575942286
22.705000000000002,-0.08570485127087682
22.706,-0.06981989915997988
22.707,0.04032626559419927
22.708000000000002,-0.0899702850624253
22.709,0.08427449320779429
22.71,0.07689025114403142
22.711000000000002,0.09395851716290954
22.712,0.010565948890068413
22.713,-0.021121955246789205
22.714000000000002,0.01824892878298012
22.715,0.050330362327660506
22.716,-0.023237627140037655
22.717,-0.04148901838736923
22.718,0.0034554028207074445
22.719,-0.01712715314516183
22.72,0.08707070991689357
22.721,-0.0026034509754535515
22.722,0.035801369276228553
22.723,0.0825437699657793
22.724,0.09929495655231095
22.725,0.047154397759253376
22.726,0.05685791203550338
22.727,-0.012809115467482854
22.728,0.08906595361710062
22.729,0.10043935364462203
22.73,-0.057417847231494804
22.731,0.12258651147085253
22.732,-0.0027284372314871908
22.733,0.05945692666632425
22.734,0.030615589223131838
22.735,0.02036346994680274
22.736,0.00938017238040539
22.737000000000002,-0.03386841998252758
22.738,0.03778920812367373
22.739,-0.007024510189971714
22.740000000000002,-0.0626119973066042
22.741,-0.05334728191559604
22.742,-0.07065163806742374
22.743000000000002,-0.03660614544417373
22.744,0.009675936980390203
22.745,-0.05413458333106848
22.746000000000002,0.026451558822074707
22.747,-0.03171378852773302
22.748,-0.04329937066848648
22.749,-0.0306681692055545
22.75,0.036009476932181754
22.751,-0.10409082191174712
22.752,0.04600933862656186
22.753,0.010421879256405024
22.754,-0.03892756042169297
22.755,0.0215697934419005
22.756,-0.05292388252735498
22.757,-0.021228052502360803
22.758,-0.060805383804049776
22.759,0.01683074854926881
22.76,-0.0641809046148904
22.761,-0.02831545117996131
22.762,0.011634613632441986
22.763,0.03381819750931343
22.764,-0.05566325223718724
22.765,0.027236880807859444
22.766000000000002,-0.05519191776469731
22.767,-0.10919965846427512
22.768,-0.03465540037701965
22.769000000000002,0.04887193712341052
22.77,0.01081898596405374
22.771,-0.011188556019784641
22.772000000000002,0.022250500360368505
22.773,0.024241651824584702
22.774,0.05754138253331295
22.775000000000002,-0.05118025390426137
22.776,0.0268397444340756
22.777,0.040281754126354534
22.778000000000002,-0.03256068194658745
22.779,-0.032099333044271226
22.78,0.019257749352155636
22.781,0.03804059977385361
22.782,0.0378192812293248
22.783,0.008489225933314172
22.784,0.005029431664431826
22.785,0.013246353538700396
22.786,0.04558603485912915
22.787,0.09012406629831435
22.788,-0.086277143886902
22.789,0.052402699042202835
22.79,0.011913369510031227
22.791,0.0397361512028406
22.792,0.06852254832651289
22.793,-0.032841273710613884
22.794,0.04773396998469686
22.795,-0.06658500660681659
22.796,-0.0018491219231819627
22.797,-0.02458586705943527
22.798000000000002,-0.014203443641976654
22.799,-0.06979709891950828
22.8,-0.002047080824579592
22.801000000000002,0.0522081059844767
22.802,-0.07853905455504583
22.803,-0.022889843230414424
22.804000000000002,0.008442944742751236
22.805,-0.050691933426169004
22.806,0.0311555078642266
22.807000000000002,-0.05884914591690771
22.808,-0.04316471627966528
22.809,-0.08647802457212228
22.81,-0.029453730341869874
22.811,-0.034102144741004474
22.812,-0.00045668365356079516
22.813,-0.06161670416139284
22.814,-0.061050941019973916
22.815,-0.0006009488252896843
22.816,0.04968531231458302
22.817,0.015104282882325386
22.818,0.08007611520179667
22.819,0.019690405095006
22.82,0.022218756665242437
22.821,0.034597665002796124
22.822,0.07940989996810505
22.823,0.07117742118808801
22.824,-0.04077744202679859
22.825,0.05747571051269338
22.826,0.03445238915915516
22.827,0.014927130598908956
22.828,-0.06091425079043773
22.829,-0.04655614563175535
22.830000000000002,0.01452726517936163
22.831,-0.03863270410757078
22.832,0.01877753110831656
22.833000000000002,0.07255452481871918
22.834,0.008153510939072278
22.835,0.04122529396986375
22.836000000000002,-0.01710535370862317
22.837,0.05016924492207044
22.838,0.05899106448980322
22.839000000000002,-0.039671321541858116
22.84,-0.008660876484825504
22.841,-0.03736485091453023
22.842,0.04815749969940992
22.843,0.027288661229928762
22.844,0.012732671097177399
22.845,0.004725930321599457
22.846,0.023051656419767384
22.847,0.019728849947586276
22.848,-0.02655004874816753
22.849,-0.03788221565214281
22.85,-0.013297387600688972
22.851,-0.023935185124250698
22.852,0.08468577379068971
22.853,-0.04118837168420451
22.854,-0.010850927467810174
22.855,-0.005027751536682827
22.856,0.03910400054765805
22.857,-0.07365218207300814
22.858,0.03217584737505973
22.859,-0.04340933505007273
22.86,0.08829206934065198
22.861,-0.018873407568195444
22.862000000000002,-0.09816805717270094
22.863,-0.045791473213308495
22.864,0.03216305558298602
22.865000000000002,-0.02881305878666439
22.866,-0.03365839128681524
22.867,0.007907733193172294
22.868000000000002,-0.04227151784643918
22.869,-0.03219410846258978
22.87,-0.06522982415479352
22.871000000000002,0.07235285684763608
22.872,-0.07111824421811909
22.873,0.0027221278003878857
22.874,0.022557007224034725
22.875,0.0022122115483838166
22.876,-0.05550811221873512
22.877,-0.038563771600949676
22.878,0.041531105382445456
22.879,-0.019771953207603787
22.88,-0.08082870276612705
22.881,0.04535578193849168
22.882,-0.014743097232221523
22.883,0.06291805760308516
22.884,0.023318107708252912
22.885,0.02248932030981734
22.886,0.038689695959239385
22.887,-0.020246876373662785
22.888,-0.004500770564602345
22.889,0.023362780644959717
22.89,-0.021772152965545924
22.891000000000002,0.06973360847634807
22.892,0.01680276812192335
22.893,-0.04261387042799192
22.894000000000002,-0.0008179114203189126
22.895,0.02909631162530863
22.896,-0.0016957672257396673
22.897000000000002,0.03688943882556493
22.898,0.0416589361016023
22.899,0.1289236285567873
22.900000000000002,0.062132196967136955
22.901,-0.08151879596491585
22.902,-0.022014495011814926
22.903000000000002,-0.02158053518524127
22.904,0.01637497592436761
22.905,-0.06301558215548766
22.906,-0.046629713557228974
22.907,-0.08574030446856169
22.908,-0.05675989832026032
22.909,-0.05765311492427157
22.91,-0.0474068061507732
22.911,-0.092995032179385
22.912,0.013983997558471309
22.913,-0.012469738488455649
22.914,-0.10898723583511924
22.915,-0.03520838313967946
22.916,-0.11422776973509752
22.917,0.0321853684827974
22.918,0.04729669927544348
22.919,-0.03421693465790604
22.92,-0.07165119968263471
22.921,-0.05942222240082762
22.922,-0.045725528332743015
22.923000000000002,-0.024893166656372076
22.924,0.052726383398450274
22.925,0.035953907204201135
22.926000000000002,0.04085633156281621
22.927,0.005071646124351662
22.928,-0.056855342846876454
22.929000000000002,-0.03340825685116555
22.93,0.012327948008262219
22.931,-0.046695678671272736
22.932000000000002,0.03244002894487861
22.933,0.0611392917251024
22.934,0.051503185378485805
22.935,0.05251265365994517
22.936,-0.06342068070583044
22.937,0.09878827919272354
22.938,-0.04446550327701452
22.939,0.02758141396486165
22.94,0.06697506667325041
22.941,0.054309458924089365
22.942,-0.027682226322646622
22.943,-0.019375815183238304
22.944,0.04873522600006418
22.945,0.0582915591667902
22.946,-0.024694032462123774
22.947,0.04779073929178976
22.948,-0.050494809759277906
22.949,0.05324892972246232
22.95,-0.025704370182167202
22.951,0.018718254443898682
22.952,0.006326592190561676
22.953,0.0645874496869231
22.954,0.01443056579903976
22.955000000000002,-0.03189181152155729
22.956,0.011810623025700682
22.957,0.09680618241276082
22.958000000000002,0.022690140334665224
22.959,-0.02107683495699335
22.96,-0.06335022451830898
22.961000000000002,-0.05574500430281237
22.962,0.006173293604982456
22.963,-0.0746375565633876
22.964000000000002,-0.03231462247103705
22.965,0.037778493397423105
22.966,-0.0277653771469056
22.967,-0.08993717841042859
22.968,0.07271254956166918
22.969,0.05224219401665041
22.97,-0.010027234572647658
22.971,0.029979246350348973
22.972,-0.04541440584748976
22.973,0.006341741923365712
22.974,-0.0484624960457964
22.975,-0.09208569985316675
22.976,0.10858570983906626
22.977,-0.08774452420894148
22.978,0.0012917045546866155
22.979,0.00472474820895007
22.98,0.020378546304157443
22.981,-0.005685587970750563
22.982,-0.0009287180267816496
22.983,0.014145906138983227
22.984,0.035308917056506586
22.985,0.015157130087458118
22.986,0.015550479192867917
22.987000000000002,-0.04362944403994766
22.988,0.12625706498941172
22.989,0.05515090505861059
22.990000000000002,0.04121205231079788
22.991,0.001518943324023296
22.992,-0.015915038615574806
22.993000000000002,0.07831531368666958
22.994,0.02788586797399804
22.995,0.06700033098725658
22.996000000000002,-0.03208790306278762
22.997,0.11194533682692681
22.998,0.07827779442576563
22.999,0.027304867055373987
23.0,0.05245681235657677
23.001,0.06344340816280997
23.002,-0.04350093146951214
23.003,0.10387373705513933
23.004,0.0405056652325169
23.005,-0.022726054989209515
23.006,-0.04638449935925842
23.007,0.053651260554111894
23.008,0.01064813357463358
23.009,0.02001454214297277
23.01,-0.006929447672104985
23.011,-0.06243137758418619
23.012,0.009276365197403099
23.013,-0.029667277376050107
23.014,-0.024236704415150585
23.015,0.09265695777857283
23.016000000000002,0.014581638694806609
23.017,0.015186952197058366
23.018,0.10302581190055521
23.019000000000002,-0.015164966955478476
23.02,-0.029326847189433625
23.021,-0.06970393787911192
23.022000000000002,-0.05830955050772792
23.023,-0.13748363032306904
23.024,0.005430305744336873
23.025000000000002,-0.09592977291640811
23.026,0.014508796232140308
23.027,-0.030402152353951505
23.028000000000002,-0.01908228275143066
23.029,-0.024487791801354655
23.03,0.05035723623597117
23.031,0.045208310927957754
23.032,-0.012816811413778282
23.033,-0.05227572993285707
23.034,0.043014938142329366
23.035,-0.04772016331025567
23.036,-0.07256204038661833
23.037,0.03419777635057458
23.038,0.07417437399429101
23.039,-0.0032191215881820327
23.04,0.04080983603199391
23.041,0.0030638053882086937
23.042,0.06288056429383389
23.043,0.08409533594742652
23.044,0.01835792097823174
23.045,-0.01815684246530043
23.046,-0.03836483676937144
23.047,0.0815585122464578
23.048000000000002,-0.021253472945978208
23.049,0.05398624637726249
23.05,0.07357781499146107
23.051000000000002,0.008486585627093955
23.052,0.023623280737448203
23.053,0.07982856359716267
23.054000000000002,-0.013001756553752124
23.055,-0.020922928279955687
23.056,0.009660372282378336
23.057000000000002,0.0817994302166806
23.058,0.09471884491048072
23.059,0.0053276710447538785
23.06,-0.029394626653335924
23.061,0.055277887015707856
23.062,-0.0855587509961769
23.063,0.006151060573498516
23.064,-0.01247305280489813
23.065,0.0505095165597215
23.066,0.051861706628826804
23.067,-0.06847480681816576
23.068,-0.016127864135473444
23.069,-0.05586611065123947
23.07,-0.04444833873077223
23.071,-0.0009470409869435405
23.072,-0.05015610512533982
23.073,-0.02484880010884199
23.074,0.012661592477075066
23.075,0.040384715359710444
23.076,-0.02062297234515703
23.077,-0.028369138434101455
23.078,-0.08835039256671436
23.079,0.0480297876764113
23.080000000000002,-0.004319089453786829
23.081,-0.019736556027509126
23.082,-0.01937409305126002
23.083000000000002,-0.0023481220041095645
23.084,0.021734103828041643
23.085,0.03167837746029311
23.086000000000002,0.0713762312411242
23.087,0.007030532338734724
23.088,0.08673479823834815
23.089000000000002,0.056051243392358445
23.09,0.004253478614483283
23.091,-0.07211548053523009
23.092,0.01936765842316167
23.093,0.09664013210943771
23.094,-0.01667977200594209
23.095,0.029267793427784256
23.096,0.03611894119622891
23.097,0.07729245688440599
23.098,0.012706543361509823
23.099,-0.009904382034467245
23.1,0.06306924070993801
23.101,-0.0020728984972235923
23.102,-0.05663557387762028
23.103,0.126717060319659
23.104,0.08013058310722707
23.105,0.12656371698762736
23.106,0.07426422073528609
23.107,0.06233048900584509
23.108,0.044148303571139
23.109,0.013376575701060264
23.11,0.044978394079341066
23.111,-0.011859182660815159
23.112000000000002,-0.041446001218469926
23.113,-0.008546878278566513
23.114,0.06857846151025601
23.115000000000002,-0.06173054691198051
23.116,-0.06504685762839425
23.117,0.02129353978893122
23.118000000000002,-0.03296100515710202
23.119,0.008302475698451502
23.12,0.02997717096523789
23.121000000000002,0.000288040292347181
23.122,-0.05735819742614473
23.123,0.03579962481929936
23.124,0.006549819965003655
23.125,-0.03100197825466737
23.126,-0.034762916756205346
23.127,-0.015859610566561422
23.128,-0.05055706611601346
23.129,-0.11643464581458865
23.13,0.0031977066430392276
23.131,0.0012639804868628118
23.132,-0.1468311741209397
23.133,-0.00431129681727235
23.134,0.060322492269394665
23.135,-0.08116201561254248
23.136,-0.025382588233828076
23.137,-0.027456935793965784
23.138,0.06827465899690373
23.139,0.04511507478196421
23.14,-0.05089030821284674
23.141000000000002,0.014193622699925995
23.142,0.11631694731876006
23.143,-0.025974443993763127
23.144000000000002,0.008706629797263336
23.145,0.038813648744879435
23.146,-0.013673236756175159
23.147000000000002,0.10844728268934017
23.148,-0.0001697888947508469
23.149,-0.0431364473607162
23.150000000000002,0.0025538971401156026
23.151,0.0635435567521994
23.152,-0.00735337752840922
23.153000000000002,0.04887855285178497
23.154,0.06264330064366373
23.155,-0.025659893149795075
23.156,0.006393026874264164
23.157,0.051341386286889446
23.158,0.06786118156150894
23.159,0.004198209354023954
23.16,0.03669426048165751
23.161,0.012476655826058556
23.162,0.06026708821138659
23.163,0.046718398815613196
23.164,-0.0013380157735952587
23.165,0.03760917092995274
23.166,-0.010779259789942909
23.167,0.028748241934561363
23.168,0.02539495766569891
23.169,0.1163091111771601
23.17,-0.02309713647198007
23.171,-0.017299926459333183
23.172,-0.04640777483288419
23.173000000000002,-0.06930182506053734
23.174,-0.043853114365669715
23.175,0.00914684138066952
23.176000000000002,0.010020439194430204
23.177,-0.014441733310081204
23.178,-0.0459831413209121
23.179000000000002,-0.05740192357822553
23.18,-0.07966105553945499
23.181,-0.06228355729006797
23.182000000000002,-0.0993401721361955
23.183,0.0336414036972249
23.184,0.0584103880296499
23.185,-0.12897521707172938
23.186,-0.01601064419549649
23.187,-0.014711565478112861
23.188,-0.015388160490998969
23.189,-0.05259322438655167
23.19,0.03135755761262519
23.191,0.004214787238142396
23.192,0.039079464645639286
23.193,-0.04564723683216123
23.194,-0.07395648163135457
23.195,0.02098670114963237
23.196,-0.044858233392003365
23.197,0.06001941872474172
23.198,-0.09514331731315642
23.199,-0.008496813003133737
23.2,-0.012330883475404807
23.201,0.005125349314485061
23.202,0.037776954862302606
23.203,0.047169528079714286
23.204,0.06160208762992104
23.205000000000002,0.06921275450668057
23.206,0.02430083885129251
23.207,0.13927216613929866
23.208000000000002,0.10368439840835092
23.209,0.01874990930544152
23.21,0.027051509420317116
23.211000000000002,0.01632157354819036
23.212,0.049763454924007175
23.213,-0.01880886114497177
23.214000000000002,-0.011909248443914479
23.215,-0.08340022160892079
23.216,0.0020924197298435414
23.217,0.07201830339618767
23.218,0.007672658993513087
23.219,0.006757823656912812
23.22,0.021604193921931573
23.221,-0.04638979801403
23.222,0.0009625756522066741
23.223,0.040196780697782944
23.224,0.007051745728592162
23.225,0.03679086952090811
23.226,0.0474169425535759
23.227,0.013886775401102183
23.228,-0.05809738452166069
23.229,-0.04251156669199348
23.23,0.06874395065124198
23.231,-0.014263014676472282
23.232,-0.02265045947336749
23.233,-0.07598537159137017
23.234,-0.03839425639604236
23.235,0.0016303121093409687
23.236,-0.03334175877547126
23.237000000000002,-0.059478777894371
23.238,-0.046843254094677336
23.239,0.028600506628105055
23.240000000000002,0.004308098766611999
23.241,-6.899119612879812e-05
23.242,-0.0020488482956295753
23.243000000000002,-0.08023537336304323
23.244,-0.004167932305447727
23.245,0.03915728881206655
23.246000000000002,-0.023551985938250003
23.247,0.04224594065023871
23.248,0.024606032240225957
23.249,0.042733437403370725
23.25,0.007881427848394467
23.251,0.05357347114395102
23.252,-0.06020938460810544
23.253,0.018281332838222444
23.254,0.05564344212087392
23.255,0.03789928409776528
23.256,0.0806375497116874
23.257,0.020415852425141823
23.258,0.002921688178838533
23.259,-0.050054143652011183
23.26,0.019415978398961482
23.261,0.059616418382291335
23.262,0.07206556058540953
23.263,-0.03617073118026908
23.264,0.09186248716884526
23.265,-0.016773117126616305
23.266000000000002,0.024302242657897963
23.267,-8.732939113369545e-05
23.268,0.046819771392793794
23.269000000000002,0.02790794725556247
23.27,0.05403082493096855
23.271,0.1089745486364405
23.272000000000002,0.033098871512699864
23.273,-0.019386369339291526
23.274,0.0286137576564064
23.275000000000002,0.09885493756617342
23.276,0.03043229074460379
23.277,0.04095180964443363
23.278000000000002,-0.08987087578282166
23.279,0.005434827254215069
23.28,-0.030833721171416306
23.281,-0.054720990659530996
23.282,-0.024825566194807427
23.283,-0.020944822081585848
23.284,-0.05989817830175309
23.285,-0.021161113818651198
23.286,-0.040741925191263746
23.287,0.002013826768965686
23.288,-0.02231304018120602
23.289,-0.015014543314363991
23.29,0.015505938838450993
23.291,-0.004907217380924214
23.292,-0.0317009225511017
23.293,-0.134052321273583
23.294,-0.0019202126044704296
23.295,-0.07072359945887725
23.296,-0.026614769752334795
23.297,-0.0006196812609226103
23.298000000000002,0.050873268829155785
23.299,0.07994790638282402
23.3,-0.054452958090152596
23.301000000000002,-0.07029488652988919
23.302,0.015734846393056397
23.303,0.015527043840471507
23.304000000000002,-0.05278008302091512
23.305,0.010289144135182521
23.306,0.04464703091833027
23.307000000000002,-0.0432920721569742
23.308,-0.02832080000429207
23.309,-0.00790305975218052
23.31,0.0162520961464063
23.311,0.06375240508863114
23.312,0.014517048158355621
23.313,0.03496823467350822
23.314,0.14542806707808356
23.315,-0.014236538253330218
23.316,0.0009259773141949632
23.317,0.0670138735410155
23.318,0.08158910524833998
23.319,0.05156114785982082
23.32,0.1194793000423869
23.321,0.04271405322040324
23.322,-0.0745227198540037
23.323,0.026239761252829636
23.324,-0.01034536970303155
23.325,0.08395860495828442
23.326,0.05936127046548632
23.327,-0.07214433868055053
23.328,0.07096663208380036
23.329,0.046483705929922195
23.330000000000002,-0.02063486578713087
23.331,-0.012198459206708595
23.332,0.05758360715391083
23.333000000000002,-0.11418236108681877
23.334,0.0032982808674223117
23.335,0.03259697311277605
23.336000000000002,-0.029305430892581325
23.337,0.0050734815345321455
23.338,-0.024238807958148464
23.339000000000002,-0.07026687802508522
23.34,-0.07275581871194774
23.341,0.0024986255564589735
23.342,-0.06522005811319471
23.343,-0.10953956413375993
23.344,-0.026607195320808574
23.345,-0.05734686663818461
23.346,-0.09017736971380395
23.347,-0.02474772273078989
23.348,0.012305460632592243
23.349,-0.022415857838605547
23.35,-0.07377856926085814
23.351,0.006861406038227245
23.352,0.03800296597917002
23.353,0.10055894629031883
23.354,0.06579913681153646
23.355,-0.052676123354554
23.356,0.04441236327676684
23.357,0.01822841493081493
23.358,-0.04838485934566242
23.359,0.027099023192926598
23.36,0.1123527389635987
23.361,0.07949392340840683
23.362000000000002,-0.027962950225187123
23.363,0.026089880041587403
23.364,0.05233085633114537
23.365000000000002,-0.05678844891912661
23.366,-0.05351593484119349
23.367,0.04010500756016987
23.368000000000002,0.041428242284089374
23.369,-0.05868143141867965
23.37,0.052414595013004356
23.371000000000002,0.08666538630168061
23.372,0.020258252267040023
23.373,0.032590719320107354
23.374,0.05619008909914171
23.375,0.04721039624311845
23.376,-0.060880004097317086
23.377,-0.025722513589893553
23.378,-0.0035447325503211655
23.379,-0.0303016422908754
23.38,0.08240574349977192
23.381,0.03697540158833354
23.382,-0.05411118262892647
23.383,-0.013235547068596306
23.384,0.05014336073373571
23.385,-0.0424561768226221
23.386,0.028808459469807
23.387,0.051953098070970746
23.388,0.040404659667741975
23.389,-0.014296064035011357
23.39,0.036643768825424486
23.391000000000002,-0.05425233054995864
23.392,0.09430958366035468
23.393,-0.019371904808802173
23.394000000000002,0.024929121817182834
23.395,-0.051059987370429036
23.396,-0.008083149214743582
23.397000000000002,-0.005519297032360863
23.398,-0.07832218756717041
23.399,-0.07855152610604352
23.400000000000002,-0.039181593477552124
23.401,0.02838155880995354
23.402,-0.11601527259840197
23.403000000000002,-0.0398092032435199
23.404,0.04690157902247122
23.405,-0.0768688037649363
23.406,0.050971432800963876
23.407,-0.06441437421187214
23.408,-0.050043851580113166
23.409,-0.007713369832214256
23.41,0.09718839638791679
23.411,-0.02466728263797233
23.412,-0.07560012842663831
23.413,-0.05548773072081958
23.414,0.06456463879633441
23.415,-0.04666074235214216
23.416,0.08329167013329902
23.417,0.029869562413562856
23.418,0.02688830819806221
23.419,0.04509509850204769
23.42,-0.008505603306475054
23.421,0.039309155204581295
23.422,-0.026810209065972715
23.423000000000002,0.10026289372321517
23.424,-0.019023946795690694
23.425,0.053361648373230174
23.426000000000002,-0.02167584729725512
23.427,0.001631614422246186
23.428,0.007441116150613655
23.429000000000002,0.1726816194194449
23.43,0.020048919078523124
23.431,-0.023433431680679514
23.432000000000002,-0.007954809808375828
23.433,-0.06452610311264988
23.434,-0.0011433398180759977
23.435,0.09574383016076751
23.436,0.016142640610611516
23.437,0.04067258476255195
23.438,-0.053769155636610534
23.439,-0.022097966655048408
23.44,-0.005228590008441397
23.441,-0.05496782131646898
23.442,-0.0017216827957272952
23.443,0.006330599459073247
23.444,0.000320874168682133
23.445,-0.03638562511270221
23.446,0.024102499324865367
23.447,-0.04451516259218932
23.448,-0.04982992923125734
23.449,0.039380307042370166
23.45,-0.08790181086023946
23.451,-0.11711005640750011
23.452,-0.07432015105280196
23.453,-0.010108990526393621
23.454,0.036572402510867325
23.455000000000002,-0.058389312216687486
23.456,0.06797098030072544
23.457,-0.01850569498416248
23.458000000000002,-0.02246405080688868
23.459,-0.055777762784351245
23.46,0.08787528614719285
23.461000000000002,-0.013486414438492519
23.462,-0.06877009991950986
23.463,0.12454233685715574
23.464000000000002,0.025147531596910314
23.465,0.0491337453992951
23.466,0.09687013594900193
23.467,0.04693728602878744
23.468,0.06815568362642756
23.469,0.02505557340273136
23.47,0.06164482799878612
23.471,0.025524031077172504
23.472,0.028118738539311624
23.473,0.03661001520037787
23.474,0.011855527208611456
23.475,0.05754985297454528
23.476,0.05761189994839808
23.477,0.0732057404915068
23.478,0.06353586395231192
23.479,0.13041857440584123
23.48,0.08148993531347179
23.481,0.016540678055914693
23.482,0.04723159153624282
23.483,0.09254979784845446
23.484,-0.028547902499427714
23.485,0.11643869182737603
23.486,-0.02644498494986323
23.487000000000002,0.05369319098152908
23.488,0.005283734088066326
23.489,-0.0013853469538424531
23.490000000000002,-0.06779122705519766
23.491,0.038960636789600295
23.492,-0.07451104767103123
23.493000000000002,-0.0857697268897704
23.494,0.04100527102407839
23.495,0.0693872341930343
23.496000000000002,-0.056290179945795785
23.497,0.02471000885726826
23.498,0.01221516507232923
23.499,-0.033971217568936396
23.5,0.036017437760288665
23.501,-0.03990780314340612
23.502,-0.006365474884860344
23.503,-0.09500144162182891
23.504,-0.09248968268853128
23.505,0.02732895140152004
23.506,-0.0023193933383214467
23.507,-0.035347441708007
23.508,0.06921114107121266
23.509,0.07108823098838507
23.51,0.0009112132691973321
23.511,-0.09081055660205223
23.512,-0.02034109199147605
23.513,-0.052921443476757375
23.514,-0.003193656602853141
23.515,-0.05075696682276485
23.516000000000002,-0.05997339436546581
23.517,-0.10951210248857028
23.518,0.01571060846427909
23.519000000000002,-0.1039640954085638
23.52,-0.0015644712841717482
23.521,0.05244027192941818
23.522000000000002,-0.015357176087501312
23.523,-0.030753940045646955
23.524,0.022510054758039022
23.525000000000002,-0.01347107381119459
23.526,0.03891257602586629
23.527,-0.020750526631555542
23.528000000000002,0.02650114972362721
23.529,0.014801950954465844
23.53,0.031501017543665445
23.531,0.11334657822950658
23.532,0.04065614628905877
23.533,0.054542029643831924
23.534,-0.0036692617792301943
23.535,0.03660441813338043
23.536,0.009222773743144978
23.537,0.021651558934816337
23.538,0.04954496370122767
23.539,-0.01121950594202288
23.54,-0.009604342522006303
23.541,-0.017657565912626703
23.542,-0.022347911704710514
23.543,0.007835793465732703
23.544,-0.02277613509974733
23.545,0.06663438495619374
23.546,0.12212377958025764
23.547,-0.043637739389404115
23.548000000000002,-0.0037352064365742746
23.549,0.03052580535012046
23.55,-0.03730533627658218
23.551000000000002,-0.0760485177968552
23.552,0.0586325812739652
23.553,0.004475302265367433
23.554000000000002,-0.015042578239001406
23.555,0.04083202649936922
23.556,0.00653782368187783
23.557000000000002,-0.03420940414785336
23.558,-0.08004449610746706
23.559,-0.054849775525499904
23.56,0.03150342404447569
23.561,0.007207583915273718
23.562,-0.03401895462103972
23.563,0.06619301069061004
23.564,-0.027141643880515924
23.565,0.03321450064079562
23.566,-0.0018187638363877968
23.567,0.08734296664468895
23.568,0.031990422551621156
23.569,0.0003654830323013747
23.57,-0.007137985879888571
23.571,0.004751625244929387
23.572,-0.027109117150090928
23.573,-0.05566173751197153
23.574,0.031446664949910066
23.575,-0.007551675302382335
23.576,-0.0048351194793263275
23.577,0.02007688491216562
23.578,0.029336225889216375
23.579,0.028930640916438728
23.580000000000002,0.1169188557147962
23.581,0.06415105287499412
23.582,0.13702259488590904
23.583000000000002,0.0098456906741195
23.584,0.07070622183804258
23.585,0.011640106126555798
23.586000000000002,0.0016202100350644413
23.587,0.13541134147169864
23.588,-0.012203020121973045
23.589000000000002,-0.08767257965636066
23.59,-0.014102347671294955
23.591,-0.08203255302215512
23.592,-0.03234630572357043
23.593,-0.03108558310920472
23.594,0.010077662600583787
23.595,-0.0978135214985442
23.596,0.060753856210348636
23.597,-0.09655390857620977
23.598,-0.012834988306083112
23.599,-0.026246755761113745
23.6,0.027776845587460748
23.601,0.0008222724429964474
23.602,0.039556897554842145
23.603,-0.040617207552137546
23.604,-0.04822770591980512
23.605,-0.006451090361744689
23.606,0.022643550722601633
23.607,0.011109011387741573
23.608,-0.014965489483664666
23.609,-0.019906293188256145
23.61,-0.0334020721104505
23.611,-0.010703802983950489
23.612000000000002,0.07136369561750379
23.613,-0.041275879226428704
23.614,-0.045734583212786964
23.615000000000002,-0.047547153734805864
23.616,-0.0036593767120838665
23.617,-0.1265310719577428
23.618000000000002,-0.024231966480037618
23.619,0.02975811569026193
23.62,-0.037185666417325694
23.621000000000002,0.0020096931226033154
23.622,0.10178932646064735
23.623,0.016599805883034342
23.624,-0.1082460857537852
23.625,-0.06313631175875775
23.626,-0.0016525639850815486
23.627,-0.02590573071084246
23.628,0.02264432077863333
23.629,0.005693694832120889
23.63,0.08139061605546627
23.631,-0.029134397399502028
23.632,0.017050736428234042
23.633,0.03990321938094744
23.634,0.047310565188103726
23.635,0.038390050298101594
23.636,-0.08914634099781452
23.637,0.035516188084811315
23.638,0.023315919117301742
23.639,0.07313602496109088
23.64,0.06474370311071594
23.641000000000002,0.038908397292864945
23.642,0.04042569827054429
23.643,0.0899473916033052
23.644000000000002,0.07709698323186184
23.645,0.030333902988760875
23.646,0.12059620341744093
23.647000000000002,-0.021508888526317667
23.648,-0.05293065006764182
23.649,0.0021542502235913307
23.650000000000002,-0.019675337010564554
23.651,-0.12791778062429235
23.652,-0.04086997055459397
23.653000000000002,0.005443375800974298
23.654,-0.017958961116589192
23.655,-0.05699335056766608
23.656,-0.018914898862676468
23.657,-0.017447298502865093
23.658,0.009909501859234438
23.659,-0.05980530166081019
23.66,0.014459612920966574
23.661,-0.08486467808187727
23.662,-0.056182037618232525
23.663,0.053683654753345356
23.664,-0.08228155300173458
23.665,-0.06341917491304858
23.666,-0.09210953867376609
23.667,-0.06938484551015131
23.668,-0.019285192386889537
23.669,0.011302428948654377
23.67,-0.02244762672920699
23.671,-0.03494567433519311
23.672,-0.0777885542911432
23.673000000000002,-0.04873058983037208
23.674,-0.08623084478697107
23.675,0.031465592264641
23.676000000000002,0.03858036761713854
23.677,-8.434557896250879e-05
23.678,0.02764365417451231
23.679000000000002,0.05293747273357755
23.68,0.01761372157608227
23.681,0.08548673976995746
23.682000000000002,-0.03234977877203824
23.683,0.004178985908913323
23.684,0.0006989056144774894
23.685,0.058588335370676294
23.686,-0.04370268814042632
23.687,0.10179422790457687
23.688,0.05846949115682367
23.689,0.11846151265529223
23.69,0.029057360226236752
23.691,0.003280463911176777
23.692,0.06293778846803157
23.693,0.08048236117091595
23.694,-0.008294012907811923
23.695,-0.0743573554227911
23.696,-0.06804642411869814
23.697,0.03376064650935502
23.698,0.0948412441987227
23.699,-0.0503144205582738
23.7,-0.0021968035474569086
23.701,-0.00946303739012535
23.702,0.10041569127796392
23.703,0.113694512418722
23.704,0.018344046106923587
23.705000000000002,0.03842433034327696
23.706,0.03352794943698326
23.707,-0.07736530202943984
23.708000000000002,0.018395156719823037
23.709,-0.07046384780941878
23.71,-0.030742996830742362
23.711000000000002,0.03244468621162204
23.712,-0.022532112593066138
23.713,0.02687671337821136
23.714000000000002,0.03543587664103007
23.715,-0.11824555234097862
23.716,-0.1397358584162876
23.717,0.027227046097469603
23.718,0.02964189979936335
23.719,-0.016829606674379105
23.72,-0.008820851479243531
23.721,0.01783987467968036
23.722,0.018896047732467287
23.723,-0.037704078298002965
23.724,0.027936298315442313
23.725,-0.03426856582029401
23.726,-0.0016236601584336315
23.727,-0.00046744907992217824
23.728,-0.04996495808327764
23.729,-0.040571849280567514
23.73,0.1118991617749797
23.731,-0.040788555971915046
23.732,0.02586172435282451
23.733,0.03980873478070787
23.734,0.011412372671037467
23.735,0.05080599865575545
23.736,0.03655011283828137
23.737000000000002,-0.02082050651433256
23.738,0.051810125090239675
23.739,-0.00033406573505558035
23.740000000000002,0.11549502465186297
23.741,0.05108509938136558
23.742,-0.004620538300884922
23.743000000000002,0.047840668038064936
23.744,-0.015601227703995208
23.745,0.043023349303819715
23.746000000000002,0.017927172527487666
23.747,-0.013456173965170834
23.748,-0.015793275499515425
23.749,0.14585672089503762
23.75,0.02627931235267044
23.751,-0.0025758621251134733
23.752,-0.014194398997770304
23.753,0.03643021963370838
23.754,-0.022408626996285146
23.755,-0.04870024882561286
23.756,0.0008427266348381029
23.757,-0.0031346753659297587
23.758,-0.025570461176351596
23.759,-0.05279925882243167
23.76,-0.03118415431293574
23.761,-0.03835653018730494
23.762,-0.048325529069038406
23.763,-0.006866822786857671
23.764,0.08812150376601713
23.765,0.04122104998996523
23.766000000000002,0.06990209063183282
23.767,-0.05702944757675249
23.768,0.054034051894242235
23.769000000000002,-0.018982140334804096
23.77,0.01874530696969411
23.771,-0.0074930186002476265
23.772000000000002,-0.04692819920649195
23.773,0.007233515479488334
23.774,-0.0030755522810156644
23.775000000000002,-0.11393604005995514
23.776,-0.029586392073932266
23.777,0.022707992459954772
23.778000000000002,-0.004285902989488543
23.779,0.008320962090359983
23.78,-0.049511741351346075
23.781,0.004245286194846144
23.782,-0.009890401564654872
23.783,-0.011685483377312983
23.784,-0.03189583227749357
23.785,0.05135991791588237
23.786,0.026361113862381137
23.787,0.02465921333890295
23.788,0.11814240222088943
23.789,0.04224802758456417
23.79,0.08128071222354509
23.791,0.03730615133709668
23.792,0.008077766958843203
23.793,-0.025500153470052245
23.794,0.04086772622775087
23.795,-0.10343233930290563
23.796,0.043898973355273624
23.797,0.04616140288241845
23.798000000000002,0.019209927628891912
23.799,0.024752127378964744
23.8,-0.03431050534703721
23.801000000000002,0.09601670789825906
23.802,0.0079945674593222
23.803,-0.025968836665676908
23.804000000000002,0.04733640400804244
23.805,0.022832615153952074
23.806,-0.0036677256846228013
23.807000000000002,-0.012193615757544116
23.808,0.007334755460813193
23.809,0.07141254291732735
23.81,0.024048762422473523
23.811,-0.004705661979036668
23.812,0.0361224055432942
23.813,-0.008545656069250578
23.814,0.006870631053318461
23.815,-0.008751871126755299
23.816,0.010305623947532844
23.817,-0.044000066032464716
23.818,-0.08106791829484128
23.819,0.01926694862922333
23.82,0.047556591257134746
23.821,-0.08351582140852762
23.822,-0.020789879375202512
23.823,-0.05262010938675617
23.824,0.013986404245732473
23.825,-0.017440060649584792
23.826,0.1374217335789654
23.827,-0.04280428830590283
23.828,0.0507330927051388
23.829,0.05756068748649516
23.830000000000002,0.004802115133566032
23.831,-0.017429850471929402
23.832,-0.011683620588935729
23.833000000000002,-0.012831502270921074
23.834,0.04658964214726957
23.835,-0.05030322498541853
23.836000000000002,-0.011226129520958354
23.837,-0.01374941816227019
23.838,-0.08241947736512403
23.839000000000002,0.050311237930921994
23.84,0.06388370673858638
23.841,-0.017750390453720732
23.842,0.06849612771359932
23.843,-0.059399904916347925
23.844,0.02350027182697802
23.845,0.018200657014410995
23.846,0.030773165379160233
23.847,0.0320205853582624
23.848,0.025163656670049737
23.849,0.010349010761832877
23.85,0.02461399400895612
23.851,0.09810758540291727
23.852,0.0004949929214321247
23.853,0.14127682541982972
23.854,-0.004562176924736979
23.855,0.03751084138894724
23.856,0.05202908548305908
23.857,0.006519149451636026
23.858,0.08757329098135977
23.859,0.04281058737634017
23.86,0.0021865882336996444
23.861,0.07770657273696847
23.862000000000002,-0.04504430062712165
23.863,-0.02603450060250077
23.864,0.026848172451924477
23.865000000000002,0.0352920772176279
23.866,0.00791634189734589
23.867,-0.017893182470893384
23.868000000000002,-0.027264182850704536
23.869,0.0389235307172036
23.87,-0.008336795222017579
23.871000000000002,-0.06639669557112707
23.872,-0.07139296308362142
23.873,0.049006273729870486
23.874,-0.06400543543194218
23.875,-0.015443826221079631
23.876,0.037853258923906494
23.877,-0.002788775574612056
23.878,-0.06756611792408851
23.879,-0.07984941007587737
23.88,0.0654494505326515
23.881,-0.07869725718530615
23.882,-0.05252987566617576
23.883,-0.004126542400252373
23.884,-0.03126817889444111
23.885,0.011072652364027914
23.886,-0.08805781731517823
23.887,-0.022039784657846017
23.888,0.025671512743974417
23.889,0.02925945880050959
23.89,-0.02993346977480632
23.891000000000002,-0.04889631041246281
23.892,0.01634319402182011
23.893,-0.05657670075038777
23.894000000000002,0.07652271270902215
23.895,0.023271302108682168
23.896,-0.016561655892018166
23.897000000000002,-0.03182129899714894
23.898,-0.00841350513312674
23.899,-0.05284303774590446
23.900000000000002,0.05165765371454202
23.901,-0.0119302581785755
23.902,0.04909954231108955
23.903000000000002,0.05649533682610651
23.904,0.07801146971967429
23.905,0.04198788731699846
23.906,0.08493599747246383
23.907,0.09686355752593667
23.908,0.03897309155257386
23.909,0.040134279194754964
23.91,-0.00585308586666267
23.911,-0.029850645481668464
23.912,0.08087608794629095
23.913,0.04407124737898295
23.914,0.04494843495177184
23.915,-0.022250476689728366
23.916,0.08506006070606963
23.917,-0.011039563063119394
23.918,-0.04317768890062957
23.919,-0.03520214569512524
23.92,0.0686996630392484
23.921,-0.0686164407549733
23.922,-0.053642873740079484
23.923000000000002,0.1260390778345674
23.924,0.025627411310722884
23.925,-0.06031892127219629
23.926000000000002,-0.07965293647644586
23.927,-0.11077639781271172
23.928,-0.023471958645437645
23.929000000000002,0.007278260875649371
23.93,0.04642389698299722
23.931,-0.12420136211854894
23.932000000000002,-0.09535070223469799
23.933,-0.03423784330330419
23.934,0.11233376648105026
23.935000000000002,0.018828379282702052
23.936,-0.00489333456276872
23.937,-0.08252245032418482
23.938,-0.12472610614270749
23.939,-0.013977820578301606
23.94,-0.01786393649001905
23.941,-0.023084482348725663
23.942,-0.025382130659102272
23.943,-0.040358200906194165
23.944,-0.048363555771709074
23.945,0.07344438947147244
23.946,-0.03696313371023859
23.947,-0.0031527793075520946
23.948,0.011843789011904332
23.949,0.05206324024212333
23.95,-0.02312291662343623
23.951,0.07082183305287429
23.952,-0.004918261335356451
23.953,0.017784149183718324
23.954,0.10949034566608778
23.955000000000002,-0.020047031319328966
23.956,0.06514634087206878
23.957,0.07961690933434881
23.958000000000002,0.04476126234092452
23.959,0.02286640749548765
23.96,0.13410868238825877
23.961000000000002,0.02582854112830068
23.962,0.03505693439601696
23.963,0.006017033302793788
23.964000000000002,0.028073691626850278
23.965,0.06611980715912408
23.966,0.0012970750344722653
23.967,-0.09342220642574542
23.968,0.03446058714367137
23.969,-0.04847660358982486
23.97,0.03911838426038425
23.971,-0.001483708084120667
23.972,0.04231693730319669
23.973,-0.05560860994652845
23.974,-0.03819104662257623
23.975,-0.03151141339902878
23.976,-0.0915020182241851
23.977,0.03554573305765478
23.978,-0.10365660688357956
23.979,0.030429643942053358
23.98,-0.004928940861889507
23.981,-0.037443839165854934
23.982,-0.011216570549399313
23.983,-0.01316467696126146
23.984,-0.049250941450195485
23.985,-0.014097212214085622
23.986,0.008179084828260238
23.987000000000002,-0.07459859606123176
23.988,-0.008662259751977635
23.989,-0.15553833058060096
23.990000000000002,-0.11861893677242193
23.991,0.008474868176829669
23.992,-0.03798414794196818
23.993000000000002,-0.05687128536602088
23.994,-0.013762796296457377
23.995,-0.027669359061496285
23.996000000000002,-0.05395525621431943
23.997,-0.08306943034598394
23.998,-0.09610299850246032
23.999,0.04263313608574962
24.0,-0.012122735509414997
24.001,0.06066293448288039
24.002,-0.006433144190633575
24.003,0.03575094559195239
24.004,0.014285942362791732
24.005,0.025047747802503878
24.006,0.029430863822948444
24.007,0.004104861484985813
24.008,-0.033844204838171056
24.009,0.06680859085491236
24.01,0.10865117032284337
24.011,0.11200678303297804
24.012,0.0010542261683635923
24.013,-0.008664885484328047
24.014,-0.000830169219755577
24.015,0.016612214666967613
24.016000000000002,0.020951556631494818
24.017,-0.02847554065201597
24.018,-0.055014046873552776
24.019000000000002,0.018761184563384194
24.02,-0.1631881489121354
24.021,0.00518512754749911
24.022000000000002,-0.040273311616576234
24.023,0.04262325176831891
24.024,0.05260028664384277
24.025000000000002,0.050382261648851234
24.026,-0.02385567110522375
24.027,-0.06655234863104355
24.028000000000002,-0.05365017456100698
24.029,-0.0014859937987433368
24.03,-0.10088574030362048
24.031,0.04861643939401446
24.032,-0.03976966105950566
24.033,-8.531357480189711e-05
24.034,-0.11567440338693318
24.035,-0.07404390267941088
24.036,-0.12378747975104908
24.037,0.02219051303515311
24.038,-0.036846482968276986
24.039,0.0001592540206525883
24.04,-0.0244136191644644
24.041,-0.002958914757133946
24.042,-0.04168990506102374
24.043,-0.03308874288906968
24.044,-0.025276667755220947
24.045,0.0020972626872649315
24.046,0.006176973370983867
24.047,0.12810982277295888
24.048000000000002,0.074755572788463
24.049,-0.09499774998371666
24.05,-0.009868189120137181
24.051000000000002,-0.019624815616135955
24.052,0.06804873492496026
24.053,-0.008430096666192289
24.054000000000002,0.03378401256709021
24.055,-0.10321831162392292
24.056,-0.05916933210553757
24.057000000000002,0.1237724737707487
24.058,0.024051910660765088
24.059,-0.026299391221002996
24.060000000000002,0.03752451118441616
24.061,-0.025865274562286687
24.062,0.013655803042201061
24.063,-0.04415364685545679
24.064,-0.01069891600967576
24.065,0.007783911922178331
24.066,0.08410506723237456
24.067,0.05035499190013685
24.068,0.0577875284570578
24.069,0.02292523478542326
24.07,0.06337592929084859
24.071,-0.02372867183372951
24.072,-0.019248231332758475
24.073,0.03496776237302188
24.074,-0.002367962619476128
24.075,0.007739794630615407
24.076,-0.0030469196989749347
24.077,0.06449036002807505
24.078,0.0637298227761013
24.079,-0.03619902271671654
24.080000000000002,-0.09615828311117011
24.081,-0.04689980297971315
24.082,-0.05917564912479075
24.083000000000002,0.02445588001796245
24.084,0.026326802603455914
24.085,-0.07354566978156893
24.086000000000002,-0.061706932955312474
24.087,-0.09959052507289297
24.088,-0.020225138897134256
24.089000000000002,-0.0301219693395468
24.09,0.01103256540747994
24.091,-0.003722247965126175
24.092,0.002170115119457243
24.093,-0.1048107470736074
24.094,-0.05801579054801481
24.095,0.022124200303802983
24.096,-0.05052214316922581
24.097,-0.1029197594927237
24.098,0.021206004122103207
24.099,-0.045445109181254786
24.1,0.039389114547051296
24.101,-0.011636075093925339
24.102,-0.021402459526971333
24.103,0.06389454668507233
24.104,-0.06606386583821115
24.105,0.07412532352528284
24.106,-0.026242874774438436
24.107,0.01707376171790744
24.108,0.020651804064064177
24.109,-0.0063572512626995075
24.11,-0.02037696249892899
24.111,0.001721932301254829
24.112000000000002,-0.028310432644197192
24.113,0.12241040649142605
24.114,0.0018145209060273886
24.115000000000002,0.0850198017154431
24.116,0.07925871831921877
24.117,0.0464891973894808
24.118000000000002,0.021610466657729647
24.119,0.037743737789372164
24.12,0.05593672868796256
24.121000000000002,0.03124880298284073
24.122,-0.05357602257107778
24.123,-0.06795885007463198
24.124,0.09628568118079635
24.125,-0.11330623937530654
24.126,0.025553832554768355
24.127,0.0011445031949438265
24.128,0.01788074331801857
24.129,-0.05034475549731553
24.13,0.02090996032175773
24.131,0.010354243906398853
24.132,0.13478200455580513
24.133,-4.5128281547760114e-05
24.134,0.05768367291357446
24.135,-0.08771086501021573
24.136,0.03535711006001642
24.137,-0.006988133578020623
24.138,-0.00721557548684661
24.139,-0.00863837061741457
24.14,0.06070127385518109
24.141000000000002,-0.013319129990907293
24.142,-0.06637908817265807
24.143,-0.05869343891119283
24.144000000000002,0.012621185438356577
24.145,-0.005811662523872198
24.146,-0.10426882182181783
24.147000000000002,-0.0011914274285963616
24.148,-0.07984818077115256
24.149,-0.0022714661469639616
24.150000000000002,-0.06258260540361621
24.151,-0.03419280961677524
24.152,-0.0448965167738113
24.153000000000002,0.06099456560637239
24.154,0.00805130126475826
24.155,0.05408934344366556
24.156,0.1389914237680686
24.157,-0.00015364051135297952
24.158,0.07591390538051479
24.159,-0.030862700393231725
24.16,0.07009162772304144
24.161,-0.02989273956656059
24.162,0.012551090799286705
24.163,0.04311789023344233
24.164,0.05356219094293682
24.165,-0.04246129643182292
24.166,-0.02016193526790257
24.167,0.05546399373946127
24.168,0.00786410961674399
24.169,-0.04262150440730142
24.17,0.024317023948783895
24.171,0.02215279250498066
24.172,0.0367951061251459
24.173000000000002,0.05387415288391348
24.174,0.04977969393704366
24.175,-0.013191407538826156
24.176000000000002,0.0030488252711954114
24.177,0.06802814155258995
24.178,-0.00776958044612101
24.179000000000002,-0.0028803548439741526
24.18,-0.061086201002857436
24.181,0.009752622804830628
24.182000000000002,0.025356573147446812
24.183,-0.09388548306109529
24.184,-0.05189327248454321
24.185000000000002,-0.07275802207666653
24.186,0.0344795225024631
24.187,-0.10375265656714239
24.188,-0.015152829526227653
24.189,0.021746961122132882
24.19,-0.007486356218994935
24.191,-0.04137283649358786
24.192,-0.004280788162360563
24.193,0.028313935469212667
24.194,-0.03052056036790847
24.195,-0.13834482583301605
24.196,0.03009515437049866
24.197,-0.0077951447693200525
24.198,-0.029595491318199135
24.199,-0.12670828768499717
24.2,-0.041971509965162905
24.201,-0.06982358375367886
24.202,-0.085498616402472
24.203,-0.029802314478118243
24.204,-0.04775728159001629
24.205000000000002,-0.04215487041343382
24.206,0.020896542427860258
24.207,-0.0005203391848993665
24.208000000000002,-0.035106681758617565
24.209,-0.03834081503309636
24.21,-0.026757238905535545
24.211000000000002,-0.01312508190591361
24.212,0.03172008871652178
24.213,-0.046376058949505486
24.214000000000002,0.08182761917182062
24.215,0.04117386664108877
24.216,-0.12209734118194085
24.217,0.02172508187149311
24.218,0.0719112185829741
24.219,0.041451435390783484
24.22,0.003236421104303347
24.221,0.022306582281448203
24.222,0.03543459641738807
24.223,0.06578935528460832
24.224,-0.04303029662896655
24.225,-0.002494365283124099
24.226,0.10933488669705643
24.227,0.028325084533172562
24.228,0.10197708714410969
24.229,0.17341366372981187
24.23,-0.002247812055681909
24.231,-0.03959764688683151
24.232,0.004623830616822281
24.233,0.07023816847025076
24.234,0.07441181427190738
24.235,0.12307369146849018
24.236,0.004512969838814172
24.237000000000002,0.027548222053186033
24.238,-0.035692952735858485
24.239,-0.12870077918703937
24.240000000000002,-0.008533658820048837
24.241,-0.06734656976711934
24.242,0.019535636613662068
24.243000000000002,-0.1094998535735519
24.244,-0.05498089318161371
24.245,-0.006964911373753551
24.246000000000002,-0.0037838664117905846
24.247,-0.02651733384270595
24.248,0.0678121020386831
24.249,0.05186114822731177
24.25,-0.06151795530976568
24.251,0.05285603793368692
24.252,0.06056359961039742
24.253,-0.033293878500540025
24.254,-0.024007482065993017
24.255,-0.02763066289250989
24.256,-0.05581603240657688
24.257,-0.04899667348630614
24.258,0.04640418447428216
24.259,0.0047269953851182545
24.26,-0.04219584771825914
24.261,-0.05793213154535022
24.262,-0.0465246349893773
24.263,-0.013681101302237122
24.264,0.0433752792760858
24.265,-0.042052016815839796
24.266000000000002,0.04925794297932235
24.267,0.017182544032885452
24.268,0.017536248272561915
24.269000000000002,0.06459881960975537
24.27,0.05820710071667538
24.271,-0.051678847269074936
24.272000000000002,-0.0334025040117244
24.273,0.011285805281071423
24.274,0.04220909602489363
24.275000000000002,0.09395083563987353
24.276,0.029931859807494778
24.277,0.11245152504198963
24.278000000000002,-0.00785499800345044
24.279,0.00043298784340386684
24.28,0.011484472966789297
24.281,-0.015004917097426258
24.282,0.08255845768636207
24.283,-0.11550999028239399
24.284,-0.004119729686337472
24.285,0.07625672427945923
24.286,0.0007591835943295683
24.287,0.06732346112607056
24.288,0.12067991971068681
24.289,0.011783895553867533
24.29,0.06307455277839501
24.291,0.12238540720644592
24.292,0.018315407086039428
24.293,-0.007383930022701443
24.294,0.037020860351515486
24.295,0.04809981176013268
24.296,-0.01590596567905425
24.297,-0.040817829499079306
24.298000000000002,0.06681400008472851
24.299,-0.03475287557040578
24.3,0.036591387499043684
24.301000000000002,-0.011505399752620629
24.302,0.0654862542331612
24.303,-0.06917048452266278
24.304000000000002,-0.06975468389124123
24.305,0.015406455987901156
24.306,-0.08357036539557519
24.307000000000002,-0.02058465274890724
24.308,0.05200562709757119
24.309,-0.11330523945287364
24.310000000000002,-0.0022742810853268805
24.311,0.04019626411386806
24.312,-0.01941586444229475
24.313,-0.061955734280743996
24.314,-0.0259980784793006
24.315,-0.051884000493822094
24.316,-0.0034543688784271246
24.317,-0.017607810020131467
24.318,-0.026245118472458022
24.319,0.0259224023543253
24.32,0.08473054405784572
24.321,0.025244596767018845
24.322,0.0789922690547626
24.323,0.09354162767297484
24.324,-0.012142700130886353
24.325,0.033283105084018855
24.326,0.000373285085927752
24.327,-0.050705983914215755
24.328,0.042648410224728206
24.329,-0.026632304762073032
24.330000000000002,0.05094657485678758
24.331,-0.05067510780836256
24.332,0.03568179613412662
24.333000000000002,-0.05176521668718944
24.334,0.059735026797338636
24.335,0.005284421494876165
24.336000000000002,-0.0009681564325559264
24.337,0.07809113784156638
24.338,0.0036324452832388887
24.339000000000002,0.0229277604016889
24.34,0.00488979341175203
24.341,0.03742245108030675
24.342,0.06126729867692695
24.343,0.04784454592812758
24.344,-0.020410235397601777
24.345,0.06019697930572644
24.346,-0.049246644127797876
24.347,-0.043678270917382266
24.348,-0.01597764003181716
24.349,0.03985244446644913
24.35,-0.07372174651625743
24.351,0.026844329147685746
24.352,-0.022737446300717824
24.353,-0.043680297051678654
24.354,0.031207219893155207
24.355,-0.06517890137323307
24.356,0.0882220456630716
24.357,-0.03555052672971052
24.358,-0.019514398373564383
24.359,0.05022316628511664
24.36,-0.01767007613506657
24.361,0.0337970977803989
24.362000000000002,-0.12213082712317626
24.363,-0.04509241086739655
24.364,-0.001299586358408416
24.365000000000002,0.03505160117764362
24.366,0.02184369698114271
24.367,0.01976713123727602
24.368000000000002,0.041817466187689445
24.369,0.015468326611513409
24.37,-0.11237613874304996
24.371000000000002,0.07002957975862507
24.372,-0.040800111357214466
24.373,0.019911849270657186
24.374,0.01636865053767874
24.375,0.012670415239761798
24.376,-0.04215568820518717
24.377,-0.08112844083040238
24.378,-0.03187187573180635
24.379,0.06174725086315856
24.38,-0.04999015489194325
24.381,-0.020076304155308717
24.382,0.04610619534908398
24.383,-0.02524925702247834
24.384,-0.00047283438859793
24.385,0.030960197661131332
24.386,0.0408202953202297
24.387,-0.026221962360306914
24.388,0.0322775185527029
24.389,0.04391669165118211
24.39,-0.041272479805114094
24.391000000000002,0.03123530823782194
24.392,-0.01751212210803765
24.393,0.02208506460590872
24.394000000000002,0.049397483726176694
24.395,0.0016033398053055675
24.396,0.0531174020839153
24.397000000000002,0.04391625509412607
24.398,0.046636951301476194
24.399,0.018254978231283945
24.400000000000002,0.05001938295624428
24.401,0.011187864099659524
24.402,-0.09436536485436633
24.403000000000002,-0.05338840855686541
24.404,-0.02693904487533575
24.405,-0.02310180164981746
24.406,-0.00295880837096775
24.407,-0.06301016378598408
24.408,0.07626924152002255
24.409,-0.0304589346814376
24.41,-0.02654044871891827
24.411,-0.06015260960634021
24.412,-0.07687596547263983
24.413,-0.03274602325840713
24.414,-0.02441279315688969
24.415,-0.029139709889131615
24.416,0.059300527224257646
24.417,-0.02811267065533624
24.418,-0.02413379030491161
24.419,0.023159987811142323
24.42,-0.023683766495457694
24.421,0.014518346477927392
24.422,-0.07354847944004696
24.423000000000002,-0.07017000346062166
24.424,0.0025635300775402525
24.425,-0.011999392863499263
24.426000000000002,-0.03774440876910402
24.427,0.011886130868607287
24.428,0.01925409399552048
24.429000000000002,-0.0238127800007255
24.43,-0.011537017947277848
24.431,0.027754604130366022
24.432000000000002,-0.031843520460684976
24.433,-0.008970419860013422
24.434,0.04965524950319244
24.435000000000002,0.023176717799218788
24.436,0.0015818556895630664
24.437,-0.018989195880722624
24.438,-0.02413504186329361
24.439,0.019933161935234093
24.44,0.12744134397933427
24.441,0.05370946081005579
24.442,-0.04230381994179403
24.443,0.05828436331224457
24.444,-0.016752053359745993
24.445,0.018926690339751213
24.446,-0.012559620334890446
24.447,0.11550319840991742
24.448,-0.04505488174701223
24.449,0.024456703157905754
24.45,-0.028484307754671142
24.451,0.039650624019378744
24.452,0.014273188280648164
24.453,0.05922621993849261
24.454,0.029352142403507336
24.455000000000002,-0.04419114090326748
24.456,0.1334673952766163
24.457,0.012771637445075536
24.458000000000002,-0.04498179397052009
24.459,-0.00937911966553133
24.46,0.009950015190241364
24.461000000000002,0.006411016821412176
24.462,0.0002565863395451
24.463,0.022802117083979136
24.464000000000002,0.017261656582754314
24.465,-0.06878936941300845
24.466,0.07909170343580008
24.467,0.07259614258080695
24.468,0.015018912022549433
24.469,-0.021930858736363232
24.47,-0.019579227013415693
24.471,-0.03676174186264734
24.472,-0.028209853697198764
24.473,-0.12549293724017496
24.474,0.06291810372009907
24.475,0.048022614489764234
24.476,-0.09179097427838818
24.477,0.03954467303394742
24.478,-0.0022714935001398474
24.479,-0.0087444011219927
24.48,0.0289256983817694
24.481,-0.07984036702340558
24.482,0.009650009208078767
24.483,0.016957985619766067
24.484,0.019597667031974894
24.485,-0.05042377467605248
24.486,0.0424234954761457
24.487000000000002,0.07491775511390508
24.488,0.04383981376233058
24.489,0.013235817559791974
24.490000000000002,0.16002824259813497
24.491,-0.020124503423820415
24.492,0.0649447169867859
24.493000000000002,0.03824148229956169
24.494,0.12613965008913397
24.495,0.04395604533822682
24.496000000000002,0.053431845683138676
24.497,0.04709373759446142
24.498,-0.032974429238442474
24.499,-0.025642658986110387
24.5,0.00163311690384663
24.501,0.0606892606451838
24.502,0.02170291164881804
24.503,-0.0031980782620741454
24.504,0.07274205209143073
24.505,-0.09805173413122985
24.506,-0.06679702296844962
24.507,-0.12988282912156454
24.508,0.05238680324408683
24.509,-0.01572897442497018
24.51,0.03470935070603775
24.511,-0.021592018502472884
24.512,0.03272964132271919
24.513,-0.02681255363604162
24.514,-0.001741626052336992
24.515,-0.010516469536736526
24.516000000000002,-0.007934484090201928
24.517,0.058631959846057444
24.518,-0.10725784824902038
24.519000000000002,-0.02952837709457764
24.52,-0.0159224506867911
24.521,-0.02276419153751291
24.522000000000002,-0.04408268071168638
24.523,-0.04960105390561202
24.524,0.05527334867652779
24.525000000000002,-0.022833619740644188
24.526,0.10479481534222068
24.527,0.011741153659188394
24.528000000000002,-0.026524195132343175
24.529,0.01838860790692138
24.53,-0.0008763213446787727
24.531,0.06378531203289842
24.532,-0.05864801957741589
24.533,-0.08726612622793645
24.534,0.023857509126923464
24.535,0.05052719480281251
24.536,0.025849854743852187
24.537,0.04783004566776934
24.538,0.04293286611617372
24.539,-0.055134978188525155
24.54,0.034909733334200596
24.541,0.08836125661986097
24.542,0.03247384112345178
24.543,-0.04057901579653785
24.544,0.008915460799408869
24.545,0.05378223785349606
24.546,0.11570417702788681
24.547,-0.07227375284294214
24.548000000000002,0.042874048988153855
24.549,-0.022870812274987933
24.55,0.0477262083220487
24.551000000000002,0.050024304174203095
24.552,0.006984532038923923
24.553,0.04797483449378719
24.554000000000002,0.07091755762441797
24.555,0.003031175974876123
24.556,-0.05841537693041117
24.557000000000002,0.07678894135394
24.558,0.04393797079202291
24.559,0.027650728962321888
24.560000000000002,-0.03811706425172051
24.561,0.042721896020222624
24.562,0.09268177044343476
24.563,-0.01826329122018809
24.564,-0.010062080078608438
24.565,-0.0704302442083428
24.566,-0.055294083286038784
24.567,-0.07492450973008982
24.568,-0.016240963254614573
24.569,-0.04109233585732974
24.57,-0.006352528427100396
24.571,-0.07018178259274808
24.572,-0.03420576702580065
24.573,-0.07338977190381515
24.574,-0.015864959897622745
24.575,-0.1060425094381035
24.576,-0.01569372522278109
24.577,-0.03573513730601173
24.578,-0.010976494314380887
24.579,-0.10058878256383186
24.580000000000002,0.01705654235053513
24.581,-0.028104981050233936
24.582,0.0003796878419701794
24.583000000000002,-0.10114447637576675
24.584,-0.06683809381233774
24.585,-0.021206222816522187
24.586000000000002,0.07010156298755842
24.587,0.030695635502523827
24.588,0.013770346141720295
24.589000000000002,-0.03609584330713672
24.59,-0.042491418567336785
24.591,0.029178949759543965
24.592,0.05269238643792526
24.593,0.030173946581895872
24.594,0.10699761211751735
24.595,-0.011106259445742898
24.596,0.033164449055357786
24.597,-0.05961773106906769
24.598,0.03609275207922674
24.599,0.09915628458117628
24.6,-0.02659487609867063
24.601,0.06702888880598551
24.602,0.09607268612343492
24.603,-0.011697335168443242
24.604,0.04458924000955361
24.605,0.09838558751608542
24.606,0.028822762367729945
24.607,0.054292149612613444
24.608,-0.07628888519626553
24.609,0.03954759130854443
24.61,0.03270237388000597
24.611,-0.06241350394209831
24.612000000000002,-0.047315212166867515
24.613,0.028094265161714392
24.614,-0.020218171032635773
24.615000000000002,0.04760891357500003
24.616,0.00475425711723928
24.617,-0.010603574267274526
24.618000000000002,-0.024406854918696125
24.619,-0.0034883251228351297
24.62,0.020036942794131544
24.621000000000002,0.004873690854650219
24.622,-0.04437692198856116
24.623,0.03765852114176603
24.624,0.007820189651062324
24.625,-0.006208151561754596
24.626,-0.020939001323970825
24.627,-0.0002234891129741963
24.628,-0.11616436920037801
24.629,-0.011530806907489673
24.63,0.05972192373828999
24.631,-0.009672127811938597
24.632,-0.014597527358975293
24.633,-0.04640754610421703
24.634,0.01040922883142807
24.635,-0.021399519746484963
24.636,0.056559996207726504
24.637,-0.04922355338556737
24.638,-0.025713287638505795
24.639,-0.030155941234580062
24.64,0.09460320933960611
24.641000000000002,-0.0036686147260292486
24.642,-0.018720260904264843
24.643,-0.0931030902147885
24.644000000000002,-0.031557622352718064
24.645,0.04279531668645685
24.646,0.04475783251441416
24.647000000000002,-0.01208998140370774
24.648,-0.007689492154381958
24.649,0.11640470835283007
24.650000000000002,0.15922468435607057
24.651,0.08255198070612993
24.652,0.1033391889442411
24.653000000000002,0.11390833550945076
24.654,0.13567823454352426
24.655,0.009122043409815882
24.656,-0.020759762310128178
24.657,0.11344456432357782
24.658,-0.02812773816251756
24.659,-0.03330217619621395
24.66,-0.03436253339121266
24.661,0.006922413812874312
24.662,-0.08833852427190644
24.663,-0.06353606711919729
24.664,-0.0258691795712061
24.665,-0.05749129182137035
24.666,0.052452236550905536
24.667,-0.003298809306764172
24.668,0.022308317313935885
24.669,0.014013595379775793
24.67,-0.022391437079507893
24.671,0.034831219639648935
24.672,0.005711465754584963
24.673000000000002,-0.03490260419696442
24.674,-0.10500216627954659
24.675,0.003689780489105128
24.676000000000002,-0.08663609547794773
24.677,-0.005459082029757829
24.678,-0.021093343362089127
24.679000000000002,-0.09327534365147389
24.68,-0.01220784996517093
24.681,-0.015086179376179613
24.682000000000002,-0.014089558613649716
24.683,-0.015343585146436401
24.684,-0.05385695524085872
24.685000000000002,0.010090975543925282
24.686,-0.05185624875728795
24.687,-0.06894693165141325
24.688,0.02097921922043456
24.689,0.036708760594789835
24.69,0.022975143166374355
24.691,-0.014816543243036396
24.692,-0.09849188860027262
24.693,0.07552380432011373
24.694,-0.0933787619653309
24.695,0.036554429678417225
24.696,0.11553727440353775
24.697,0.02013344578347855
24.698,0.029680822257079832
24.699,0.036334791403313575
24.7,0.02928628630626101
24.701,0.1386497719121054
24.702,-0.01958985572747232
24.703,-0.024730403457146423
24.704,0.008141118472166139
24.705000000000002,0.11202966239509751
24.706,-0.003728532639943185
24.707,0.04641112042591107
24.708000000000002,0.07788440580810402
24.709,0.062385686782444404
24.71,0.07311999480356336
24.711000000000002,0.09158964585103727
24.712,0.03429133148967364
24.713,-0.006042805285204362
24.714000000000002,0.021869601255772496
24.715,-0.004944056354049851
24.716,0.13542166898309782
24.717,-0.020081012529714004
24.718,0.02782746651180534
24.719,-0.07430365969094148
24.72,0.0044407778145645746
24.721,-0.019463530064158956
24.722,0.025839383733351137
24.723,0.024416941063476087
24.724,0.057601643929254875
24.725,0.05123634755996162
24.726,-0.021134550056386092
24.727,-0.06696921548072676
24.728,-0.06276273813936498
24.729,-0.00763220513518869
24.73,-0.015927003920779816
24.731,-0.01163840285186703
24.732,-0.05167012119243286
24.733,0.04691103647946569
24.734,-0.09827725596544376
24.735,-0.05351894176630603
24.736,-0.07687311175009978
24.737000000000002,-0.03217156620115605
24.738,0.04219920208954117
24.739,-0.03264618472692028
24.740000000000002,-0.011063059134612547
24.741,0.019418361110213136
24.742,-0.028027271593579563
24.743000000000002,0.010556450012162705
24.744,0.00676646494072509
24.745,-0.05942978883355826
24.746000000000002,-0.02318446993199342
24.747,0.020679545462117782
24.748,0.06993693162382973
24.749,0.07268586398899203
24.75,0.11607266730531157
24.751,0.03808975250390073
24.752,-0.004521798054129663
24.753,0.015049802917690537
24.754,0.01441021743080715
24.755,0.0012776222143826253
24.756,0.042093138412730186
24.757,0.045376663632694866
24.758,-0.034158698063302115
24.759,0.07922618284610283
24.76,-0.06707626576917561
24.761,0.013244666185840213
24.762,0.08110358324135679
24.763,0.052950871247243486
24.764,0.003365215891867907
24.765,0.11799579918533387
24.766000000000002,-0.00437722798906846
24.767,-0.08464147474139809
24.768,0.035710511199309805
24.769000000000002,-0.07841393539862751
24.77,-0.0337663126785913
24.771,0.03613151564681718
24.772000000000002,-0.02092866113544297
24.773,0.02823697888131658
24.774,-0.061594021258556717
24.775000000000002,0.03639146336034969
24.776,-0.09383209088053157
24.777,0.05402374557101271
24.778000000000002,-0.038133446579676634
24.779,0.05993357509016174
24.78,-0.06067854196961859
24.781,0.0758147701258794
24.782,-0.06979480449036353
24.783,-0.11279472675624189
24.784,-0.021808744686609996
24.785,0.037199669616448834
24.786,0.014841760270692901
24.787,0.03359359208281311
24.788,0.016452199251459063
24.789,-0.06427435325011663
24.79,0.016193083251604942
24.791,-0.016048278446759847
24.792,-0.054454118400785595
24.793,-0.00801665179457101
24.794,-0.01758412834849926
24.795,0.0584509713376287
24.796,-0.035504111645687
24.797,-0.035119238363873304
24.798000000000002,-0.039152512968180515
24.799,0.09349662242267824
24.8,-0.030587995678584057
24.801000000000002,0.06925783093075524
24.802,-0.04434594689667001
24.803,0.03526136345757852
24.804000000000002,0.025624347781591335
24.805,0.07656261208303505
24.806,0.07150209743236566
24.807000000000002,0.023130189627153224
24.808,-0.0061288328441285525
24.809,0.10337588808898711
24.810000000000002,-0.008622377610217988
24.811,-0.08938465662439488
24.812,-0.06848142632321547
24.813,-0.056198129568090276
24.814,0.0541092349395241
24.815,0.13448210564163668
24.816,-0.07913235182853326
24.817,-0.0174699685055821
24.818,0.024603081969521993
24.819,0.09564396715425523
24.82,-0.023063920300707436
24.821,0.04361296437016758
24.822,-0.000884539381998577
24.823,0.13936578668423275
24.824,0.013499413759425654
24.825,0.021236206641541428
24.826,0.004797581233923492
24.827,-0.02302348734044596
24.828,0.042363235492498375
24.829,-0.06585086700993219
24.830000000000002,-0.1106567447738664
24.831,-0.020580808495421384
24.832,0.02537591542548561
24.833000000000002,-0.04655898668677486
24.834,-0.010071055592559015
24.835,-0.08203765539105962
24.836000000000002,0.030813299849307724
24.837,0.009266855077629942
24.838,-0.023028928207563477
24.839000000000002,-0.015934196913393532
24.84,-0.09406865638129897
24.841,-0.0915175074295859
24.842,-0.029523613799346395
24.843,0.003234159254802693
24.844,0.007046947770220073
24.845,-0.03774668451823965
24.846,0.019510377494274703
24.847,0.055366591067979656
24.848,-0.017805601540673777
24.849,0.00459510911978174
24.85,-0.01864758294993999
24.851,-0.011824282116168861
24.852,0.005789955474502589
24.853,0.08533153698271513
24.854,0.04878520450720606
24.855,0.04709081813480727
24.856,-0.0141269133031616
24.857,-0.03373905510830561
24.858,0.03310086005467827
24.859,0.07807688051413572
24.86,0.1041053483434203
24.861,-0.10289933870217548
24.862000000000002,0.143576530950225
24.863,0.04333735824914445
24.864,0.06885487614159597
24.865000000000002,-0.0629916058052708
24.866,0.012426346005325224
24.867,0.06534533966118947
24.868000000000002,-0.034936782746141454
24.869,-0.12134525959898826
24.87,0.038797528490124605
24.871000000000002,0.018181910281099802
24.872,0.09110226682510024
24.873,0.00914211308252246
24.874,0.010669245164823045
24.875,0.04755023494513773
24.876,0.06182991385064984
24.877,-0.02793492858816403
24.878,0.05197371236748522
24.879,-0.0241559481867623
24.88,-8.664271372504906e-05
24.881,0.029796075423179077
24.882,0.035737499570423444
24.883,0.0067105662999141745
24.884,-0.0657907719107595
24.885,-0.10767032303584294
24.886,-0.025753780163401508
24.887,0.03023628356764396
24.888,0.002438440221991505
24.889,-0.009386162583949224
24.89,-0.022983675285907605
24.891000000000002,-0.008009288748386287
24.892,-0.07367713258753232
24.893,0.014860035248605862
24.894000000000002,0.01832080407223416
24.895,-0.04127152271929378
24.896,-0.000847702390075384
24.897000000000002,-0.10740280723766173
24.898,-0.011153211822980987
24.899,-0.025114865512993686
24.900000000000002,0.04645381462794157
24.901,-0.024262431068680382
24.902,0.03147711991876379
24.903000000000002,-0.0289767081651307
24.904,-0.12105631871182794
24.905,-0.015269342781252693
24.906,0.008657976720228966
24.907,0.009189715270604703
24.908,0.01274918615848485
24.909,-0.018129778514277797
24.91,-0.006352492786744712
24.911,-0.043979035490461116
24.912,-0.08515900714520042
24.913,0.011478200367033432
24.914,-0.018561652298836065
24.915,0.07432904879050396
24.916,-0.08740421400119425
24.917,0.03730394332082135
24.918,0.12957127150711295
24.919,0.014774239514459366
24.92,0.023868907931464168
24.921,0.04508240206150069
24.922,0.04842225220723691
24.923000000000002,0.0018825720587992908
24.924,-0.029302387044792745
24.925,0.05226238387494513
24.926000000000002,-0.07753275904589428
24.927,0.05748006132600837
24.928,-0.005940878148761859
24.929000000000002,0.011396468172494132
24.93,-0.01759900055140975
24.931,0.07754609618060229
24.932000000000002,0.015691451511344406
24.933,-0.015650553489279705
24.934,-0.019868207241366145
24.935000000000002,-0.012556431607100536
24.936,0.11199506774286212
24.937,-0.0763003393245831
24.938,0.04124930893038348
24.939,0.013240387834652763
24.94,0.05976565822505505
24.941,0.012406693704720254
24.942,-0.02043686149605366
24.943,0.029122729449655976
24.944,-0.01136168677654654
24.945,0.014241628331927624
24.946,0.04757309769862399
24.947,-0.019214799372509472
24.948,-0.04473428776137224
24.949,-0.05505581964353341
24.95,0.000626564360978684
24.951,-0.06454258093382939
24.952,-0.036574172422398105
24.953,-0.06564967680382551
24.954,0.010195751142326804
24.955000000000002,-0.0505699733380718
24.956,-0.07486205612272656
24.957,-0.06348332219400374
24.958000000000002,-0.03380966596349563
24.959,-0.02650966362165572
24.96,0.012871867692349279
24.961000000000002,-0.004993369506118994
24.962,0.02434815335258238
24.963,0.03102649482393091
24.964000000000002,0.048065852630305675
24.965,-0.08195862684930781
24.966,-0.04072303428092723
24.967,0.04537148174683439
24.968,0.029942922478253645
24.969,0.06969630408979195
24.97,-0.055161937747971304
24.971,-0.000833836597861376
24.972,0.008673432182921286
24.973,0.03206503867624377
24.974,0.0254477879999425
24.975,0.04669880886580813
24.976,0.016782928278195382
24.977,0.09009304142241883
24.978,0.1047016481517992
24.979,-0.03736581252793937
24.98,0.018917653450547526
24.981,0.05446594680371043
24.982,0.04153683519426335
24.983,-0.010585744149556792
24.984,0.01995152068402878
24.985,-0.07466108572785177
24.986,0.0007972196687315231
24.987000000000002,-0.07404141594422832
24.988,0.021607488866770948
24.989,-0.06230115331820192
24.990000000000002,-0.0009725980184495178
24.991,0.004341413909678148
24.992,-0.010158056319318359
24.993000000000002,-0.04768846081206201
24.994,-0.02852606287360799
24.995,0.03937816739600346
24.996000000000002,-0.0423016465800672
24.997,-0.021104447612733293
24.998,-0.050813927296162215
24.999,0.02756540645258907
25.0,-0.019722294038303584
25.001,-0.06164479951764219
25.002,-0.022598933680623306
25.003,-0.03419962292924192
25.004,0.0485932488994361
25.005,-0.0218685163200981
25.006,-0.08709977263245282
25.007,0.008888081687745231
25.008,0.07539991843297653
25.009,0.048272013388474484
25.01,-0.06423269818113826
25.011,-0.019909687384481255
25.012,-0.005306557321814208
25.013,-0.0019480856964323241
25.014,0.020792121353968906
25.015,-0.012721555559433623
25.016000000000002,-0.038621192331752874
25.017,0.05732668530227132
25.018,-0.044000282733867815
25.019000000000002,-0.025655369992791527
25.02,-0.039966333401224505
25.021,0.04897693950732682
25.022000000000002,0.025279502332425176
25.023,0.06544494731341333
25.024,-0.0169698619572846
25.025000000000002,-0.039648530841203324
25.026,0.0012019759039661113
25.027,0.014344329542353125
25.028000000000002,0.0336725915520656
25.029,-0.06147320909319551
25.03,0.04569953827853346
25.031,-0.024131983452682495
25.032,-0.013257099077596982
25.033,0.07606999520697888
25.034,-0.09374343365460396
25.035,0.029361688340155796
25.036,0.026811626216103168
25.037,-0.0325743854965026
25.038,-0.016609951985065992
25.039,0.06408996893716494
25.04,0.09844042745088219
25.041,0.050784260320580706
25.042,0.08913022519388213
25.043,-0.04236895653669287
25.044,-0.08933689048890499
25.045,-0.01535057553435695
25.046,0.025312978157711018
25.047,-0.1096711527603133
25.048000000000002,-0.06502588693032463
25.049,-0.06098360395111209
25.05,-0.0036171637470320747
25.051000000000002,-0.010999683310928023
25.052,-0.06176507647116799
25.053,-0.014325405077999074
25.054000000000002,-0.0805435765182135
25.055,-0.044290644779379586
25.056,-0.08555842659319757
25.057000000000002,-0.028872988295276365
25.058,-0.060133600640973076
25.059,0.015938281061447918
25.060000000000002,-0.018105638316774694
25.061,-0.026118424734041613
25.062,0.0758428647655565
25.063,0.00899126173810383
25.064,-0.026051396491379185
25.065,-0.03419668738397702
25.066,-0.06136681482686289
25.067,-0.0028699560502480183
25.068,0.018530341964985958
25.069,-0.08988827539120259
25.07,-0.059769300868202646
25.071,-0.014893222559045783
25.072,-0.04166655664927207
25.073,0.017552369859296653
25.074,0.02643104555776777
25.075,0.012902381445093907
25.076,0.047957873018667836
25.077,-0.007647572816347769
25.078,0.020153438721292428
25.079,-0.027176202351845286
25.080000000000002,0.03744408630884359
25.081,0.026912011876451456
25.082,-0.03722529828407971
25.083000000000002,0.01422053059836691
25.084,0.019051822341952226
25.085,0.033674631436504704
25.086000000000002,0.03394108926821987
25.087,-0.019860979616747654
25.088,0.05232115712414588
25.089000000000002,0.03803825380832419
25.09,-0.02675987656711014
25.091,-0.05021164718526183
25.092,-0.02812465266507433
25.093,-0.07199768109591054
25.094,0.009266113924706639
25.095,0.05534163500882913
25.096,0.06459281687300922
25.097,-0.0635091715578906
25.098,0.02786623042325222
25.099,-0.009521613595356644
25.1,-0.13562587732098283
25.101,-0.03431182134327773
25.102,-0.04149452868698708
25.103,0.039879009385918505
25.104,-0.06527569852482279
25.105,0.005659156589140506
25.106,-0.028304129565437264
25.107,-0.0953792278939653
25.108,-0.05051873666188875
25.109,0.054167173980080086
25.11,-0.03027904642866558
25.111,0.024784309478022144
25.112000000000002,0.02342743142014749
25.113,-0.0398916256885855
25.114,-0.07976243252849025
25.115000000000002,-0.07108094389787441
25.116,0.0613797036218441
25.117,-0.0011769001489514022
25.118000000000002,-0.09289515250185496
25.119,0.03813806304647881
25.12,-0.09021042504874452
25.121000000000002,-0.039471137852387074
25.122,0.008576294733149352
25.123,0.13314570922084498
25.124,0.05043866565152772
25.125,-0.012100956632274607
25.126,0.015647470661326005
25.127,0.06223330725018994
25.128,0.08913225430157365
25.129,0.007198910514690833
25.13,0.009921235324358771
25.131,-0.019667157257219067
25.132,0.05577494369079754
25.133,0.07418663432075434
25.134,-0.07399088742306992
25.135,0.0028420500659733783
25.136,-0.038563558219380026
25.137,0.028775921908589408
25.138,-0.04183723213695792
25.139,-0.047393534829407835
25.14,0.07308691285131994
25.141000000000002,0.006696245606154422
25.142,0.009839994659677432
25.143,0.032102854720714336
25.144000000000002,0.05659880042408617
25.145,-0.015442591489122148
25.146,-0.016974049835498262
25.147000000000002,-0.019445081755029795
25.148,0.05154919879598285
25.149,-0.008581537731086917
25.150000000000002,-0.02230577794846383
25.151,0.009325816988201646
25.152,0.0790174836548227
25.153000000000002,-0.010983359507243056
25.154,-0.030118637521367557
25.155,0.07878520193744196
25.156,0.046660817005234376
25.157,0.0382214348532119
25.158,-0.04695441431704181
25.159,-0.05250914817758458
25.16,-0.11451247235950684
25.161,0.02546862176093135
25.162,-0.018585831847184934
25.163,-0.11182938414176782
25.164,0.039258154025526903
25.165,-0.036464178136645264
25.166,-0.0287934078985044
25.167,-0.0919818500724595
25.168,0.010256980001730769
25.169,0.012913047416835043
25.17,-0.012230401047845674
25.171,-0.02826393884117992
25.172,0.12655063886826498
25.173000000000002,-0.062297114508002176
25.174,-0.03552832455982043
25.175,0.03861999929323714
25.176000000000002,-0.0448965310599391
25.177,-0.04604798881673294
25.178,0.06735882781662052
25.179000000000002,0.04331334562111398
25.18,0.039350603128918644
25.181,0.026115235630107127
25.182000000000002,-0.0159388782649453
25.183,0.007421967115780463
25.184,0.01721143489443341
25.185000000000002,0.06429338740204202
25.186,0.04378942657887488
25.187,-0.02369199064398148
25.188,0.06206787719530703
25.189,-0.06175535475166552
25.19,0.005422568361191534
25.191,-0.03668037264672498
25.192,-0.023735859797126547
25.193,0.11388285152759359
25.194,-0.057787288536133866
25.195,-0.027236731741061324
25.196,0.03703127007682862
25.197,-0.014358515969997472
25.198,0.0144249132782358
25.199,0.075539321485429
25.2,0.03415313291494966
25.201,-0.02467096947446465
25.202,-0.010563249733628243
25.203,0.020067163670661435
25.204,0.022790680186158385
25.205000000000002,-0.010292284024975422
25.206,0.004486611497110894
25.207,0.0025090175588078113
25.208000000000002,-0.021992190299870693
25.209,-0.049213119754009424
25.21,0.016870093969899323
25.211000000000002,-0.006698500125396351
25.212,-0.12607192395918482
25.213,-0.063745451789522
25.214000000000002,-0.046608255888410756
25.215,-0.032440966621701636
25.216,0.03831164600024095
25.217,0.13903100997388895
25.218,-0.14293566349244902
25.219,-0.003408428602226876
25.22,-0.013527321221323331
25.221,-0.024175216909070235
25.222,0.014060245466457878
25.223,-0.0033537458050814173
25.224,-0.026522785398175257
25.225,-0.004481350922947625
25.226,0.024473338384784216
25.227,0.022352224276209892
25.228,0.011352771156909643
25.229,-0.024636326480194766
25.23,0.14804446393470155
25.231,0.02751546968745743
25.232,0.04998289968617626
25.233,-0.0113749283667788
25.234,0.02545520961891382
25.235,0.026797175729264135
25.236,-0.07638545325673601
25.237000000000002,-0.015391231844841938
25.238,-0.015367928448817299
25.239,-0.00798144628995728
25.240000000000002,-0.031102559000118626
25.241,0.024621388148266785
25.242,0.09202647785009804
25.243000000000002,0.028107567949118218
25.244,-0.03835311786078392
25.245,-0.031992675428742436
25.246000000000002,-0.0007269971688811244
25.247,-0.0543310133863049
25.248,0.029769844320903502
25.249,0.08009985838507896
25.25,-0.01862305987268022
25.251,0.011566798159090137
25.252,-0.01620595117618893
25.253,-0.02882854150786286
25.254,0.009506936067027818
25.255,-0.0357611462700392
25.256,-0.04560300833997084
25.257,-0.08866212761480341
25.258,-0.006875541784908684
25.259,0.04097844456885569
25.26,0.020897860911842724
25.261,0.05823687164134255
25.262,-0.05175740281539334
25.263,0.023089297610684432
25.264,-0.07573358505465322
25.265,0.013994707479309889
25.266000000000002,0.060171203512556976
25.267,0.002615047109524246
25.268,0.060828290909957346
25.269000000000002,-0.051850250603162236
25.27,-0.027974598988072183
25.271,-0.06610375608783964
25.272000000000002,-0.017356865298583428
25.273,-0.004126695145083629
25.274,-0.014580500189383347
25.275000000000002,-0.037642833107145175
25.276,-0.03633399666543666
25.277,0.007759756233635354
25.278000000000002,-0.015033695512233217
25.279,-0.06213363357502298
25.28,-0.09682034192779175
25.281,-0.029117139881642287
25.282,-0.06585298728285156
25.283,-0.03596092801367349
25.284,-0.012871846885229295
25.285,0.003348924611146815
25.286,-0.02043381150481135
25.287,0.12446081974488463
25.288,-0.04632638643369043
25.289,0.07878599063562004
25.29,0.011540256965057357
25.291,-0.012136098057667508
25.292,0.050904201439538804
25.293,-0.0006303864872427081
25.294,-0.01815034663878672
25.295,0.11156667119747506
25.296,-0.08807283951847036
25.297,0.008682157542605066
25.298000000000002,0.02941692617806163
25.299,0.08902785833982632
25.3,-0.002837683517110022
25.301000000000002,0.14835687481144835
25.302,0.05127404593645409
25.303,-0.10721734224651361
25.304000000000002,-0.06386040321787378
25.305,0.018226195664105146
25.306,-0.05334497928547936
25.307000000000002,0.028656841656189043
25.308,-0.024020821573566904
25.309,-0.0637156771234581
25.310000000000002,-0.054668801552564913
25.311,0.03372120748535603
25.312,-0.11233391957586761
25.313,0.0389209189324558
25.314,0.038412297519944016
25.315,-0.03364464844311833
25.316,-0.08882006894324732
25.317,0.007928685013003593
25.318,-0.04517468616722778
25.319,-0.09731684178216973
25.32,0.07348936168453112
25.321,-0.06629197909832656
25.322,-0.09547819392496752
25.323,-0.007116008833014888
25.324,-0.023964435586612345
25.325,0.05481712266985399
25.326,-0.037170264792201264
25.327,-0.035044442791898764
25.328,0.0020398576446426352
25.329,-0.0027183928461524537
25.330000000000002,0.0010090202065372103
25.331,0.005449867982848909
25.332,0.0025396099885063904
25.333000000000002,-0.023981420743137825
25.334,0.04105300332188663
25.335,-0.015992424326107126
25.336000000000002,0.04477459157308272
25.337,0.07643591321183556
25.338,-0.024436712839638424
25.339000000000002,0.1319258695967139
25.34,-0.021829853290476653
25.341,-0.01956066946078819
25.342000000000002,0.04439885912925247
25.343,0.04092743058832523
25.344,0.02362958991442124
25.345,0.061864136868743466
25.346,0.03420660653922458
25.347,0.12518801962438905
25.348,0.019263390745524533
25.349,-0.021078551468788204
25.35,-0.0065161742745306235
25.351,0.043768441443351236
25.352,0.04335458499904224
25.353,0.027973332470565458
25.354,-0.026475851443678894
25.355,0.06956164794937363
25.356,0.10891468231254496
25.357,0.011296853871821066
25.358,0.09800161130047287
25.359,0.048317929271117464
25.36,0.11340528596206831
25.361,0.02353592828701266
25.362000000000002,0.004169079385783526
25.363,0.03693195292758821
25.364,-0.02932180610880662
25.365000000000002,0.01036526044341951
25.366,0.05433588189740916
25.367,0.02673537284962184
25.368000000000002,-0.017631064066446923
25.369,-0.007682928289310269
25.37,0.018804356566150135
25.371000000000002,0.016030690128285206
25.372,0.01647825962379043
25.373,-0.004596163290301106
25.374,-0.06304083371895723
25.375,-0.055015942197097524
25.376,0.0016552891434225558
25.377,0.02082009536520436
25.378,0.015279945202142653
25.379,-0.05236888038330639
25.38,-0.024701559712456182
25.381,-0.0741565419948427
25.382,-0.08310127511761103
25.383,-0.007357382767844796
25.384,0.05873168069033024
25.385,-0.0018051676061934955
25.386,0.09108485820458881
25.387,-0.009995112049842686
25.388,0.002326560057222396
25.389,-0.04624066119644579
25.39,-0.011555229245881576
25.391000000000002,-0.051273761518879496
25.392,-0.06674191670377663
25.393,-0.04596588788497154
25.394000000000002,0.018924432477440332
25.395,-0.020397584959363148
25.396,-0.007006225399772359
25.397000000000002,0.03978199646262663
25.398,-0.05711686458189853
25.399,0.0251288251997017
25.400000000000002,0.0639438676946816
25.401,0.06843398749294531
25.402,0.047400963246725394
25.403000000000002,0.018532740680777166
25.404,-0.010767138110615415
25.405,0.01529860747642217
25.406,0.10081918039478227
25.407,0.030279166734161922
25.408,0.009533026963201385
25.409,0.04110865390591732
25.41,0.013279766422529909
25.411,0.019804829447556183
25.412,-0.00621548557426334
25.413,-0.017104698083342383
25.414,0.05091484772547748
25.415,-0.09894431309108287
25.416,0.01998233319944671
25.417,-0.030250843829592075
25.418,-0.10404980790548446
25.419,-0.059773476404429274
25.42,-0.01494593971719398
25.421,-0.009988217196570082
25.422,0.020227960788920002
25.423000000000002,0.022150514977871547
25.424,-0.09681205022423417
25.425,-0.0015580036025095445
25.426000000000002,0.01531923840414385
25.427,-0.010545318709990209
25.428,0.003543587527117146
25.429000000000002,-0.11799403607073748
25.43,-0.07037375313464256
25.431,0.048231753906929645
25.432000000000002,-0.03298723469916012
25.433,0.09348367419887765
25.434,-0.08001927555997651
25.435000000000002,0.06388509987842814
25.436,-0.042847708505942904
25.437,0.0329693645950907
25.438,-0.022622502674922045
25.439,0.00033688325431234165
25.44,0.026810583830539348
25.441,-0.031113944856482546
25.442,0.04213443206721178
25.443,-0.008718904991704217
25.444,0.015908830936044092
25.445,-0.1229182973311698
25.446,-0.00532230267704739
25.447,0.07676566601949436
25.448,0.0501783346452476
25.449,0.061413960398226705
25.45,0.021158513186134983
25.451,0.10345676537737443
25.452,0.03494409551294604
25.453,-0.011887022508130111
25.454,0.06417945441350142
25.455000000000002,0.06756129018008203
25.456,0.05262442800537118
25.457,0.00042027394105792135
25.458000000000002,0.03377937499671459
25.459,0.08823949596106759
25.46,0.04106265489607323
25.461000000000002,-0.05832740935376234
25.462,-0.01771575126101195
25.463,-0.022067527943855893
25.464000000000002,-0.028207518878973374
25.465,-0.09837282322134475
25.466,0.09930483750723175
25.467000000000002,-0.04151867973855755
25.468,-0.04041258291962364
25.469,-0.09980743780457571
25.47,0.03813116623997844
25.471,-0.012129201385353075
25.472,-0.027421725086455618
25.473,-0.026929080999408835
25.474,0.015374979522623324
25.475,-0.039808487445476715
25.476,-0.11682595571596743
25.477,-0.08329090807614173
25.478,-0.08696233172800744
25.479,-0.0068242440770846305
25.48,0.025393639668373748
25.481,0.05195700567090905
25.482,-0.10300975444643615
25.483,0.010109854612174278
25.484,-0.05100778998676263
25.485,0.1268470550179021
25.486,0.05104628478900381
25.487000000000002,0.06840724295454356
25.488,0.02510781343982213
25.489,0.005959872357499594
25.490000000000002,-0.031203756116378496
25.491,-0.038828903350256364
25.492,-0.04653511342552213
25.493000000000002,0.026770971684419304
25.494,0.07638999181685284
25.495,-0.016971443492906163
25.496000000000002,-0.03276242441459207
25.497,-0.06838138442861824
25.498,0.02038623900096323
25.499,0.07185952663609728
25.5,0.07646274686591437
25.501,0.08334538285114844
25.502,0.036921183825289514
25.503,0.02216430357695566
25.504,0.0830274732232229
25.505,-0.03558951303222045
25.506,-0.0014049634560926103
25.507,0.10661860025538611
25.508,-0.03250591745222748
25.509,0.019356943077367253
25.51,0.0522113147338273
25.511,0.024060210689578365
25.512,0.0764022593057638
25.513,0.09396081363734983
25.514,0.040162466868165284
25.515,0.08396230673612606
25.516000000000002,-0.03389330198923404
25.517,0.0025727269895702808
25.518,0.12847527871415965
25.519000000000002,0.10301594396816297
25.52,-0.0604037682192025
25.521,0.0003323912487498985
25.522000000000002,0.005289220394035676
25.523,0.016848674966847263
25.524,0.057317295012368125
25.525000000000002,0.08325492354877098
25.526,-0.00902945673390625
25.527,0.043152988359468784
25.528000000000002,0.01759680982933468
25.529,-0.017531223157207933
25.53,-0.10281645720744323
25.531,0.031828766254763996
25.532,0.010242154469856376
25.533,-0.001184327282758326
25.534,-0.07008818936695793
25.535,0.0768608751723533
25.536,-0.013252619428852112
25.537,-0.07743750013309592
25.538,-0.0846966482522221
25.539,0.015350699918178046
25.54,0.01815219779556426
25.541,-0.03881144796049672
25.542,0.009234925677911541
25.543,0.021439433031953104
25.544,-0.0028253730858326005
25.545,-0.04263492434135693
25.546,0.042857082901469244
25.547,0.03909885232969098
25.548000000000002,0.028066634448017005
25.549,-0.03953527559867045
25.55,-0.06196231638041749
25.551000000000002,0.010789199713482132
25.552,0.05571826434869117
25.553,0.06340671680946802
25.554000000000002,0.04259762562802891
25.555,-0.007338992553767649
25.556,-0.02343155926568492
25.557000000000002,0.017298573048301222
25.558,0.018885133239288584
25.559,0.07546559909295954
25.560000000000002,-0.0033158589982545984
25.561,0.0011212197702120952
25.562,0.12369806464026481
25.563,0.09821564339680035
25.564,-0.024063098409018033
25.565,0.09265837727630111
25.566,-0.037993074201804325
25.567,-0.004970770950108002
25.568,-0.0008789612275877587
25.569,0.009446718992579744
25.57,0.04232423940638348
25.571,0.014514757067167799
25.572,0.03765631551748064
25.573,-0.01553768673901501
25.574,0.020838100965052366
25.575,0.003619620929285125
25.576,-0.072195352399518
25.577,0.01896087345803374
25.578,-0.0027250976966993875
25.579,-0.04545680968593518
25.580000000000002,-0.03310138928741511
25.581,-0.0338088936019902
25.582,-0.027781386688112572
25.583000000000002,0.07088474757989069
25.584,0.08615775043362549
25.585,-0.15569512581797848
25.586000000000002,0.004245107900101686
25.587,0.027091844971913057
25.588,-0.03166669746745669
25.589000000000002,0.025622222957654237
25.59,0.062293161147168055
25.591,-0.08835896483211542
25.592000000000002,-0.012158169769989758
25.593,0.08017113312174884
25.594,-0.07813139284873304
25.595,-0.020358308909461942
25.596,-0.03516957404377727
25.597,0.04186690645815353
25.598,0.05100359511613647
25.599,0.001843777557881808
25.6,-0.0022904966220201545
25.601,-0.08743394020250266
25.602,0.07211733003315388
25.603,-0.014261720389874097
25.604,-0.0013381133733702134
25.605,0.05665901359757846
25.606,0.020147543679440647
25.607,0.06250572134440763
25.608,0.04435957382331871
25.609,0.026057458432801935
25.61,0.03284980978606369
25.611,-0.037590896538241256
25.612000000000002,0.012062581331832037
25.613,0.07440838643834136
25.614,-0.024310384268341884
25.615000000000002,-0.015011075249375509
25.616,-0.023383537520526146
25.617,0.02782775046746006
25.618000000000002,0.08956847352210752
25.619,0.045815604605156164
25.62,-0.09162900216600879
25.621000000000002,0.04817502764746667
25.622,-0.008052506063020251
25.623,0.037636316118334595
25.624,0.0026404401442699146
25.625,-0.035097723383002134
25.626,0.0020528408081772935
25.627,-0.018822371964880277
25.628,0.01621776885301115
25.629,-0.045897797353924775
25.63,-0.06024255944661682
25.631,0.03024971645265869
25.632,0.0468258813596747
25.633,0.018244813490951438
25.634,-0.04518948486975961
25.635,-0.05157048081479181
25.636,-0.05030599657080269
25.637,0.02694742513340365
25.638,-0.05997270620698034
25.639,0.024592388839690064
25.64,0.011616869246512111
25.641000000000002,0.0413185451782808
25.642,0.0325340349998095
25.643,0.0067376956982498105
25.644000000000002,-0.09331952656854714
25.645,0.011404504049115728
25.646,-0.012281673308433567
25.647000000000002,-0.03542297782627184
25.648,0.05287649515945637
25.649,-0.021066534496843196
25.650000000000002,-0.03805184512380343
25.651,0.046702593664221394
25.652,-0.027545563238343364
25.653000000000002,-0.03395671519695284
25.654,-0.058963169243425394
25.655,-0.041202752942619575
25.656,-0.034500245349940596
25.657,0.03565316276676137
25.658,-0.044035692353558926
25.659,-0.08375323142933647
25.66,0.026394068617994378
25.661,-0.018526856773728492
25.662,0.014113099617842484
25.663,0.08059646155256145
25.664,0.021374325365099926
25.665,0.09435365500830264
25.666,0.016280128499554705
25.667,0.07057840578287565
25.668,-0.006876806830462646
25.669,0.025860401699951983
25.67,-0.026473498895338198
25.671,-0.021114036600847222
25.672,0.00751369915059095
25.673000000000002,-0.048786679223108226
25.674,0.024258295943306467
25.675,-0.0004214470243619189
25.676000000000002,0.024669574726772028
25.677,-0.05467260426297213
25.678,0.043969276324970205
25.679000000000002,0.09153748286741793
25.68,0.07866675417695287
25.681,0.0971598634221713
25.682000000000002,0.0016844378796420606
25.683,-0.020448118596006225
25.684,0.019192882049406487
25.685000000000002,-0.019379362944876806
25.686,-0.09666839060360458
25.687,0.029274190264843628
25.688,-0.025293098466893052
25.689,-0.08863494799663021
25.69,-0.04216453325413217
25.691,-0.028584986262018344
25.692,-0.01841320187545059
25.693,-0.018552996252886984
25.694,0.04823785119540015
25.695,-0.0848291859533259
25.696,-0.027917042176651932
25.697,-0.06388573531443092
25.698,0.04351787197007591
25.699,-0.04645056631588175
25.7,-0.034403690473391216
25.701,0.036675038255853915
25.702,0.0520488513375893
25.703,0.061256075804429676
25.704,-0.09254612012259526
25.705000000000002,0.015882290134087054
25.706,0.007482512819666455
25.707,-0.0062624611507861964
25.708000000000002,0.0019994830014936184
25.709,0.065349330753097
25.71,0.055364025704457136
25.711000000000002,0.05060580883161714
25.712,0.018351051860945496
25.713,0.12366876701097881
25.714000000000002,-0.007898708283570791
25.715,-0.06684053165493306
25.716,0.0023272519805866906
25.717000000000002,0.019892644531818
25.718,0.08334622245408774
25.719,-0.006431856340536141
25.72,0.044344632455008796
25.721,-0.053686022487547315
25.722,0.07436182511074173
25.723,0.02354185070272973
25.724,0.005655630648402785
25.725,0.12555243015237622
25.726,0.07149031038610576
25.727,-0.035219667850942354
25.728,0.009849587621861184
25.729,0.15047131632387017
25.73,0.11074478119727878
25.731,0.05593874352473134
25.732,-0.08470930701512516
25.733,0.07199865655199693
25.734,-0.028693451335974146
25.735,0.06687507710729665
25.736,-0.03780951574707475
25.737000000000002,0.02041421878380563
25.738,-0.03833604789763422
25.739,-0.02669246951136599
25.740000000000002,0.020493344142640264
25.741,-0.07850220160445902
25.742,0.10429676417179026
25.743000000000002,-0.06725384660167605
25.744,-0.07139915613482684
25.745,0.012904440003444359
25.746000000000002,0.04538768417144781
25.747,-0.03598644567206358
25.748,-0.0736934639733503
25.749,-0.0662801264150632
25.75,-0.07142536836300144
25.751,-0.004004029329105711
25.752,-0.022133515482391414
25.753,0.003692795490031507
25.754,0.0019222022001876699
25.755,0.026396387426967857
25.756,-0.033610711513923655
25.757,-0.04813795807143987
25.758,-0.0013732294087326225
25.759,-0.009771832258860445
25.76,0.007886773855392708
25.761,-0.03802028356729936
25.762,0.03203500658047763
25.763,-0.05663568787688963
25.764,-0.017409887655586362
25.765,0.06332325770025016
25.766000000000002,-0.04752839051744662
25.767,0.06359017315065667
25.768,-0.05748986818579228
25.769000000000002,-0.06458864917191484
25.77,-0.0585159255500836
25.771,0.023298380445751228
25.772000000000002,0.05497752098601845
25.773,0.08391164480663967
25.774,0.08044352421012929
25.775000000000002,0.0631797726547977
25.776,-0.021575922816283403
25.777,-0.022319419590995038
25.778000000000002,0.0585163365712037
25.779,0.08934965884223352
25.78,-0.03436701233359539
25.781,0.08055926286059953
25.782,-0.08170639839681076
25.783,0.03206126810553589
25.784,0.005456694022204675
25.785,-0.0016263659196024943
25.786,0.007965277393603948
25.787,-0.03855353017943941
25.788,0.02411211601350817
25.789,0.0024929140589408667
25.79,0.04388478120638471
25.791,0.07433914270442232
25.792,-0.0010617309138757592
25.793,-0.05046763462507327
25.794,-0.0684185116779347
25.795,0.07155690228978775
25.796,0.06351572489987992
25.797,0.02792594912010443
25.798000000000002,-0.0146623524812317
25.799,0.02213472434420882
25.8,0.0458883692702345
25.801000000000002,-0.05067723580390246
25.802,-0.01846123419699981
25.803,-0.07515926236561557
25.804000000000002,-0.025923469479436263
25.805,0.05838865625356614
25.806,0.03600699528953521
25.807000000000002,-0.010018747797075761
25.808,-0.15004873415871678
25.809,-0.04658314720222305
25.810000000000002,-0.0068901593980243035
25.811,-0.02085823760759225
25.812,-0.006338137091940562
25.813,0.006347626062223098
25.814,-0.030192221815377458
25.815,-0.0015636344467498417
25.816,-0.006322768313278908
25.817,-0.031691071651759314
25.818,0.09805680530816567
25.819,-0.01589223200729098
25.82,-0.10269924758918421
25.821,0.10111613026746359
25.822,-0.028584940629932026
25.823,0.060310278953245026
25.824,-0.017355261094556942
25.825,0.04629650552579227
25.826,0.016322440153169342
25.827,0.06938496451709569
25.828,0.009054534666256643
25.829,-0.012927222447565615
25.830000000000002,0.03251524341081523
25.831,9.411457529202513e-05
25.832,-0.07795026237095373
25.833000000000002,-0.012531844209112849
25.834,0.15977499944105378
25.835,-0.07616345249574323
25.836000000000002,0.02532143565792829
25.837,-0.0006943495132505847
25.838,0.10129585621197511
25.839000000000002,-0.04818244013687268
25.84,0.010228546445353268
25.841,0.037196899478660624
25.842000000000002,-0.00839292345582623
25.843,-0.04012795902079302
25.844,-0.005157125320681632
25.845,-0.021762377040017926
25.846,-0.024055313644369056
25.847,0.03606006936589165
25.848,0.007781847476729975
25.849,0.01350390067854939
25.85,0.0009064511233404481
25.851,0.031077571383449014
25.852,0.04722221344928512
25.853,-0.03315227575689085
25.854,0.021590750566617956
25.855,-0.08449073336344678
25.856,-0.13236127928778058
25.857,0.07185633048930948
25.858,-0.03561904721930563
25.859,-0.005553633195233103
25.86,-0.0784139392488559
25.861,-0.07946015785409756
25.862000000000002,-0.05006141046410501
25.863,0.019407527271528138
25.864,-0.036712743344588114
25.865000000000002,-0.025674073305501834
25.866,-0.043987405811001856
25.867,0.05374258232882918
25.868000000000002,0.04115646261870675
25.869,-0.02417032613569926
25.87,0.03654854353220956
25.871000000000002,-0.007646742006272553
25.872,-0.010054556638295995
25.873,0.0064501734837519205
25.874,0.04308613782419648
25.875,-0.031848253480228184
25.876,0.03954202507743572
25.877,0.14077438480154955
25.878,0.026280848273940352
25.879,0.019915535068183294
25.88,0.014675722390707953
25.881,0.043288502257242914
25.882,-0.06091582150640226
25.883,0.10461466921037937
25.884,0.0683062323749107
25.885,-0.01355769330879699
25.886,0.019409552992037015
25.887,-0.011116619461285584
25.888,0.03040066039323535
25.889,0.016982273674974423
25.89,0.02363103444338218
25.891000000000002,-0.04109956064113896
25.892,-0.015784936020270195
25.893,0.06345738653213481
25.894000000000002,-0.02275677656652747
25.895,-0.13051692130188933
25.896,-0.008170599772400878
25.897000000000002,0.11764836421733356
25.898,0.0372718833089246
25.899,-0.03655285192861642
25.900000000000002,-0.011947030131820361
25.901,0.022635343864327653
25.902,-0.10095350028822148
25.903000000000002,-0.05754523213753518
25.904,0.0037776070198629816
25.905,0.0624102345830128
25.906,-0.040215416982082954
25.907,0.05941843268908928
25.908,-0.05707049519157075
25.909,-0.18878482292673407
25.91,0.017795505883491894
25.911,0.008006406110098275
25.912,0.01843913786498368
25.913,0.0173816205517733
25.914,-0.006749143718861768
25.915,-0.027915681537679485
25.916,-0.024441737494255284
25.917,-0.0346756034604208
25.918,-0.029763333102752126
25.919,-0.09825026444096072
25.92,-0.06626337881591532
25.921,-0.011492917160527336
25.922,-0.11309421019532924
25.923000000000002,-0.0991583271573147
25.924,-0.013213886709653724
25.925,-0.0006989733829354467
25.926000000000002,-0.007812600900376457
25.927,-0.10911179851013514
25.928,0.08939461929655425
25.929000000000002,-0.058308513228255816
25.93,-0.025863756142915077
25.931,-0.0467108797766715
25.932000000000002,0.0824359364883091
25.933,0.03942076025023466
25.934,-0.004700383023906251
25.935000000000002,-0.007870676010940832
25.936,0.02837573295322695
25.937,-0.04311513018448937
25.938,0.03780127170752527
25.939,-0.009374729009685074
25.94,0.04308403043421646
25.941,0.04019737919342514
25.942,-0.015179005186888143
25.943,-0.08974301188604986
25.944,-0.0012347769635617494
25.945,-0.06330561598285908
25.946,0.011035741318402435
25.947,-0.007885688336403431
25.948,-0.02668517880027207
25.949,-0.0643283772430805
25.95,0.05751911806290592
25.951,-0.02674848397723678
25.952,0.11141612126264322
25.953,-0.006604890665288715
25.954,0.007244165554243554
25.955000000000002,-0.010215303666263291
25.956,0.003230698154627636
25.957,0.03930611910534161
25.958000000000002,0.03861465400605821
25.959,-0.10596612091391602
25.96,0.02434363296265801
25.961000000000002,0.005884668154056059
25.962,-0.017456970063061333
25.963,0.06636221772742007
25.964000000000002,0.0686248709243463
25.965,0.026730225053551424
25.966,-0.044907577819976854
25.967000000000002,-0.07634220133149015
25.968,0.022244853194338172
25.969,0.053957241899419056
25.97,-0.11380393929266353
25.971,0.04376193121378628
25.972,-0.021333113709189517
25.973,-0.09695941074194281
25.974,0.019129972824626962
25.975,0.043357851905594526
25.976,-0.017422385293726625
25.977,-0.05046910289148636
25.978,0.09022274118628028
25.979,-0.02665868900247135
25.98,0.06680745870887418
25.981,-0.06488064381524768
25.982,0.033360834407902995
25.983,0.03355073215330548
25.984,0.059264860231078256
25.985,0.09144633225643978
25.986,-0.022913299271578706
25.987000000000002,0.044532580098153425
25.988,-0.04936414226356199
25.989,-0.04972278256453448
25.990000000000002,-0.00979944152096952
25.991,0.03926443702773136
25.992,0.10206322498980225
25.993000000000002,0.11033792945909104
25.994,-0.0014225081968667862
25.995,0.03030561443104024
25.996000000000002,0.06067934548704298
25.997,0.05011249885111127
25.998,0.0015222489738319252
25.999,0.011815038815794175
26.0,0.0004058484677376215
26.001,-0.006679361037916603
26.002,-0.015557382100939772
26.003,-0.006715908350926638
26.004,-0.023258762577642797
26.005,-0.06193215854876275
26.006,0.0358465983828318
26.007,0.01651062026958397
26.008,0.08263666376204663
26.009,0.005547227011359146
26.01,-0.03533336229393251
26.011,-0.04716344896651027
26.012,-0.01461073113455017
26.013,0.00976192786885876
26.014,-0.030773249684482293
26.015,-0.09245063672888373
26.016000000000002,-0.05602706964449237
26.017,-0.018051037095691478
26.018,0.018447394426433263
26.019000000000002,-0.09221666851121728
26.02,-0.00378313973862795
26.021,-0.004858655957453748
26.022000000000002,-0.037151842071052085
26.023,-0.042377165826925245
26.024,-0.04812627457863396
26.025000000000002,-0.0023936013255910337
26.026,0.048912460351201205
26.027,0.05456776579149512
26.028000000000002,-0.059340982507591275
26.029,-0.01026897919346387
26.03,-0.10836191375868144
26.031,0.008987390894376113
26.032,0.035575599274514626
26.033,0.08632689210618441
26.034,-0.07956652549503417
26.035,-0.042804477222709934
26.036,0.020486857654639035
26.037,-0.06614169288009109
26.038,0.024681679120698213
26.039,0.048292438338797795
26.04,-0.04608761759137747
26.041,0.025192307837679836
26.042,-0.041717401872712036
26.043,0.0877339352542666
26.044,0.029102986060683386
26.045,-0.013683181432192534
26.046,-0.04429008980506939
26.047,0.036128842131871466
26.048000000000002,0.0833930685172893
26.049,-0.024467112035137455
26.05,-0.009456277775638539
26.051000000000002,-0.02683523190834427
26.052,0.0866445106001945
26.053,-0.08858554830868463
26.054000000000002,0.06900919021928446
26.055,-0.016311636039483747
26.056,-0.0032479640254321554
26.057000000000002,-0.018918074658659127
26.058,0.007901505623324534
26.059,-0.04270352325047398
26.060000000000002,0.04465708428822035
26.061,0.0447540576575958
26.062,-0.06115859228401573
26.063,0.01975888907379362
26.064,-0.032877092717576856
26.065,-0.013700542262873336
26.066,0.05897050194161632
26.067,-0.051754828042056424
26.068,0.027757486318442333
26.069,0.004025639054087527
26.07,-0.02853294364448128
26.071,-0.00020265405109608572
26.072,-0.005637586633779997
26.073,-0.07521245607565802
26.074,-0.04662947656537561
26.075,-0.06733019102170966
26.076,-0.027465583624525048
26.077,0.055237418560135476
26.078,0.018822297828233605
26.079,-0.07993301859283368
26.080000000000002,-0.019932753144315137
26.081,0.007541577507028707
26.082,0.0352456409634674
26.083000000000002,-0.03229016351205654
26.084,-0.059420779746695046
26.085,0.0018015763356698973
26.086000000000002,0.03517352890747893
26.087,0.02047413695251736
26.088,-0.03361351904217305
26.089000000000002,0.10009262717087208
26.09,0.008991086635275182
26.091,0.024994823212884532
26.092000000000002,-0.016623254553887495
26.093,0.07273869802351621
26.094,0.04670336323433638
26.095,0.034291930356580735
26.096,-0.03883228997874476
26.097,0.07338507155793639
26.098,0.05620426544106781
26.099,0.06852837184224331
26.1,0.01881085037541053
26.101,0.012160539907077777
26.102,0.005524358291922842
26.103,0.12710315661674867
26.104,-0.015625514462588405
26.105,-0.04962970854742961
26.106,-0.010927266223901097
26.107,-0.020973627599544444
26.108,0.06654476135796222
26.109,-0.06642558386451382
26.11,-0.028886918197645817
26.111,0.0065196305218501675
26.112000000000002,0.058266329738064775
26.113,0.028438393517020384
26.114,0.0717631199616733
26.115000000000002,0.006259865455915985
26.116,-0.022899950255101567
26.117,0.028545712738076184
26.118000000000002,-0.08390645155537828
26.119,-0.10214403687225682
26.12,0.03129201778825623
26.121000000000002,-0.0076222758412461174
26.122,0.029670615701928714
26.123,-0.06127153772559289
26.124,0.045720143303052255
26.125,0.01538802217101845
26.126,-0.019047031115325075
26.127,-0.00624383531618674
26.128,0.0018435854306394252
26.129,-0.057017732109536166
26.13,-0.031915212727704055
26.131,0.005582232513292111
26.132,-0.03038939900259579
26.133,-0.08063733055146073
26.134,0.009642341356843515
26.135,0.038833374927512494
26.136,0.05263218766575936
26.137,0.028004815548218483
26.138,0.04446841066427339
26.139,0.05504236974456511
26.14,0.011684560770949438
26.141000000000002,-0.09631624533252185
26.142,0.06941290083561916
26.143,-0.031606071362162425
26.144000000000002,-0.04202873391739932
26.145,-0.03940071890257988
26.146,0.14103515909846387
26.147000000000002,0.03963812102584571
26.148,-0.033908737400120556
26.149,-0.015688157111937554
26.150000000000002,0.018502055882861145
26.151,0.04545853235561343
26.152,0.031850261892056246
26.153000000000002,-0.029243765556804323
26.154,0.032108146584618316
26.155,-0.01546795687345051
26.156,0.06607022791535273
26.157,0.014983712016137051
26.158,-0.027520530823269825
26.159,0.043027879943191884
26.16,0.025758914830006144
26.161,-0.019220237846351768
26.162,0.038892544458121056
26.163,0.03167666712147051
26.164,0.05814265717334831
26.165,0.031416982715887325
26.166,-0.016871493882333256
26.167,-0.09269885298155077
26.168,-0.0007247349089339536
26.169,0.005287885745772464
26.17,-0.010824293872787213
26.171,-0.16532449209559072
26.172,0.017968456223558443
26.173000000000002,-0.0625471116099547
26.174,0.016603999224531978
26.175,0.06685863648415584
26.176000000000002,-0.031058152458047
26.177,0.003517279670469411
26.178,-0.016502919254198094
26.179000000000002,0.008652484198064248
26.18,-0.011696531982662194
26.181,-0.04172765222080839
26.182000000000002,-0.05991710224059867
26.183,0.06626368001529885
26.184,0.010260639680126584
26.185000000000002,0.0316115110760406
26.186,0.011927631395908835
26.187,0.042761463569525725
26.188,-0.04874448352946572
26.189,0.0023473048651220215
26.19,0.025620972089068817
26.191,0.06713289420205969
26.192,0.13827060534695437
26.193,0.02704557888353747
26.194,-0.02442535480942833
26.195,-0.049312233718387916
26.196,-0.03307569375382536
26.197,-0.02501423192430964
26.198,-0.13002508596456297
26.199,-0.01762417866568349
26.2,0.052901899126370444
26.201,0.0215054981402575
26.202,0.005230136372054739
26.203,-0.0627609711123229
26.204,0.07077958378354092
26.205000000000002,0.043520476764716265
26.206,0.016706906638326302
26.207,-0.09358779665442321
26.208000000000002,-0.009043446852359856
26.209,0.035924925911466996
26.21,0.011358687801876313
26.211000000000002,0.02075633124887615
26.212,0.04365094130381564
26.213,0.015206236798488343
26.214000000000002,0.037941521038700195
26.215,-0.03880560254480132
26.216,-0.05989826334481562
26.217000000000002,0.022960626437630346
26.218,0.031078695067026683
26.219,0.02081547240185213
26.22,-0.0005737505838040004
26.221,-0.02527548487136151
26.222,-0.0003186188814358875
26.223,0.006453180313113819
26.224,0.007982342607370985
26.225,0.11509712236635108
26.226,-0.062366454347531707
26.227,0.14413251108211603
26.228,-0.08061205214002987
26.229,0.0011538394478539035
26.23,-0.07798023130548101
26.231,-0.00278293394782006
26.232,0.03140340590927096
26.233,-0.015437320186414506
26.234,0.03245886760271931
26.235,-0.036285055757979134
26.236,-0.11629221414456829
26.237000000000002,0.0190280806857352
26.238,-0.009114779500525251
26.239,-0.03282063046757095
26.240000000000002,-0.027440132757335242
26.241,0.015439390260216247
26.242,-0.04352741922192695
26.243000000000002,0.018088123912482528
26.244,0.06089279286669174
26.245,0.10657846984849069
26.246000000000002,0.07586513634556794
26.247,0.015711321967686147
26.248,0.02238660371935168
26.249,-0.008761586112342602
26.25,-0.010439685361833184
26.251,0.057858005530439086
26.252,9.770029044842317e-05
26.253,0.03478114088230928
26.254,-0.03087393033825111
26.255,0.08630439999587089
26.256,0.0019576867405252767
26.257,0.07252184157936012
26.258,-0.017275781280828927
26.259,-0.02037455540499334
26.26,0.08316761541464401
26.261,-0.015460144969802924
26.262,-0.06369856963724398
26.263,-0.038646503791316164
26.264,0.05465654568455005
26.265,0.048160398063460695
26.266000000000002,-0.029826361987004106
26.267,-0.02523156268310563
26.268,0.037974055910626435
26.269000000000002,0.06802943435220665
26.27,-0.0033263406548389098
26.271,0.025705109788499977
26.272000000000002,0.03957295230596142
26.273,0.10151695560923486
26.274,-0.06586810035937649
26.275000000000002,-0.043355322080784825
26.276,-0.03694214722233253
26.277,0.028219289608739123
26.278000000000002,-0.027109207623626556
26.279,-5.677606578037564e-05
26.28,-0.010516160191555563
26.281,-0.017231326872020315
26.282,-0.012419174861204607
26.283,0.03348065722933996
26.284,-0.0665205863612264
26.285,-0.025143011763081334
26.286,-0.07796880240199587
26.287,-0.005124802726774938
26.288,-0.025250317929026614
26.289,0.03917997527365692
26.29,-0.013135248217644198
26.291,-0.03352076847434125
26.292,-0.021943511641563114
26.293,0.07841574206797723
26.294,-0.08430081581047144
26.295,-0.035134812145132706
26.296,0.0001301410309185935
26.297,-0.031380687616668124
26.298000000000002,0.027078653039389982
26.299,0.0017882680576948116
26.3,0.01941529659322392
26.301000000000002,0.01441891635279791
26.302,0.005168331071481976
26.303,-0.05257053263158457
26.304000000000002,0.022259602920150556
26.305,-0.07341725314714345
26.306,-0.01775059294634927
26.307000000000002,0.041183047762225145
26.308,0.07685157166212346
26.309,0.13524270944412442
26.310000000000002,-0.003481269398613894
26.311,-0.025412553961840126
26.312,0.043624138431827233
26.313,0.11043342434413077
26.314,0.09276401355092781
26.315,-0.03665738813748881
26.316,0.006833214940084498
26.317,0.054948598105594486
26.318,0.056816581829984045
26.319,0.03867626046910337
26.32,-0.015226615787077298
26.321,0.03438809791956794
26.322,0.04966498959731086
26.323,-0.045489166054457575
26.324,0.06552356850053687
26.325,0.04652419106799708
26.326,-0.04221416535565092
26.327,0.03915848576534228
26.328,0.03169629433318098
26.329,0.031850166090681954
26.330000000000002,0.06649146039853865
26.331,-0.014259662425584223
26.332,0.00160009040483341
26.333000000000002,-0.14794480360674242
26.334,0.03897146143031105
26.335,0.03358058971996192
26.336000000000002,0.050064036762449304
26.337,-0.06466596364279245
26.338,0.030421940542601018
26.339000000000002,0.0336524364778928
26.34,-0.04919742484023737
26.341,0.03700936219985937
26.342000000000002,0.008443222005076715
26.343,-0.09832702736470453
26.344,0.017264542081865744
26.345,-0.048688638947097664
26.346,-0.09235198243991584
26.347,0.011662390353158646
26.348,-0.007950598305927772
26.349,0.06755157049245639
26.35,0.008527328399370057
26.351,0.04045464698229893
26.352,0.029034505632730707
26.353,0.05665684535168822
26.354,-0.03677462351328203
26.355,0.019304498836252935
26.356,0.004042741482444579
26.357,0.04531211266806591
26.358,0.02679225904701947
26.359,-0.015520236050156533
26.36,-0.0007447648658169305
26.361,0.09932421697371471
26.362000000000002,-0.06730459757280498
26.363,0.053154791255643596
26.364,0.07978851805536781
26.365000000000002,0.046443451587448246
26.366,0.11559620198093896
26.367,0.06328095715544504
26.368000000000002,0.034645555551495226
26.369,-0.009025383027892199
26.37,0.033119366406954405
26.371000000000002,0.045566514466946234
26.372,0.009996193301116351
26.373,-0.0291161065869103
26.374,-0.0540917430959188
26.375,0.013400336222847472
26.376,-0.07193131937302709
26.377,-0.0235660232620405
26.378,-0.12364857468605839
26.379,0.03754600485852278
26.38,0.05161149381839895
26.381,-0.004044553455893683
26.382,0.08179085955821169
26.383,0.05593272234327491
26.384,0.011056512699295373
26.385,-0.019910723199307874
26.386,-0.03284013263528551
26.387,0.011846477234444812
26.388,-0.024022469698450778
26.389,0.010001452358138443
26.39,0.01350390485113848
26.391000000000002,-0.029063467770881653
26.392,0.03748146993395384
26.393,-0.028220201388403154
26.394000000000002,-0.014979233725413642
26.395,-0.06395500713750087
26.396,-0.027434752763959555
26.397000000000002,0.09537206063863479
26.398,-0.05601885736298336
26.399,0.012575421181011442
26.400000000000002,-0.03021777687925841
26.401,-0.11626877461137555
26.402,0.02437037703850048
26.403000000000002,-0.029340309601497416
26.404,0.016482303109894597
26.405,0.0520723523526908
26.406,0.016335964543291125
26.407,0.0229762795075234
26.408,-0.03497164590595483
26.409,0.04551369273982432
26.41,0.0022943228546830827
26.411,-0.0866998667940721
26.412,0.05584394023804309
26.413,0.07219083557360742
26.414,0.0904430794668964
26.415,0.12554709715467088
26.416,0.05606695266027263
26.417,0.04323319802432628
26.418,0.07201454513373527
26.419,-0.02725038954643848
26.42,-0.06707249229882095
26.421,-0.0081254440359033
26.422,0.0785697663532927
26.423000000000002,-0.019567176266436063
26.424,0.035363095743331054
26.425,0.03917623149829304
26.426000000000002,0.021009168241007306
26.427,-0.056921705715413995
26.428,0.022164018279715852
26.429000000000002,-0.01804864086457888
26.43,0.08613147327988131
26.431,0.05577894829593577
26.432000000000002,-0.02241747266845557
26.433,0.08318979370063274
26.434,0.010165436396864597
26.435000000000002,-0.09242747399896731
26.436,-0.014463708014303404
26.437,0.06965879703097176
26.438,-0.05448613961076057
26.439,-0.018108703781429605
26.44,-0.08368839762123075
26.441,-0.0765352898742227
26.442,-0.058745677458982765
26.443,-0.07872358348713157
26.444,-0.04834797602961033
26.445,0.06963968299977694
26.446,-0.01868023173271756
26.447,0.02302986131805928
26.448,0.03918632038714936
26.449,-0.06974801574977679
26.45,-0.05463881498291701
26.451,0.026670305299638607
26.452,-0.0417326161912738
26.453,0.026700504453503603
26.454,0.07744028450034998
26.455000000000002,-0.07725415177108218
26.456,-0.020329868895866476
26.457,-0.0103614892908705
26.458000000000002,-0.0247256824818572
26.459,-0.02678831329357033
26.46,-0.01902852854071505
26.461000000000002,0.006704380766062612
26.462,0.017496826113554253
26.463,0.05858048669919324
26.464000000000002,0.01116026396493048
26.465,0.06965938943578755
26.466,-0.01469505042726813
26.467000000000002,-0.044234706645179325
26.468,0.0013155338935447545
26.469,0.040169155587055444
26.47,0.060323954958286505
26.471,0.09032977380639413
26.472,0.031606821515613476
26.473,0.05429120651147086
26.474,0.08439276058547814
26.475,-0.02391432525277057
26.476,0.003428118217681476
26.477,0.15117632760364322
26.478,0.05397202839536626
26.479,0.035056376724999214
26.48,0.05244410241068863
26.481,-0.060892335417758535
26.482,-0.028398276842732075
26.483,-0.04867386918926262
26.484,0.020843501737249675
26.485,-0.02056110672930615
26.486,0.0006607105587620437
26.487000000000002,-0.021597953860872803
26.488,-0.08922168269348461
26.489,0.0346029016533132
26.490000000000002,-0.09936656009260832
26.491,-0.049094026012118944
26.492,-0.0797643934398902
26.493000000000002,-0.05906350761128215
26.494,-0.005860883543550783
26.495,0.04514028911155271
26.496000000000002,-0.09508837439304332
26.497,-0.04509170957222221
26.498,-0.10463856698153838
26.499,-0.04717507684014047
26.5,-0.012795060463399231
26.501,0.022704765750689682
26.502,-0.1206212254023238
26.503,0.01399261653115502
26.504,-0.060822709947257275
26.505,-0.07148848085994149
26.506,-0.005646199521639838
26.507,0.024118754429765424
26.508,-0.010380228076607559
26.509,-0.05805988300004908
26.51,-0.006452160613263952
26.511,-0.03564329298211441
26.512,0.03282666657235128
26.513,0.05836530964167207
26.514,0.05707868242835032
26.515,0.007335832431628447
26.516000000000002,0.06615845430646503
26.517,-0.03946036153482666
26.518,0.10213477896449948
26.519000000000002,-0.03711452759526655
26.52,-0.08626475190878932
26.521,0.08432910569144353
26.522000000000002,-0.01885507438669173
26.523,0.022853135052008203
26.524,-0.034394413649336
26.525000000000002,0.13521951946907382
26.526,0.10778872511282583
26.527,0.09345396959241377
26.528000000000002,0.01975050675469822
26.529,0.06336287861734374
26.53,0.010473501503353935
26.531,0.06785390141413414
26.532,-0.010330230404868607
26.533,0.08775188503251687
26.534,-0.016327232834645912
26.535,-0.012540283136603079
26.536,-0.020460022480638412
26.537,0.010492512849051137
26.538,-0.020547583592865615
26.539,0.021233830146170446
26.54,-0.029125481052533143
26.541,0.032586910253700994
26.542,0.06718608982538217
26.543,-0.006513514670207408
26.544,0.09901088913479246
26.545,0.04312104522880134
26.546,0.09248982683050862
26.547,-0.01844920347130264
26.548000000000002,-0.09921690561675003
26.549,-0.0519826101844414
26.55,-0.04718426362815893
26.551000000000002,-0.06469619600943366
26.552,-0.12667263246727659
26.553,0.03475506992748395
26.554000000000002,-0.10885109662942422
26.555,0.03143920852577667
26.556,0.09532463348706731
26.557000000000002,-0.05162571870626892
26.558,0.008087970232392936
26.559,-0.02964860674817664
26.560000000000002,0.03334366967485927
26.561,-0.06591408772279646
26.562,-0.010881898671476537
26.563,0.05372625019437296
26.564,-0.0027853700408170486
26.565,-0.07977843168514709
26.566,0.06570679376638029
26.567,-0.05925429401556518
26.568,0.011324341693583574
26.569,0.03826035896346844
26.57,0.01673459376649313
26.571,0.13907909552647785
26.572,0.05019415942644688
26.573,0.004495523375588211
26.574,0.045653787009507
26.575,0.02671112941386647
26.576,0.01890180110151546
26.577,0.02911192109326782
26.578,-0.004775959469556435
26.579,0.027345914998534768
26.580000000000002,-0.009031432734801951
26.581,-0.07924813970142248
26.582,0.07167599816963242
26.583000000000002,-0.014703945277213599
26.584,0.01935367615112229
26.585,-0.027189735746610197
26.586000000000002,-0.027282080808389113
26.587,-0.04444795925402429
26.588,0.05308542225550684
26.589000000000002,0.06324832253993304
26.59,0.003099572447774394
26.591,-0.027013472840646847
26.592000000000002,-0.08681419759236084
26.593,0.035661376639179614
26.594,-0.03983004065163101
26.595,-0.06367368192000891
26.596,-0.008047497572705875
26.597,-0.027785141035313446
26.598,-0.0883963573246765
26.599,-0.08277163073293185
26.6,0.0020394917085352
26.601,-0.04841998825833679
26.602,0.009245666139149268
26.603,-0.009348004749250882
26.604,0.0355252754549186
26.605,-0.05840392806660889
26.606,-0.004874089618329608
26.607,0.01591793554096193
26.608,-0.046572171397846834
26.609,0.04204345370021954
26.61,-0.09648902523384455
26.611,-0.053499462597996844
26.612000000000002,-0.09555122575635595
26.613,-0.04553271191443165
26.614,-0.014720496074565112
26.615000000000002,0.0364270640651605
26.616,-0.010998968943686408
26.617,-0.03104583001582592
26.618000000000002,-0.07676419044396057
26.619,-0.05804832689332477
26.62,0.020097053964514874
26.621000000000002,0.05052160151212638
26.622,-0.01273981580274397
26.623,0.07043033869746992
26.624000000000002,-0.036094827700655474
26.625,-0.006762378117755517
26.626,-0.001355567847729484
26.627,0.09141661540371418
26.628,0.022416627956349904
26.629,-0.07361746498005792
26.63,0.06423237584641929
26.631,0.10906184019898099
26.632,0.004163040692284986
26.633,-0.02854892155480267
26.634,0.05894853688179402
26.635,0.11316266911011792
26.636,0.056394026100245694
26.637,-0.0683768855608267
26.638,0.0491479130793512
26.639,0.030107796360518378
26.64,-0.039486298483990635
26.641000000000002,0.0709209219402388
26.642,0.026543803449027074
26.643,0.06845739077481756
26.644000000000002,-0.052317680278927955
26.645,0.018732076418987942
26.646,-0.047907024476217044
26.647000000000002,0.007329861819378664
26.648,0.06697705333640261
26.649,-0.07994015992059086
26.650000000000002,-0.07868482756266688
26.651,0.03606524804110402
26.652,-0.013726303183759215
26.653000000000002,0.0444113712684089
26.654,-0.055452075810327205
26.655,-0.013255953197563076
26.656,0.018081657798104493
26.657,-0.006098798868709454
26.658,-0.10610110367682876
26.659,0.12464100406996709
26.66,-0.005470605515191827
26.661,-0.08248399281040397
26.662,0.0010834675530910134
26.663,0.007868633604175617
26.664,0.03733237208012647
26.665,0.035388189405315316
26.666,-0.02011589290233317
26.667,-0.09385298978185715
26.668,0.017099934834283993
26.669,-0.08622669794064895
26.67,0.05857448030588303
26.671,-0.036878146836713345
26.672,0.03345776386787339
26.673000000000002,-0.029173087985045282
26.674,-0.019091752334064627
26.675,-0.03274053303118635
26.676000000000002,0.04480845517490907
26.677,-0.020491400232931396
26.678,0.05042765814216162
26.679000000000002,-0.016499410001661705
26.68,0.0027649105829896277
26.681,0.01699169320825389
26.682000000000002,0.023572041084315182
26.683,-0.029880964235164065
26.684,0.05174261547599384
26.685000000000002,0.002979962540696643
26.686,0.04350852790905224
26.687,0.01504383813726539
26.688,0.04450131150527796
26.689,-0.006274081646867434
26.69,-0.026269187858918724
26.691,0.033289664400765584
26.692,-0.014168076002266763
26.693,0.08188538637017627
26.694,0.010633672674730858
26.695,-0.06322520433898163
26.696,-0.02568588661269143
26.697,-0.04829543741733385
26.698,0.05337589183279006
26.699,0.03647168324949702
26.7,-0.00716159377778456
26.701,0.008547627722827501
26.702,-0.012103769562384676
26.703,0.03364373460744084
26.704,0.015088606444975783
26.705000000000002,0.02272015646229196
26.706,-0.023076724065536992
26.707,-0.0460818024904889
26.708000000000002,0.017930339393643607
26.709,0.061636791593172924
26.71,0.03898276194706993
26.711000000000002,0.06260276826897734
26.712,-0.008313709688581864
26.713,-0.06462370992990764
26.714000000000002,-0.0596701933553971
26.715,0.05409597978694122
26.716,-0.1070464940394528
26.717000000000002,0.062413632039273484
26.718,-0.05090449382398256
26.719,0.08610649280296367
26.72,-0.011995219991135673
26.721,0.029377319313231464
26.722,0.11430736262731123
26.723,-0.019578667733327476
26.724,-0.01850269389661555
26.725,-0.03396763422347688
26.726,-0.04739595507024739
26.727,-0.011917060642546119
26.728,-0.021350792011574544
26.729,-0.05439337730020832
26.73,-0.0007890293403403966
26.731,0.03370501955176473
26.732,-0.03225416062446483
26.733,0.005570583191637633
26.734,0.08498099813116179
26.735,-0.05556053749806524
26.736,0.1125467755068081
26.737000000000002,-0.017410681746921893
26.738,0.02643806006716794
26.739,0.08022732861947515
26.740000000000002,0.09513825369695088
26.741,0.03884499897303453
26.742,-0.020150030216863797
26.743000000000002,-0.025544650453549964
26.744,-0.016315068806233513
26.745,0.10555514820572803
26.746000000000002,-0.009554547923654053
26.747,0.02416274203283897
26.748,-0.045937200152088915
26.749000000000002,-0.05338269169805313
26.75,0.003877582712120709
26.751,-0.015590254730418274
26.752,-0.013857446464106086
26.753,-0.07712643588843227
26.754,-0.00870354817559708
26.755,0.07064819848678686
26.756,-0.05115862598813516
26.757,0.03479160629657041
26.758,-0.18473212099413563
26.759,-0.0529056699620816
26.76,-0.10940555914861196
26.761,0.047018443818007044
26.762,0.028445734483253327
26.763,-0.06769733415532572
26.764,-0.0017838100323501888
26.765,0.04379491721730494
26.766000000000002,0.05175075101474959
26.767,-0.03599463789561887
26.768,-0.12552783660174227
26.769000000000002,-0.05918423963191719
26.77,0.025073984347873262
26.771,0.09291746911405263
26.772000000000002,-0.01337217693434428
26.773,-0.039479371506911956
26.774,0.11247278427789366
26.775000000000002,0.014536978519576171
26.776,-0.06531388413049678
26.777,-0.00799334184080317
26.778000000000002,0.0498533902772515
26.779,-0.001755561054776764
26.78,0.043362209642431614
26.781,-0.0747761860874207
26.782,-0.06448076111382936
26.783,-0.027861476817280437
26.784,-0.0036981011942819383
26.785,0.02849507071607984
26.786,0.04485847349302053
26.787,0.13736896362446635
26.788,-0.02201607586074402
26.789,-0.0001451324120724344
26.79,-0.019550599991576042
26.791,0.07015890653453513
26.792,0.07287105298365007
26.793,-0.006448168031361095
26.794,0.11876339227189589
26.795,-0.0206405248817167
26.796,0.0654248245527934
26.797,0.08558790047265082
26.798000000000002,-0.056461245661727215
26.799,0.0390956847504909
26.8,-0.12758213237935406
26.801000000000002,0.04821800412346404
26.802,-0.0498315970170755
26.803,0.031791859865436214
26.804000000000002,0.039291138860207755
26.805,0.055651489078715574
26.806,0.04226388907191543
26.807000000000002,-0.001311801553143825
26.808,-0.02493265368613717
26.809,-0.011348352832138616
26.810000000000002,-0.06504312249113037
26.811,-0.021313497761406137
26.812,-0.02660139567168328
26.813,-0.05264813313704163
26.814,-0.1012844784576411
26.815,-0.07886270764384576
26.816,-0.17310521485698743
26.817,-0.031362023261261404
26.818,0.0019087405396916168
26.819,-0.1501703841958163
26.82,-0.003911081112519333
26.821,-0.02135830669815386
26.822,-0.07335034883765142
26.823,-0.035151009277257436
26.824,0.04005825274909566
26.825,-0.05991099850465495
26.826,-0.005824689393352793
26.827,0.009130907998041306
26.828,-0.047628521408926615
26.829,0.04566528203941096
26.830000000000002,0.01727838556358917
26.831,-0.013635203258283565
26.832,0.11900991887681285
26.833000000000002,0.05335188666355162
26.834,-0.07974833742534289
26.835,-0.01312505489487915
26.836000000000002,0.13135000239414987
26.837,-0.03951739095671032
26.838,0.014349286933892686
26.839000000000002,0.0738704747966963
26.84,0.04605469252229662
26.841,0.0541941470186944
26.842000000000002,0.051983802253557004
26.843,0.016898881982600724
26.844,-0.023677154934565195
26.845,0.03776622676013641
26.846,-0.004242369314453997
26.847,-0.008521754141612018
26.848,0.08910456939376575
26.849,-0.004839953167096548
26.85,0.0985496579237797
26.851,0.024932575906486135
26.852,0.002821738469111011
26.853,-0.08156214893001604
26.854,0.11371771629513376
26.855,0.00572961324549563
26.856,-0.10929013125134232
26.857,0.05179807785726346
26.858,-0.0019673353563388527
26.859,-0.04790024911388806
26.86,0.043368141173406816
26.861,-0.1324399296103348
26.862000000000002,-0.04245061062806757
26.863,-0.023364778433864298
26.864,0.0326823558312708
26.865000000000002,0.10069065543147993
26.866,-0.02479856754426952
26.867,0.00937255766275792
26.868000000000002,0.12291852049992774
26.869,-0.014940011748285372
26.87,0.00776666199368662
26.871000000000002,-0.07776144253992702
26.872,0.08203313929795766
26.873,-0.05138582124406836
26.874000000000002,-0.001903345570602866
26.875,-0.0027038243041322754
26.876,-0.009629783140034771
26.877,-0.034602225997130344
26.878,0.0003671631886204129
26.879,0.07751640924446067
26.88,0.10518605609067938
26.881,-0.016005933304326515
26.882,-0.028010842491867527
26.883,-0.04418916126422774
26.884,0.1323935405663658
26.885,0.006391810476258188
26.886,0.057565405349921245
26.887,0.03848373915228353
26.888,0.11585712027386708
26.889,-0.005237358002153277
26.89,-0.04659439832498793
26.891000000000002,0.10322153327511491
26.892,0.056762273945292666
26.893,0.0355986656442088
26.894000000000002,0.09055494857190398
26.895,0.040282034911607444
26.896,0.09372889766873008
26.897000000000002,0.027971529384143184
26.898,0.0609316287146983
26.899,0.042127628155773644
26.900000000000002,-0.0007001770512300547
26.901,0.004835964893860116
26.902,-0.0052042053278936445
26.903000000000002,0.02684789677859499
26.904,-0.010268709745760048
26.905,0.03309207294400296
26.906,0.03001262415061554
26.907,0.01865955479765699
26.908,0.01789688844096115
26.909,-0.023260522149092865
26.91,-0.010843837532573487
26.911,-0.08211200063147944
26.912,-0.0064303509579553275
26.913,-0.05157596729993139
26.914,0.0008909775159530167
26.915,-0.04158502847258253
26.916,-0.11007160533413163
26.917,0.10351141689216672
26.918,-0.02212870207251555
26.919,0.06049531287430124
26.92,-0.03934339159806953
26.921,0.07095520550091199
26.922,-0.07229948628702133
26.923000000000002,-0.006473808451417085
26.924,-0.07023982302214765
26.925,0.11427740818211862
26.926000000000002,-0.02813989623590668
26.927,0.02604482730460605
26.928,0.007661973330385088
26.929000000000002,-0.015427029282437488
26.93,0.012645190740860719
26.931,0.05581045167575387
26.932000000000002,0.02252173060251951
26.933,-0.0013566069001599776
26.934,0.01802610687110882
26.935000000000002,0.08946002362789146
26.936,-0.025398248680916523
26.937,-0.09545578777838051
26.938,-0.05575288730214051
26.939,-0.05018838870195299
26.94,-0.04131399772485865
26.941,-0.03780184954188116
26.942,0.005093644224574254
26.943,0.02028742518639831
26.944,0.021283189819278354
26.945,-0.02566213786894571
26.946,0.06179871911523849
26.947,0.03991107136396952
26.948,0.09315600128983975
26.949,0.05713627232034764
26.95,-0.0021750292963507688
26.951,0.08086814613226838
26.952,0.029350102209082463
26.953,0.05543071824878776
26.954,0.05120019311993074
26.955000000000002,0.00840052110470251
26.956,0.01901656395813317
26.957,0.006330181338885106
26.958000000000002,-0.030879963442874574
26.959,-0.09676070511485284
26.96,-0.025653418038797747
26.961000000000002,0.017433985225392492
26.962,0.06009138107893313
26.963,0.0438686408838668
26.964000000000002,-0.011709876184544853
26.965,-0.033566966916288334
26.966,-0.010386082358235066
26.967000000000002,-0.05195696740061994
26.968,-0.11073942684104483
26.969,-0.08393313424186936
26.97,0.06045395844280407
26.971,0.08308879915749282
26.972,0.026564661592841814
26.973,-0.015242913107637092
26.974,-0.08301662997051079
26.975,-0.02227181628918006
26.976,0.015725477417862774
26.977,0.026181538706542475
26.978,0.01889327831400369
26.979,0.04491082560109167
26.98,0.08177436002510471
26.981,-0.03521818469818793
26.982,0.12591089400443709
26.983,-0.11454158331897477
26.984,-0.05146388196630259
26.985,-0.001379322160984282
26.986,0.017397326282382317
26.987000000000002,-0.017672335215628457
26.988,-0.031797613207405435
26.989,0.1047971606201873
26.990000000000002,-0.030758225984807413
26.991,-0.05275213257506394
26.992,0.08458034260629924
26.993000000000002,0.04431788530944897
26.994,0.05839089157544875
26.995,0.015192228442872515
26.996000000000002,-0.06173219269304689
26.997,0.012868471239179748
26.998,-0.06559629053137798
26.999000000000002,0.02351435780657863
27.0,0.04522236390109102
27.001,0.06730287911450883
27.002,0.009705198669775345
27.003,0.052323976047899415
27.004,-0.029883830151177224
27.005,0.06381775982579736
27.006,0.04917924917323458
27.007,-0.024811353032843802
27.008,0.04126136238415436
27.009,0.0685679292512546
27.01,0.0171589417863059
27.011,-0.02893619882869274
27.012,0.019872396054648724
27.013,0.03725138318397052
27.014,-0.03336006526102556
27.015,-0.04384083790868138
27.016000000000002,0.03093341723032915
27.017,0.04426295193928267
27.018,0.10878771551565611
27.019000000000002,0.03277180735964508
27.02,-0.06277512534469333
27.021,0.09789437763994124
27.022000000000002,0.04693799684033486
27.023,-0.10771063890336699
27.024,-0.06049394976372895
27.025000000000002,-0.034965298054772664
27.026,0.030253401329090015
27.027,-0.13172722363870223
27.028000000000002,-0.019636760868633914
27.029,0.024633641968067735
27.03,-0.15666298803303655
27.031,0.02204842287605069
27.032,0.0279364715284249
27.033,-0.05765202062684341
27.034,-0.07268128774613959
27.035,-0.05762222910750854
27.036,-0.14740327831468267
27.037,-0.0292087782104605
27.038,-0.0008429119244811184
27.039,-0.07155046406501156
27.04,0.039403346068948575
27.041,-0.002560040568391173
27.042,0.006928582870782679
27.043,-0.02447300551818766
27.044,0.03453773436579956
27.045,0.06370758634039476
27.046,-0.01939180723038673
27.047,0.04082596090208626
27.048000000000002,0.043126992132804874
27.049,0.027107268880922717
27.05,0.09166819278916266
27.051000000000002,-0.027015676463125308
27.052,-0.010404247257072818
27.053,-0.026958157355256265
27.054000000000002,0.0491931071157613
27.055,0.00019105822961474651
27.056,-0.020289570987889496
27.057000000000002,0.098137620352032
27.058,0.10573115543471422
27.059,-0.0011135953046930245
27.060000000000002,-0.05319541896625375
27.061,0.107995643266817
27.062,0.03779692050888435
27.063,0.03454076950615301
27.064,0.017813094032979152
27.065,-0.0285672548336461
27.066,-0.010487421543948734
27.067,0.042651304087339297
27.068,-0.015144515298716535
27.069,0.027251798569906505
27.07,0.0045634648220389045
27.071,-0.050709583216830265
27.072,0.0814021861534711
27.073,0.0282541744875942
27.074,0.01331249450046125
27.075,0.02280388954613284
27.076,-0.09625010973254232
27.077,-0.032831093902054645
27.078,-0.08599040779425708
27.079,-0.004711026375955715
27.080000000000002,0.0041817682234577234
27.081,-0.006047907453941555
27.082,0.04499483022335911
27.083000000000002,-0.0894295631747517
27.084,-0.05495080459033155
27.085,0.005509654823202044
27.086000000000002,-0.0020206479992432823
27.087,-0.08078895360551448
27.088,0.04521609367467975
27.089000000000002,0.06315897873571015
27.09,0.008078279964898018
27.091,-0.08767192339367373
27.092000000000002,-0.0030813388095993367
27.093,0.007252379669910013
27.094,-0.021919937544955657
27.095,0.06058554455703562
27.096,-0.010929709669248017
27.097,0.10180832390955342
27.098,0.0374974631943119
27.099,0.013928129482884617
27.1,0.0479255529812512
27.101,0.08020150877064187
27.102,0.05031175064466022
27.103,0.0031947051259482145
27.104,-0.024479253188183725
27.105,-0.04617636122607563
27.106,-0.11083218346720897
27.107,0.021035211539868738
27.108,-0.00611053738115259
27.109,-0.002667466346456829
27.11,0.06605398395931852
27.111,0.009377952287131033
27.112000000000002,0.10990053199200418
27.113,-0.013554740092500702
27.114,-0.03370056513706575
27.115000000000002,-0.04849266568657669
27.116,0.0498706824186589
27.117,0.07046235275956522
27.118000000000002,-0.017854100418193714
27.119,-0.04251905245539096
27.12,0.0858615890763565
27.121000000000002,-0.06463293424065714
27.122,0.0568294276163011
27.123,-0.02388584037724254
27.124000000000002,0.022799209941589012
27.125,0.05503187089038416
27.126,0.023224327627750518
27.127,-0.017116693497115424
27.128,0.06571875738448144
27.129,0.008693808650963496
27.13,0.17676919071606914
27.131,-0.09410695488380934
27.132,-0.09621588058049846
27.133,0.038264652877336686
27.134,-0.014106428596468988
27.135,0.02621414538964624
27.136,-0.06904748218905937
27.137,-0.011938833079668977
27.138,0.007905497291778068
27.139,-0.042254441978423735
27.14,-0.0033781448461129068
27.141000000000002,-0.08274033267863695
27.142,0.005584762743603743
27.143,0.05881861803780919
27.144000000000002,-0.07444489911515219
27.145,-0.07640301764622992
27.146,0.04920952610880425
27.147000000000002,-0.07470829095714099
27.148,0.03458626755023899
27.149,-0.003091736975126654
27.150000000000002,-0.025085526493127994
27.151,0.07085367135261834
27.152,0.04569004469017894
27.153000000000002,0.01503281263536889
27.154,-0.10483709351457245
27.155,0.04011883470697239
27.156,-0.047389772883542985
27.157,-0.0033543224622335248
27.158,0.009536014693412222
27.159,0.10536069028579598
27.16,-0.0009830374349299262
27.161,-0.0584387947627921
27.162,0.08702719989518873
27.163,0.0504897496555178
27.164,0.05281396590868564
27.165,0.089345737402149
27.166,0.10113907118932489
27.167,-0.029760808083469707
27.168,-0.05508065897536875
27.169,0.056035900083729086
27.17,4.1111376072341596e-05
27.171,0.0036464386255217873
27.172,-0.04494556142665756
27.173000000000002,0.03908221670389653
27.174,0.028607635144284972
27.175,-0.0007767551476278575
27.176000000000002,-0.06401773922553247
27.177,0.0641843315531633
27.178,0.014788834926485181
27.179000000000002,0.056145676298410656
27.18,-0.10665001591366378
27.181,-0.00038970431718863847
27.182000000000002,-0.04076200530897968
27.183,-0.004727406352730283
27.184,0.039098822531338784
27.185000000000002,0.009020511269395482
27.186,-0.00985464987951624
27.187,-0.011256752205261771
27.188,-0.09085456773854901
27.189,-0.05898745776833325
27.19,0.04180121912300526
27.191,-0.03994721028359689
27.192,0.04214579672474947
27.193,0.026443766490651742
27.194,0.02929092119566689
27.195,0.0023839833694398443
27.196,-0.03545810157043312
27.197,-0.020423208855254373
27.198,0.020122812077329768
27.199,-0.11704446257012051
27.2,0.05270570855605568
27.201,-0.03307823697373854
27.202,-0.010864930811169096
27.203,-0.008822635357653118
27.204,-0.005252501040075761
27.205000000000002,-0.06722006881929257
27.206,0.007791634422628692
27.207,0.03166341812786416
27.208000000000002,-0.0985651330957152
27.209,-0.059720731720899756
27.21,0.051698915961110974
27.211000000000002,0.043886726306575655
27.212,0.024708762357106645
27.213,-0.023096167360633607
27.214000000000002,0.047879078006055835
27.215,-0.04712662851836534
27.216,0.00689169808813254
27.217000000000002,-0.05101604448403385
27.218,0.006561111063655473
27.219,-0.036708004113661416
27.22,0.052548151699758516
27.221,0.036159336495619136
27.222,-0.014485697052374373
27.223,0.06790746706169691
27.224,-0.035258199680083036
27.225,0.009785632567290738
27.226,-0.020357731278681228
27.227,0.04619274277771833
27.228,0.03981254551136967
27.229,0.071199785553728
27.23,0.00862923833519199
27.231,-0.14518284726529265
27.232,-0.020467312035939496
27.233,0.07760410434743806
27.234,-0.018633793208409383
27.235,-0.099952459457839
27.236,0.016756254924687537
27.237000000000002,0.018937353956883986
27.238,-0.04508002010920101
27.239,-0.022391153113833148
27.240000000000002,-0.05361295626342476
27.241,0.013841438114149663
27.242,-0.010326130388784507
27.243000000000002,-0.07213217580934796
27.244,-0.014816783102048514
27.245,-0.05128908359757644
27.246000000000002,0.05831882638004939
27.247,0.030057508370791575
27.248,-0.020432900240313617
27.249000000000002,-0.009760001878362668
27.25,0.03757154842846782
27.251,-0.02092128712720865
27.252,0.026723742946301872
27.253,0.06387222066254249
27.254,-0.03320507039149872
27.255,0.07510124987548619
27.256,0.06210353578690306
27.257,0.0084066008488867
27.258,-0.024531214639254506
27.259,0.011187179137096295
27.26,-0.011118421333874483
27.261,-0.03682292891057217
27.262,0.03109892833369265
27.263,-0.045084077457501565
27.264,-0.00931328697730922
27.265,-0.00723895276233865
27.266000000000002,-0.05794025392519438
27.267,0.044395050725260676
27.268,0.0010446449076434213
27.269000000000002,0.07822159314992413
27.27,0.0016812381920656184
27.271,-0.005973499735984381
27.272000000000002,-0.030631614058504952
27.273,0.01659485223355539
27.274,0.016718274932315556
27.275000000000002,0.05121404984012218
27.276,0.01692341906655064
27.277,0.1175282265079315
27.278000000000002,0.03472647505908713
27.279,-0.038506856672305995
27.28,-0.04396836655334434
27.281,0.0349838730059295
27.282,-0.04414694125669316
27.283,0.034944440682583545
27.284,0.048345868462146904
27.285,0.04786427385464113
27.286,-0.04329411984658553
27.287,0.04452531977244926
27.288,0.012889805582577993
27.289,-0.035279253021359314
27.29,-0.014433753120789459
27.291,0.015612070547090521
27.292,-0.042972440032458
27.293,0.004514324684038146
27.294,0.060599053401624456
27.295,0.03558086981437851
27.296,-0.009289112513023131
27.297,-0.002262876144680917
27.298000000000002,-0.04126189641336281
27.299,-0.04004419293208062
27.3,-0.09139914569780225
27.301000000000002,-0.001773361263993035
27.302,0.020204013969929834
27.303,-0.016863393192930322
27.304000000000002,-0.056404339038515834
27.305,-0.00827608801570686
27.306,0.0566206149011873
27.307000000000002,0.03569021092935368
27.308,-0.009297418889094754
27.309,0.09604027014182961
27.310000000000002,0.1301837092608181
27.311,-0.027115309040622863
27.312,-0.013716294277620732
27.313,0.03494952866228495
27.314,-0.043665452119117834
27.315,0.04611242278656056
27.316,0.010350339030417315
27.317,0.025406690660942786
27.318,-0.020494053663475214
27.319,-0.0297689893539307
27.32,-0.0884518901201448
27.321,0.08611593779873848
27.322,0.05984054113838154
27.323,0.04715109221201228
27.324,0.031428187060901974
27.325,-0.10086416644924326
27.326,-0.023070435598343417
27.327,0.0016182283434229006
27.328,-0.039906194993493634
27.329,-0.0709712509063965
27.330000000000002,-0.035808321442182656
27.331,0.014692164503926457
27.332,0.013711830705899139
27.333000000000002,0.05547031891530919
27.334,0.11196677659559001
27.335,0.041688593598858396
27.336000000000002,-0.002885676726134159
27.337,0.09431882917128696
27.338,-0.07644227074663221
27.339000000000002,-0.10297146211848371
27.34,-0.04506201090546901
27.341,0.03819771797777151
27.342000000000002,0.0043645002820352505
27.343,-0.06207484032448101
27.344,-0.04352984178181454
27.345,-0.07066619362895754
27.346,-0.07196529400882805
27.347,0.06650205185998037
27.348,-0.01923070901484946
27.349,0.07557869410259438
27.35,-0.05806437436728715
27.351,0.010516623683270599
27.352,-0.0029677085698588367
27.353,0.029577588770510907
27.354,-0.001565062576955538
27.355,0.03527267916030082
27.356,0.014232012409599565
27.357,-0.06735223951611846
27.358,0.02471233740555835
27.359,-0.016049089726139734
27.36,-0.048551094881730684
27.361,0.026296237360176215
27.362000000000002,0.0391030322468047
27.363,-0.029629837294396492
27.364,-0.021381990492109475
27.365000000000002,-0.07155946651087901
27.366,-0.0907598298391753
27.367,-0.010952398887177084
27.368000000000002,0.04243548740918871
27.369,-0.024200529067974926
27.37,0.07742022104425662
27.371000000000002,-0.0027391777741188643
27.372,-0.0011561824322537956
27.373,-0.0043037399570304315
27.374000000000002,0.06034656391266355
27.375,-0.03571830369622504
27.376,0.006570532399321683
27.377,-0.013738553085489357
27.378,-0.014025020714039724
27.379,0.016040510627742675
27.38,0.008649035261107864
27.381,0.06673380127977104
27.382,0.01325155017798673
27.383,0.04099060326496749
27.384,0.021145822723902214
27.385,0.08179163005084611
27.386,-0.004579547914465788
27.387,-0.00564770728439736
27.388,0.045245821494307545
27.389,-0.009252866514468841
27.39,0.029930586844335576
27.391000000000002,0.12030201091552738
27.392,-0.04719234139119675
27.393,0.07666431014455158
27.394000000000002,-0.02620446013075664
27.395,0.06363756953830621
27.396,0.029449144176485913
27.397000000000002,0.023624031861130403
27.398,-0.01539093662097115
27.399,-0.021709637501753934
27.400000000000002,-0.046499362832619656
27.401,-0.01115581616219367
27.402,-0.02157724970143214
27.403000000000002,-0.003571741129301982
27.404,-0.08421515888598918
27.405,-0.0129210305850758
27.406,0.04890238105412731
27.407,0.03299143650977959
27.408,-0.012845711939470473
27.409,0.11453315630806717
27.41,-0.04186020618666849
27.411,-0.01655206372444685
27.412,-0.0838020075215677
27.413,-0.030360755064283138
27.414,0.08044885687129322
27.415,-0.025856011664084577
27.416,-0.08250965775280167
27.417,0.039029432886179605
27.418,0.01649994906896275
27.419,0.04022182820911176
27.42,-0.01449556710536571
27.421,-0.048337366303481635
27.422,-0.005529028455621308
27.423000000000002,0.032976659829323525
27.424,0.0031275087960964676
27.425,0.027557451874632752
27.426000000000002,-0.017378471759907935
27.427,0.03188901766733348
27.428,0.011508142796396174
27.429000000000002,-0.022771372284862597
27.43,0.02021031373676682
27.431,-0.005613766908466775
27.432000000000002,0.04489772274307788
27.433,0.05782231476004113
27.434,0.03917099795199107
27.435000000000002,-0.06791990165012385
27.436,-0.03486425680531001
27.437,-0.019093943624601494
27.438,-0.02789548468389131
27.439,-0.01620080914943332
27.44,0.05607485099307471
27.441,0.04348123218325577
27.442,-0.014025296411393825
27.443,0.035277481454662384
27.444,0.020572635975653435
27.445,0.0008740360905561506
27.446,0.05828063235820501
27.447,-0.03385429164702069
27.448,0.00020120776441548893
27.449,-0.05659278084785951
27.45,-0.0557527456227403
27.451,-0.07512307690942761
27.452,-0.05775794032129812
27.453,-0.00557302851079732
27.454,-0.02598059332192812
27.455000000000002,-0.025328131527714806
27.456,-0.027607337771270432
27.457,0.07534806431905404
27.458000000000002,-0.07060448127104435
27.459,-0.07621685333947811
27.46,-0.05635673974093827
27.461000000000002,-0.017559552765199635
27.462,0.01208702856408892
27.463,0.01777919271673098
27.464000000000002,0.03476416123365507
27.465,-0.017025664584243535
27.466,-0.03041599023620197
27.467000000000002,0.07223259764750553
27.468,-0.14736169527884985
27.469,-0.003612328550235279
27.47,0.01624353862418014
27.471,0.08999270836027636
27.472,-0.08510424812041678
27.473,-0.021439327705135465
27.474,-0.06666419031177201
27.475,-0.08706619421365898
27.476,-0.005787299767592432
27.477,0.04762316722768128
27.478,0.06771352666217095
27.479,-0.017834860081484646
27.48,0.043307508364739934
27.481,0.0011795585717655835
27.482,0.03982547006078154
27.483,0.0704860466407239
27.484,0.003639996999773085
27.485,0.06760515489792415
27.486,-0.04667983468760557
27.487000000000002,0.046819440921337045
27.488,0.06550702782455513
27.489,0.05997276968592787
27.490000000000002,-0.046335257363708304
27.491,0.0019009231050242676
27.492,0.026408121047589862
27.493000000000002,0.032404474139220193
27.494,0.014857240060310715
27.495,0.07920989320965435
27.496000000000002,-0.05845088684558984
27.497,-0.007186985424067506
27.498,-0.08113480125619915
27.499000000000002,0.032700293217883605
27.5,0.027730972372014256
27.501,0.165793003331823
27.502,0.04806691122107801
27.503,0.011748777154571205
27.504,0.006423967940883377
27.505,-0.02356486549867773
27.506,-0.002516246772438325
27.507,0.0035906921427077444
27.508,-0.10949942928174702
27.509,-0.0022997967720562017
27.51,-0.007811197197230569
27.511,0.07430040689929897
27.512,-0.020337457692962302
27.513,-0.05219498419944578
27.514,-0.0004630140623751843
27.515,-0.009952639061293957
27.516000000000002,-0.019792128708408376
27.517,-0.07662092662321544
27.518,-0.01970740234728908
27.519000000000002,-0.039937135854229304
27.52,-0.020721780387232408
27.521,0.027925793618695675
27.522000000000002,-0.041072564738134656
27.523,-0.016972725568129433
27.524,0.022665783691953684
27.525000000000002,-0.016287994744850088
27.526,0.12925618957013782
27.527,0.0128708945946329
27.528000000000002,-0.060043182147316014
27.529,-0.03831833505238238
27.53,-0.04180575107884766
27.531,-0.034588353606385895
27.532,0.03489136209734155
27.533,-0.04601497759575997
27.534,-0.006110645002156332
27.535,0.06858159367082053
27.536,-0.0137079475936922
27.537,0.046521741833713964
27.538,-0.07071312469907316
27.539,-0.0047928220549156315
27.54,-0.030446320833228097
27.541,0.02876151094828278
27.542,-0.038233776645462375
27.543,0.11653406461305423
27.544,-0.06955167305361208
27.545,0.06840205134401556
27.546,0.05456250644869188
27.547,0.025030965502514158
27.548000000000002,0.011017798083164753
27.549,0.09968844358687738
27.55,0.1290379631985578
27.551000000000002,-0.006399382425007884
27.552,0.010272595694951423
27.553,-0.0268479142012236
27.554000000000002,-0.0593142711154896
27.555,0.020696136832083364
27.556,0.008446603360311746
27.557000000000002,-0.08606431385590643
27.558,0.01580531448269946
27.559,0.005817711426669368
27.560000000000002,-0.03963047813365199
27.561,-0.043990910856538064
27.562,0.009575166714843956
27.563,0.06804172951606034
27.564,0.006900212583640052
27.565,0.025567181233339304
27.566,-0.055318604628134954
27.567,-0.034485056413136955
27.568,0.01675663569493608
27.569,-0.08124616106809449
27.57,-0.002469919329559986
27.571,0.012516731126938935
27.572,-0.013238258807167055
27.573,0.00565550713784492
27.574,-0.00628188074517781
27.575,-0.03901474906483192
27.576,-0.0654373295815088
27.577,-0.00958350513946451
27.578,0.06169086892631246
27.579,0.04926609521077294
27.580000000000002,-0.017611806099019574
27.581,-0.01703857938301244
27.582,-0.01912528242349773
27.583000000000002,-0.01756526510710608
27.584,0.020293485897166084
27.585,0.06019012119055761
27.586000000000002,0.12176509514973982
27.587,-0.03167861348581399
27.588,0.04342611243638663
27.589000000000002,0.038886886475897796
27.59,-0.003976731807608044
27.591,-0.038222238368057514
27.592000000000002,0.027233972790060165
27.593,0.1196605992485377
27.594,0.027131758093903648
27.595,-0.025857980735480852
27.596,0.005278387631594042
27.597,-0.04440992073329034
27.598,0.012807907594475797
27.599,0.04517289178120527
27.6,-0.024658732885431838
27.601,-0.15397748517007812
27.602,0.021357943350026533
27.603,-0.018955913934794264
27.604,-0.032887765600257746
27.605,-0.034858770404315176
27.606,0.021537311009771434
27.607,-0.02047253225176794
27.608,0.0448448311249629
27.609,0.04436871708819322
27.61,-0.01831636095834898
27.611,-0.032292346055320324
27.612000000000002,-0.001241141378276688
27.613,-0.016168023119804496
27.614,-0.09767263480464732
27.615000000000002,0.08464864556224425
27.616,0.023803508280411466
27.617,-0.035779666256407425
27.618000000000002,-0.10894263491449384
27.619,-0.022481983485529374
27.62,-0.04301043454284668
27.621000000000002,-0.01660373737511642
27.622,-0.12154494789386458
27.623,-0.03655612698785838
27.624000000000002,-0.032923983004429384
27.625,-0.02121561889968468
27.626,-0.022496575082043696
27.627,-0.007011044828879258
27.628,0.06763011620690594
27.629,-0.03286892720270016
27.63,-0.05126799588517356
27.631,-0.09059037353230244
27.632,-0.0282355467965899
27.633,-0.07116237727434227
27.634,0.048499640790770675
27.635,-0.0027232998608536477
27.636,0.050613036721848706
27.637,0.0784316020940323
27.638,-0.03667077065013756
27.639,-0.009441838893763743
27.64,0.07574467750561446
27.641000000000002,0.019728597637175514
27.642,0.03730857603862341
27.643,0.0636920482744042
27.644000000000002,0.05751261978967523
27.645,0.03367340433367606
27.646,0.08326047669486203
27.647000000000002,0.010131218832170063
27.648,0.03942942016229284
27.649,0.004350028684182916
27.650000000000002,0.06376308921082174
27.651,-0.02293056211375427
27.652,-0.07282964163004947
27.653000000000002,0.04310928486904895
27.654,-0.04173648187195045
27.655,-0.047911637060074085
27.656,0.06996656820194781
27.657,0.05361153704408407
27.658,-0.01332242642903486
27.659,-0.15001729249037346
27.66,0.027340673666901058
27.661,0.03221801902174432
27.662,0.023360624195504807
27.663,0.019524864141604988
27.664,-0.014569099627195214
27.665,-0.027428485885837264
27.666,-0.0635227236642295
27.667,-0.04428026468727998
27.668,0.005598240240145281
27.669,0.005499667459417866
27.67,0.027331366770843232
27.671,-0.08307664188346778
27.672,-0.09613548217576405
27.673000000000002,-0.03239677452595577
27.674,-0.06446122282726142
27.675,-0.0040311484169531925
27.676000000000002,-0.07850730779839224
27.677,0.04649445146030219
27.678,-0.05295149321115447
27.679000000000002,0.06861698515812703
27.68,0.01618164664524147
27.681,-0.06167385432656233
27.682000000000002,0.09706859079109321
27.683,0.006952749246087428
27.684,0.0034214596654939308
27.685000000000002,-0.006643019925475726
27.686,0.02149334301409282
27.687,0.026009440513712585
27.688,-0.041934608632908967
27.689,-0.00780658285568294
27.69,0.010172703660958373
27.691,0.034980217906189576
27.692,0.037202029131683544
27.693,0.01671894364527674
27.694,-0.017867613065178492
27.695,-0.019407885081297205
27.696,-0.04802708896582618
27.697,0.0418934453902813
27.698,-0.017988781192316276
27.699,0.003592199573237115
27.7,0.025255110641851597
27.701,0.013568239086763556
27.702,0.01291023233872868
27.703,-0.032419809098089364
27.704,0.025732198758422642
27.705000000000002,-0.004060774689230608
27.706,0.006392864089851202
27.707,0.06759621066973259
27.708000000000002,0.03381532336752854
27.709,-0.0212566231678026
27.71,-0.0015276802416663285
27.711000000000002,0.08444320502527464
27.712,-0.012405455889214542
27.713,0.0034098103379156695
27.714000000000002,0.03305623988492998
27.715,0.009044489322651244
27.716,-0.021895735778682222
27.717000000000002,-0.04192008352354372
27.718,-0.006682127852590729
27.719,0.025381422373959003
27.72,0.05728733315233082
27.721,-0.08314225640148587
27.722,0.07728439377234672
27.723,-0.0261054843478453
27.724,0.03388753668375756
27.725,-0.04972872939058252
27.726,-0.0937147129965199
27.727,-0.07895908602221657
27.728,-0.029815069804572263
27.729,0.013164860259938103
27.73,-0.011073062142431114
27.731,-0.024563314816273673
27.732,0.04459658927345378
27.733,-0.010302742306322141
27.734,0.004632771904202498
27.735,0.14736902987015338
27.736,-0.007297823565831217
27.737000000000002,-0.040307185901605196
27.738,0.019989477688559097
27.739,0.034157697402267706
27.740000000000002,0.014048659330862518
27.741,0.008404490318442912
27.742,0.07622143651105923
27.743000000000002,0.07149353093526659
27.744,-0.0007533052086487997
27.745,-0.025673346353493914
27.746000000000002,0.029270934340327535
27.747,-0.023449698455346432
27.748,0.05434648236860076
27.749000000000002,0.032228106759534136
27.75,0.14531134544341198
27.751,0.0860959939442704
27.752,-0.04105616281171718
27.753,-0.012786629683793505
27.754,-0.08245421510418681
27.755,-0.09373615803476434
27.756,0.01856913649136688
27.757,-0.04719220602231095
27.758,0.09386431701842575
27.759,0.0689163657255089
27.76,-0.00349017210854952
27.761,-0.0074057531891401525
27.762,0.08208007280398993
27.763,0.09223615688987677
27.764,-0.041518879551332
27.765,-0.04941279479951553
27.766000000000002,-0.012922504328782109
27.767,0.02214857150744411
27.768,-0.026645135459505684
27.769000000000002,0.020112524201498193
27.77,0.09351520298645914
27.771,-0.0757470610496131
27.772000000000002,-0.029099386033491492
27.773,-0.07744074029114488
27.774,-0.051083853562624404
27.775000000000002,-0.025023828915108435
27.776,-0.04754365615849904
27.777,0.014077237381621015
27.778000000000002,-0.004947702186024677
27.779,0.002054072468789655
27.78,-0.028455164603902194
27.781,-0.02389309279513715
27.782,-0.030558153581712433
27.783,-0.0251379538766813
27.784,0.008738981417936484
27.785,-0.10772428904121635
27.786,0.0036679935584208057
27.787,-0.05319734739952545
27.788,-0.02560128690220381
27.789,-0.08551372947436182
27.79,-0.024047331056401482
27.791,0.009187525930920384
27.792,0.019618909869413507
27.793,-0.06103653044112575
27.794,0.020260405557378798
27.795,0.05834756592313309
27.796,-0.021804834998866658
27.797,0.0044058901123875775
27.798000000000002,-0.09764726056785716
27.799,-0.03773208466334499
27.8,0.021886462377613557
27.801000000000002,0.05725887287362791
27.802,-0.019484579862072422
27.803,0.1447975301543884
27.804000000000002,0.027715092606682812
27.805,-0.0511208618306518
27.806,0.0772592891115935
27.807000000000002,-0.049571827440529084
27.808,0.029491519592274435
27.809,-0.03357723506928691
27.810000000000002,-0.05534981313851639
27.811,0.06009412938489647
27.812,-0.0017027448086197935
27.813,0.09671398800208418
27.814,-0.04146545120691825
27.815,-0.0696795678668053
27.816,-0.01692355580872672
27.817,0.15024560274406273
27.818,0.045998089055034067
27.819,0.030520386975997106
27.82,0.030657787467672306
27.821,-0.024463690016222832
27.822,0.13471734826146908
27.823,0.019650228803116832
27.824,0.01350338810894599
27.825,0.0431379178967713
27.826,-0.07107543977865119
27.827,-0.0525859212758254
27.828,-0.021980240597284432
27.829,0.0389101416210678
27.830000000000002,-0.0763633310460731
27.831,-0.015474472225808647
27.832,-0.023028117358031522
27.833000000000002,-0.09161010897973826
27.834,-0.038464730623823454
27.835,0.01414665509747812
27.836000000000002,-0.0868985023068912
27.837,0.05823811460334927
27.838,0.011649856703119426
27.839000000000002,0.006285904979558339
27.84,-0.009715498391018595
27.841,-0.06371226238462604
27.842000000000002,-0.04042729557578635
27.843,0.0114130072951816
27.844,-0.037908204156777675
27.845,0.005539144615790425
27.846,-0.04736209544263065
27.847,0.0216664602766652
27.848,0.026923830562756396
27.849,-0.07924898126276311
27.85,0.006986452423113132
27.851,-0.07102734174426673
27.852,-0.08663127294153025
27.853,-0.021998208326160357
27.854,0.1487112686086633
27.855,0.04868106103513538
27.856,0.08042605214161205
27.857,0.04200130023047297
27.858,0.022452292905542546
27.859,0.057381182059212235
27.86,-0.01910954047194032
27.861,0.03647465881994593
27.862000000000002,0.07170516491576331
27.863,0.047545588059118314
27.864,0.07426448553206756
27.865000000000002,0.020639501319975828
27.866,0.09533911523091965
27.867,-0.0005985895879960963
27.868000000000002,0.11464063554109923
27.869,0.03625913030992129
27.87,-0.012899798534098296
27.871000000000002,-0.05402652243809794
27.872,-0.03690448530599059
27.873,-0.04595551951473677
27.874000000000002,-0.0039330227242758906
27.875,-0.06471090522431364
27.876,0.06212361006453421
27.877,0.0015558013639691932
27.878,-0.0018833978786348213
27.879,-0.06499584914862158
27.88,-0.046420723017833836
27.881,-0.12011915133308401
27.882,0.0707834698156638
27.883,-0.08185886305462464
27.884,-0.07878281844192328
27.885,0.058417869278328476
27.886,0.0067532534323485535
27.887,-0.006798103947234649
27.888,0.0041455535167072375
27.889,0.03497163796313005
27.89,-0.007409775326025794
27.891000000000002,-0.0890895719371135
27.892,0.02540139533555042
27.893,0.010668766637597575
27.894000000000002,0.04908261832782029
27.895,-0.07086611108271992
27.896,-0.04367887637338889
27.897000000000002,0.013690970614325861
27.898,-0.05175976325403593
27.899,-0.12073509009936043
27.900000000000002,0.008256819875436094
27.901,0.0446454978742872
27.902,-0.005045835462683978
27.903000000000002,0.030293207585092484
27.904,0.024500104707798325
27.905,0.006241448449076743
27.906,0.013820395511268162
27.907,0.07568734021249945
27.908,-0.038887873343983276
27.909,0.04894210328385811
27.91,-0.047931084376106714
27.911,-0.027956818216358956
27.912,0.07208473094789312
27.913,-0.04786566473077091
27.914,0.0007091741273398209
27.915,0.13084254321561065
27.916,0.06386305317251796
27.917,-0.024636176173190007
27.918,-0.01660029043998645
27.919,0.002492761528249038
27.92,0.07575203455728302
27.921,-0.040910924060609095
27.922,-0.04504643277916606
27.923000000000002,0.042509567427786034
27.924,-0.07852884710718305
27.925,-0.041415429664037294
27.926000000000002,-0.0015620652621353938
27.927,-0.0004811822236297971
27.928,-0.06851977864533637
27.929000000000002,0.015904234578102534
27.93,0.024436670127000078
27.931,-0.03779939883178203
27.932000000000002,0.07700463033247053
27.933,0.009672512930789266
27.934,-0.05872401047444336
27.935000000000002,0.07150211084390853
27.936,-0.036627066496601926
27.937,-0.002296498530565433
27.938,-0.03620326774918037
27.939,0.018883241253135286
27.94,-0.03669093169641796
27.941,-0.03377340498452776
27.942,-0.020669984532109532
27.943,-0.037534463411586345
27.944,0.041559294002614974
27.945,-0.0743498831000452
27.946,-0.01258863073768831
27.947,-0.0053813810547258005
27.948,-0.015074243566003228
27.949,0.04070598912384774
27.95,-0.08166695114860213
27.951,0.023254373262211962
27.952,-0.06599071341711109
27.953,-0.027732522100011637
27.954,-0.06819778514441044
27.955000000000002,-0.015926827749626084
27.956,-0.02675179353746264
27.957,0.08552301563008129
27.958000000000002,0.017078030958861155
27.959,0.028329642610151844
27.96,-0.047792175739021676
27.961000000000002,0.04572445456862148
27.962,0.09164879017050397
27.963,0.05411516905550274
27.964000000000002,-0.05424547755004622
27.965,-0.011273357270691889
27.966,0.01777205791165952
27.967000000000002,-0.016267192518415595
27.968,0.13931023551083715
27.969,-0.011557977805510662
27.97,0.010110370197425377
27.971,-0.018180520510333843
27.972,0.022805087218019215
27.973,0.07957398436938966
27.974,0.015291001117233048
27.975,-0.002441944441867648
27.976,-0.046343182983618496
27.977,0.0665369014632102
27.978,-0.0024303719578007118
27.979,-0.005986229800282862
27.98,-0.11504959002327154
27.981,-0.00594042369874023
27.982,-0.02111688096026399
27.983,-0.09382863255040466
27.984,0.04552085336374182
27.985,-0.03209795361865942
27.986,0.08814063692431666
27.987000000000002,0.0628743544387356
27.988,-0.04494411812577206
27.989,0.05853936676127593
27.990000000000002,0.06976067499331437
27.991,-0.03940954735266702
27.992,-0.06362385726348291
27.993000000000002,-0.12012613244907563
27.994,0.006466667923453804
27.995,-0.06124554150114189
27.996000000000002,0.008094996235258563
27.997,-0.04050130331048261
27.998,-0.05060763519716486
27.999000000000002,-0.0390479104142165
28.0,-0.075165475497515
28.001,-0.0373336375844561
28.002,-0.04500101362339507
28.003,-0.007700375366057962
28.004,-0.0005059937133326938
28.005,-0.05792564834000517
28.006,0.052085006028559436
28.007,-0.009481894956229215
28.008,0.07509041231161025
28.009,0.013494284906853796
28.01,0.006346623973775823
28.011,-0.020246702756883235
28.012,0.03639504747469945
28.013,0.008603787727081029
28.014,0.0510250960460239
28.015,0.08939910145669182
28.016000000000002,-0.026239304337652487
28.017,0.041574192372992785
28.018,0.04080387508495921
28.019000000000002,0.03494123557457065
28.02,-0.009302878797892275
28.021,-0.008140295196449704
28.022000000000002,-0.01670764458980032
28.023,-0.017893085129210604
28.024,-0.030076544065436306
28.025000000000002,0.006177410414511255
28.026,-0.02717302331632001
28.027,0.03166822407875904
28.028000000000002,0.011765944468547724
28.029,0.01628402473257238
28.03,-0.007044365799810732
28.031000000000002,0.008786296970227793
28.032,-0.008386547446293944
28.033,0.04154063210715489
28.034,-0.02100683089837524
28.035,0.01842328138095481
28.036,-0.06713158312338095
28.037,0.03235622027862207
28.038,-0.03259967694978677
28.039,-0.051574807318569935
28.04,-0.06414308337558969
28.041,-0.06924121139327515
28.042,-0.03344521337246516
28.043,0.06466286334846633
28.044,-0.04318959546154862
28.045,-0.12208465133644106
28.046,0.0062051184786608045
28.047,-0.06805656300284291
28.048000000000002,0.028291395437223636
28.049,-0.0334363972025158
28.05,-0.02584585185863287
28.051000000000002,0.04812454347052159
28.052,0.019711625311044347
28.053,-0.07277372961271268
28.054000000000002,-0.06455399973917167
28.055,-0.09777189615647736
28.056,0.12267940237593154
28.057000000000002,-0.049400578717431094
28.058,0.053527730533427464
28.059,-0.030206476886268718
28.060000000000002,-0.05616639985562246
28.061,0.0003529131204991579
28.062,-0.015600449614182003
28.063,0.04227366509424949
28.064,0.04431563656047538
28.065,-0.02454427731530333
28.066,-0.0657376073798848
28.067,-0.05238759884085556
28.068,-0.1055453059758705
28.069,-0.004157121024314717
28.07,0.009831817941294726
28.071,-0.04600762611804098
28.072,-0.05149064561445175
28.073,0.011284431146061246
28.074,-0.01927921825767139
28.075,0.001732030001018403
28.076,-0.0060934819221260695
28.077,0.024424472556809445
28.078,-0.016720944654751636
28.079,-0.013498108859292573
28.080000000000002,-0.08390530095432405
28.081,0.00677345346026589
28.082,0.01270241430226872
28.083000000000002,-0.001752962712866615
28.084,0.10149004999360135
28.085,0.01272282185043266
28.086000000000002,-0.004617073279277326
28.087,0.02674329330152864
28.088,0.10598445812613863
28.089000000000002,0.011528571429756182
28.09,-0.11371473227891213
28.091,0.01766500606036882
28.092000000000002,-0.04924217280430855
28.093,-0.10267327884038739
28.094,0.07715025248910516
28.095,0.06527325892479055
28.096,-0.05500744036605887
28.097,-0.05549482138419903
28.098,-0.0032236335927855343
28.099,-0.05600453453659232
28.1,-0.01885072682558235
28.101,-0.047940674705470976
28.102,-0.032316821033782
28.103,-0.08236006219147425
28.104,0.029524351648481807
28.105,0.04885345385481589
28.106,-0.015705550928037465
28.107,-0.011719647753842103
28.108,0.022474416341749875
28.109,-0.007840827455745528
28.11,0.07969882568775419
28.111,-0.07134801364808585
28.112000000000002,0.03884243586507262
28.113,-0.00853216063686404
28.114,-0.05746172187079412
28.115000000000002,0.11239300468112319
28.116,0.12073711464416162
28.117,-0.007498840384311864
28.118000000000002,0.026507981978502217
28.119,-0.017970010617928134
28.12,-0.008685461777873826
28.121000000000002,-0.04865037355999009
28.122,-0.055003640786355515
28.123,0.10212720692860297
28.124000000000002,0.008754413608281723
28.125,0.013847412778431297
28.126,-0.02873868619133476
28.127,0.02159209190954183
28.128,-0.06295662636554326
28.129,-0.026483055209484782
28.13,-0.04798230820392228
28.131,0.07628774432903128
28.132,-0.07147463984477959
28.133,-0.04851684636275942
28.134,-0.0927555859421485
28.135,-0.03582912489916375
28.136,-0.015376092720683958
28.137,0.05531311309288065
28.138,-0.005939731718642713
28.139,-0.016703728886524688
28.14,0.01743429763515383
28.141000000000002,-0.021126031223699167
28.142,0.12008129755184661
28.143,-0.03139117650138214
28.144000000000002,0.01744365419750065
28.145,0.036725207787938925
28.146,-0.036874974316875093
28.147000000000002,0.0011693845699500298
28.148,-0.0332530810983344
28.149,0.004492320365293855
28.150000000000002,-0.005033047115011075
28.151,-0.017824619784103705
28.152,-0.06917051629107315
28.153000000000002,0.0813678377917251
28.154,0.017241588023884424
28.155,-0.09160508525125528
28.156000000000002,-0.03311867519430055
28.157,-0.09033018675419596
28.158,0.026646905685585018
28.159,-0.011985290412081505
28.16,-0.009981275128834781
28.161,-0.0514524147673181
28.162,-0.02413281598436299
28.163,0.03209879464458287
28.164,0.04672503953703404
28.165,0.037531465594255985
28.166,-0.0810554605934269
28.167,-0.01136348575888944
28.168,0.012025206157908499
28.169,-0.03595379377176449
28.17,-0.08075176900319937
28.171,-0.06074938880505493
28.172,0.07990403223165611
28.173000000000002,-0.053392944397639086
28.174,0.009737257168220829
28.175,0.0006196171761402511
28.176000000000002,0.001707667593450232
28.177,-0.005765888727717992
28.178,0.05037312281551283
28.179000000000002,0.013235219281996866
28.18,-0.01944800278787813
28.181,0.0146187593770365
28.182000000000002,-0.05177504184803218
28.183,0.03578312683943025
28.184,-0.022343909433626234
28.185000000000002,-0.019906833212676986
28.186,0.03631631896209787
28.187,-0.010446403168124684
28.188,-0.008512405591721625
28.189,0.06641468564787355
28.19,-0.04174176814911108
28.191,0.03062641207532146
28.192,0.051894733415935076
28.193,0.0614143871578621
28.194,0.11050477179280827
28.195,-0.0318415577805816
28.196,-0.04454772043913251
28.197,0.03830992289291453
28.198,0.04309704019866143
28.199,-0.04476136658047826
28.2,0.017778550919611814
28.201,0.12860123313744376
28.202,-0.00341794116057699
28.203,0.03660143384158013
28.204,0.06847339022302283
28.205000000000002,0.1141770634047988
28.206,0.0007800365849491096
28.207,0.05081085185372845
28.208000000000002,-0.05143802734607052
28.209,-0.01077607653158701
28.21,-0.03418383164862909
28.211000000000002,-0.1058058678130732
28.212,-0.09120920508573514
28.213,0.01107767234607085
28.214000000000002,0.012837493797481107
28.215,-0.0608187064487791
28.216,0.07016174004997414
28.217000000000002,-0.06207103123159943
28.218,0.007517200526104483
28.219,-0.024809325134234006
28.22,0.002654197453252617
28.221,0.04362416926402907
28.222,0.03797268927526276
28.223,0.036903737210781315
28.224,0.0319040105674963
28.225,-0.05939689793924115
28.226,0.062251877108513876
28.227,-0.04628067312585439
28.228,0.0025470608396706094
28.229,-0.008711241834129808
28.23,0.02724510435725387
28.231,-0.013747623947564744
28.232,0.003166897249274289
28.233,0.09248694002064826
28.234,-0.052927354543522424
28.235,0.011840478678084385
28.236,-0.04377906447032929
28.237000000000002,0.04544384911252038
28.238,-0.02497258107428866
28.239,0.012771658555723028
28.240000000000002,-0.05605672735797708
28.241,0.07394517592977343
28.242,0.012070530373310405
28.243000000000002,0.014266319620357518
28.244,0.04767685921956154
28.245,-0.05758623319057798
28.246000000000002,-0.027074701332458425
28.247,0.010821207501794943
28.248,-0.08717022616538753
28.249000000000002,-0.08320367858011667
28.25,-0.042929895421169255
28.251,-0.0602847742706039
28.252,-0.02175100016914165
28.253,0.02030422555162568
28.254,0.0304978162441504
28.255,0.08239246171553162
28.256,-0.010179341035015877
28.257,-0.00217507798927573
28.258,-0.011845200390427198
28.259,0.004850536805367307
28.26,0.00834792250235515
28.261,0.0342875554883912
28.262,0.034007232838315825
28.263,0.014144275243550752
28.264,0.06392702055409855
28.265,-0.009841931606850459
28.266000000000002,-0.041202372452620054
28.267,-0.03232420896656683
28.268,-0.014375173503945942
28.269000000000002,-0.06230178355132766
28.27,-0.03771346380490585
28.271,-0.06286534784995634
28.272000000000002,0.012576648430588339
28.273,0.014384978671340507
28.274,-0.09039151240313112
28.275000000000002,-0.03326329901699371
28.276,0.09209394670131556
28.277,0.033705110946635544
28.278000000000002,0.026283409338651222
28.279,-0.02834534277287834
28.28,0.020464534278866204
28.281000000000002,0.00652337621372162
28.282,-0.031540398906962704
28.283,-0.015459333814301111
28.284,-0.01352695208346616
28.285,-0.06373106131009627
28.286,-0.05495670991913532
28.287,0.0016123407715025323
28.288,-0.030609878134762243
28.289,-0.0032142626300743146
28.29,-0.06857251435270424
28.291,0.05149352118096726
28.292,0.11501086362558084
28.293,0.06176505656602367
28.294,0.06618733052483801
28.295,0.040099162716020785
28.296,0.021083911164356754
28.297,0.011035162240439596
28.298000000000002,-0.04020494902717738
28.299,0.03876091235940688
28.3,0.03447211535646953
28.301000000000002,-0.02157514960245402
28.302,0.02649302406775798
28.303,-0.035889032657560015
28.304000000000002,-0.03407211195277054
28.305,0.03486420665910972
28.306,0.016357796851357045
28.307000000000002,-0.017971512788091594
28.308,-0.024874939404321235
28.309,0.00023342251366335193
28.310000000000002,-0.1011711430684929
28.311,-0.04805550269559861
28.312,-0.07404791440902521
28.313,-0.010676179669679233
28.314,0.04284127328309831
28.315,0.012107384736780837
28.316,-0.03732428480419299
28.317,-0.04691608153691023
28.318,-0.048956747235037845
28.319,0.08919538835674085
28.32,-0.006755900535299508
28.321,0.0005947781396339284
28.322,-0.11405383220293616
28.323,-0.06653208958277354
28.324,-0.00857904491570587
28.325,-0.03007599028660387
28.326,0.0027580733284044427
28.327,0.0034253304348750464
28.328,0.02881507204541076
28.329,-0.09328847336705405
28.330000000000002,-0.053717588031471995
28.331,-0.0020844040373303356
28.332,-0.02816207328199867
28.333000000000002,-0.010052482971212395
28.334,0.012090256851594622
28.335,-0.029522297927891326
28.336000000000002,0.018316380738738182
28.337,0.03676022894078018
28.338,0.01354091061959302
28.339000000000002,0.046907175236087985
28.34,-0.09734256891202152
28.341,-0.017719564770954675
28.342000000000002,0.05631661674672833
28.343,-0.031561046232940704
28.344,-0.03855049480775996
28.345,0.004777096056454097
28.346,0.009709854325220098
28.347,-0.016819327328967015
28.348,0.10129750129745758
28.349,0.022521255931962074
28.35,-0.03798213385506559
28.351,-0.06594637417433113
28.352,0.025092169441919793
28.353,-0.04279709875109543
28.354,0.10983314601737197
28.355,0.02223986164470766
28.356,0.02747081322683946
28.357,0.010543918105592447
28.358,0.05285201121044947
28.359,-0.1242848730195674
28.36,-0.065909096031604
28.361,0.044812877232304406
28.362000000000002,0.0670820702506306
28.363,-0.07065392660519927
28.364,-0.10064132820383616
28.365000000000002,-0.0020194172857219625
28.366,0.013332982978357943
28.367,-0.0039596312289223515
28.368000000000002,-0.014544968173950203
28.369,-0.10423151233503852
28.37,-0.030304023238587635
28.371000000000002,-0.022604077666216606
28.372,-0.03832073700622196
28.373,-0.10629512421397365
28.374000000000002,0.01957171986214415
28.375,0.0344490701204494
28.376,-0.04762371656122766
28.377,-0.016134105531439322
28.378,-0.030531344367328773
28.379,-0.0288177188506746
28.38,0.02148879659615077
28.381,0.024028212878677013
28.382,0.05325736681598908
28.383,0.053577859918744454
28.384,-0.006359015446491412
28.385,0.14565506285834223
28.386,0.08231649728764491
28.387,-0.02688600764719134
28.388,0.013469505260392273
28.389,-0.09113142297848889
28.39,0.01042888724174283
28.391000000000002,0.09353213676377259
28.392,0.149557926090612
28.393,0.00492915146676036
28.394000000000002,0.02808580686475487
28.395,0.0417993902309185
28.396,0.11055197750007859
28.397000000000002,-0.0377083871623591
28.398,0.1439318441951383
28.399,-0.00513522587946379
28.400000000000002,-0.04837473653200247
28.401,-0.006354959881705832
28.402,-0.031926410296573296
28.403000000000002,0.028544795597902923
28.404,-0.0761136460111724
28.405,0.0124228687417513
28.406000000000002,0.03730097728974675
28.407,0.07694985396341213
28.408,0.03550591168980968
28.409,0.07118700034856176
28.41,-0.03151356983506546
28.411,0.017143392288855506
28.412,-0.1153274658215704
28.413,-0.01081166359352984
28.414,0.013050152347525292
28.415,0.01648624398084985
28.416,-0.08706507565938758
28.417,-0.028739660840742046
28.418,-0.022511905111245116
28.419,-0.03203233315035725
28.42,0.025213111029824757
28.421,-0.022184799527987242
28.422,-0.00652681170649853
28.423000000000002,-0.03596535852633424
28.424,0.041923950191520114
28.425,0.045967499270835856
28.426000000000002,-0.025936799591927684
28.427,0.1326290775411463
28.428,-0.04746871435224939
28.429000000000002,0.042096338569537754
28.43,-0.05481866889759861
28.431,0.03247724034923109
28.432000000000002,0.029755548405326827
28.433,-0.054333872881529736
28.434,-0.008978297409920831
28.435000000000002,0.09227084693813693
28.436,-0.04048435197821865
28.437,0.02166713133817227
28.438,0.019668870152760292
28.439,0.0020609099325851216
28.44,-0.08115917689749574
28.441,0.04797595539797853
28.442,0.0081821687496892
28.443,0.06374504962741273
28.444,0.020973770526759597
28.445,0.01331267823178136
28.446,0.02928022952168564
28.447,-0.038306508251694404
28.448,0.08923940657109083
28.449,-0.007328927374905245
28.45,-0.006736379641358585
28.451,0.07579938985282192
28.452,0.02319045173104074
28.453,-0.001509455790050367
28.454,0.030351787982488207
28.455000000000002,0.04017481042062087
28.456,0.0020514146541450347
28.457,0.05306821454609574
28.458000000000002,-0.05768810659287524
28.459,0.017737962217852888
28.46,0.04340524614241013
28.461000000000002,0.033179573175202676
28.462,-0.11129286349815283
28.463,-0.00691014070411735
28.464000000000002,-0.06261391490223923
28.465,0.061071879436716
28.466,-0.024010142496122523
28.467000000000002,0.053061247055542694
28.468,-0.06764490924316593
28.469,0.011714767920558878
28.47,-0.008336790995741052
28.471,0.12867398558236595
28.472,0.048702962711688
28.473,0.044977657800013664
28.474,0.09029866064168571
28.475,0.0028745557716509003
28.476,-0.016355163091525078
28.477,-0.021965154452557756
28.478,0.005348358873670071
28.479,-0.14914998509900898
28.48,-0.00998235006659721
28.481,0.0019251062075517668
28.482,-0.01639329958676165
28.483,-0.08421422425861583
28.484,-0.01412341452884319
28.485,-0.08218829222815688
28.486,0.08438820649251105
28.487000000000002,-0.015904767133587298
28.488,-0.10486869351322796
28.489,-0.010731920852879853
28.490000000000002,0.0456957088149281
28.491,0.011048533185383371
28.492,-0.04216083360306584
28.493000000000002,-0.02914233246102279
28.494,-0.008400461285943076
28.495,-0.014951856251256562
28.496000000000002,-0.054954972282290904
28.497,0.005524436929382731
28.498,-0.057024527136279125
28.499000000000002,0.057738761396313655
28.5,0.06432406898505695
28.501,-0.03905700390622559
28.502,-0.02454943900613499
28.503,-0.009842486657244146
28.504,0.00960049251622773
28.505,0.02373360361198551
28.506,0.03360865462800223
28.507,0.031862945335956974
28.508,0.08685503948589408
28.509,0.011338866519919175
28.51,-0.05775887057469838
28.511,-0.07415046374696568
28.512,0.08695482476186807
28.513,0.02943441365549312
28.514,0.013006406800449394
28.515,0.023830064881914612
28.516000000000002,0.00807017050379734
28.517,0.020393174520236437
28.518,-0.02120067350056626
28.519000000000002,0.0489195914762528
28.52,-0.03129900943459753
28.521,-0.0513654009472923
28.522000000000002,-0.09180260333205832
28.523,-0.020105393293962506
28.524,0.054310899595130115
28.525000000000002,-0.032651487553611885
28.526,-0.07929593723196696
28.527,0.0034314891132150097
28.528000000000002,-0.043655460963055365
28.529,0.06617230902959034
28.53,0.04250490068680897
28.531000000000002,-0.07459892278551628
28.532,-0.01942578869004995
28.533,-0.04802368022907609
28.534,-0.06767315036724365
28.535,-0.011699699844501959
28.536,0.03287603664066063
28.537,-0.011143173783544196
28.538,-0.03179068804154001
28.539,-0.11513823235832672
28.54,-0.03689440017848216
28.541,0.025258544217461355
28.542,-0.06812518834740486
28.543,0.06441714330091008
28.544,-0.02758006442530803
28.545,0.01257767822087315
28.546,-0.015815669880275416
28.547,-0.05348256696803268
28.548000000000002,0.028466027391914995
28.549,-0.02242086504036281
28.55,-0.03324679422510297
28.551000000000002,-0.10959396634437078
28.552,0.07502920795852396
28.553,0.01074697716063541
28.554000000000002,0.0661685263363685
28.555,0.04210058009181955
28.556,0.0665104727623719
28.557000000000002,-0.017074792808587418
28.558,-0.05770019014218211
28.559,0.048696880746893156
28.560000000000002,0.016566355911518324
28.561,-0.013906148900601555
28.562,0.045774101963340634
28.563,0.023152453982141226
28.564,0.038693926319859545
28.565,-0.045464238513049336
28.566,0.05336727566908634
28.567,0.003024526804422179
28.568,0.0562248042512428
28.569,0.04909241696141892
28.57,0.033684280988870156
28.571,-0.0074880545209345265
28.572,0.032272770178217475
28.573,0.05110436983532753
28.574,0.024734176493838203
28.575,0.003437570161395017
28.576,0.0279030356033171
28.577,-0.034865312306743966
28.578,0.0663473722608936
28.579,-0.09408623533817807
28.580000000000002,-0.008779427021803425
28.581,-0.031157191972833637
28.582,-0.04311375114698741
28.583000000000002,0.00413345607970869
28.584,-0.06730388451797067
28.585,0.0968147713160733
28.586000000000002,-0.07799030553465275
28.587,-0.05740862333599942
28.588,-0.061454088306443846
28.589000000000002,0.0015564523199077564
28.59,0.04327523971781929
28.591,0.019867219146545316
28.592000000000002,0.06829119029670194
28.593,-0.045509362517566876
28.594,0.03002683962843786
28.595,-0.0168097497614214
28.596,0.011069079860220843
28.597,0.056401788386235566
28.598,-0.08235731076190005
28.599,0.10306345856160633
28.6,-0.002541304369601289
28.601,-0.07446820641129212
28.602,-0.027718245510535977
28.603,0.01300444821909751
28.604,-0.02590872874235217
28.605,-0.09291461007673056
28.606,0.014923949373530726
28.607,-0.02553879949924443
28.608,0.043424734388160705
28.609,-0.04238253497791445
28.61,0.12413017679105888
28.611,0.03659962061232845
28.612000000000002,0.02047189011323342
28.613,0.041355879938754364
28.614,-0.08144880301761653
28.615000000000002,-0.01592646621803079
28.616,0.09724440391268419
28.617,-0.008852574201501562
28.618000000000002,0.0029752295209995627
28.619,-0.01832988328696936
28.62,0.07703067056088947
28.621000000000002,-0.009668232587402764
28.622,-0.06130488763957162
28.623,0.12893382311396412
28.624000000000002,-0.07005127658136866
28.625,-0.007443820736087565
28.626,-0.04590319628316175
28.627,-0.04007911238582375
28.628,-0.059106840657568896
28.629,-0.034146210308601106
28.63,0.041122636000567946
28.631,-0.1039989891719595
28.632,0.05344308946429288
28.633,0.0442576078633105
28.634,0.014866000424474578
28.635,-0.004556968823844893
28.636,0.002837849788373023
28.637,0.06019951871327958
28.638,-0.09808608927396537
28.639,0.025890659633905036
28.64,-0.04731513327674419
28.641000000000002,0.03188588844075278
28.642,-0.039347097601198006
28.643,0.027530005210202067
28.644000000000002,-0.08427681000204934
28.645,-0.09042619575012543
28.646,-0.0103161636717423
28.647000000000002,0.06831179295890649
28.648,0.024595088954898755
28.649,0.02551223827504549
28.650000000000002,0.043354324734534676
28.651,-0.018221359988715116
28.652,0.03342475492332528
28.653000000000002,-0.02487682057948317
28.654,-0.010431532554963764
28.655,-0.003134008446735997
28.656000000000002,-0.01991678349352491
28.657,0.004956326431123582
28.658,-0.003684037720209766
28.659,-0.025679381024820758
28.66,0.0031997240339907227
28.661,0.018377801446970442
28.662,-0.04414052799552644
28.663,0.031813976048376685
28.664,-0.013805258566782193
28.665,0.020576574517265134
28.666,-0.02295780056145164
28.667,0.06233056002244057
28.668,0.05697532694501916
28.669,-0.04406229417950321
28.67,0.03377912114102167
28.671,0.07886132674554452
28.672,-0.04193245882996265
28.673000000000002,-0.03911756478963142
28.674,0.03987758594593842
28.675,-0.06348242143857087
28.676000000000002,-0.03827260209075551
28.677,-0.05141145312402771
28.678,0.03542467480267954
28.679000000000002,-0.037814965270382805
28.68,-0.018623035805857596
28.681,-0.04294739993527136
28.682000000000002,0.0508328982192119
28.683,-0.05053237658853141
28.684,-0.07880860831258381
28.685000000000002,-0.08151723614972747
28.686,0.024883192612627225
28.687,0.028006662078612653
28.688,0.0517963488564245
28.689,-0.07387811552402689
28.69,-0.022438744391769128
28.691,0.11058813738591705
28.692,-0.025642827481077365
28.693,-0.03830256677426945
28.694,-0.010648238857430799
28.695,0.017566262989148783
28.696,0.017519713515340974
28.697,-0.03796226313649171
28.698,-0.03549177560549777
28.699,-0.019976715568263782
28.7,-0.04050115095402028
28.701,-0.0645234624115395
28.702,0.08886166838544447
28.703,-0.02061208708526679
28.704,-0.016504831930987302
28.705000000000002,-0.013688242505487017
28.706,-0.0005324213079267899
28.707,0.026409385717011614
28.708000000000002,-0.017474771333804307
28.709,0.06378569708791744
28.71,0.037647585979672056
28.711000000000002,-0.0009567001879746909
28.712,-0.024010813118238744
28.713,0.06413140636600313
28.714000000000002,0.0022306059229838353
28.715,-0.05149985122314544
28.716,0.06184914875907498
28.717000000000002,-0.025511192751822155
28.718,0.05409060552452809
28.719,-0.11533446170943061
28.72,-0.008483817143531552
28.721,0.06738113951276929
28.722,0.008943530406276741
28.723,0.03777857176472372
28.724,-0.038148098194762114
28.725,0.023314924450592883
28.726,0.005017179531622498
28.727,0.015830051725006403
28.728,0.10441111099040508
28.729,0.06642713852460953
28.73,0.039531878038061664
28.731,0.038899187872050864
28.732,-0.048034651054853245
28.733,-0.02734735242622181
28.734,-0.08157132326676998
28.735,-0.06950922110340672
28.736,-0.051360772268042476
28.737000000000002,-0.009397041340447245
28.738,-0.06998812164114536
28.739,-0.011372274093047335
28.740000000000002,-0.017661251568366156
28.741,-0.06707968736738705
28.742,0.06564573655169025
28.743000000000002,-0.07697853896866924
28.744,0.04514362516400955
28.745,-0.12325897355750175
28.746000000000002,-0.01733406390563005
28.747,-0.06964009019665401
28.748,-0.04188368420610724
28.749000000000002,0.08207072085084928
28.75,-0.02494542354880624
28.751,-0.06188014003302096
28.752,0.0187647567439707
28.753,-0.022291714584576967
28.754,0.0042055896105933615
28.755,-0.047833079735304394
28.756,-0.044122874519421304
28.757,-0.038986433503486136
28.758,0.04157291267181412
28.759,-0.008459874534590146
28.76,-0.04834128550725102
28.761,0.01329617915923956
28.762,0.01024042338566707
28.763,0.03592099098707396
28.764,-0.015975041863988456
28.765,0.004998368311132715
28.766000000000002,0.03060009785419771
28.767,-0.040443725666886615
28.768,0.0547044202219964
28.769000000000002,0.011441368252716366
28.77,-0.04435204017727315
28.771,-0.04479063058697269
28.772000000000002,0.005445912254058983
28.773,-0.017453601787965293
28.774,0.04729135826087053
28.775000000000002,-0.005404834405138068
28.776,0.023333935938484058
28.777,-0.03511308172067662
28.778000000000002,0.005204015183590975
28.779,0.07107925927854002
28.78,-0.0032279654160196
28.781000000000002,-0.024650905946586442
28.782,-0.04141491846476983
28.783,-0.00040913309209552587
28.784,0.06974242088550978
28.785,-0.07014525189259967
28.786,-0.005676008250788774
28.787,-0.09004395999493602
28.788,-0.02598124838963404
28.789,0.006644299266392287
28.79,-0.08645698805183942
28.791,-0.03051983300011127
28.792,0.0055199921067202035
28.793,-0.003051235642421073
28.794,0.006870329136083816
28.795,-0.059137728517040876
28.796,0.003910803026392571
28.797,-0.04063553856161721
28.798000000000002,0.025172433139136537
28.799,-0.12581039454620074
28.8,-0.024365500152902668
28.801000000000002,-0.004412265298966549
28.802,0.05877315956300255
28.803,-0.0035812691940493753
28.804000000000002,0.0023793662742256742
28.805,0.012722404623870451
28.806,0.05766809230157569
28.807000000000002,-0.022946853729343342
28.808,-0.07282041710741331
28.809,-0.08116971776066352
28.810000000000002,0.033009793918923926
28.811,0.012205000661723846
28.812,-0.010542777156850163
28.813,-0.02583255302902229
28.814,0.013663257063922834
28.815,0.01619303633731163
28.816,0.03070448515260078
28.817,-0.0478072030837494
28.818,-0.07978150732262562
28.819,-0.036551556543837536
28.82,-0.057866728060923606
28.821,-0.06002547860380581
28.822,0.08889902730634147
28.823,-0.10279016722058502
28.824,0.03404724222492185
28.825,0.05576837895684675
28.826,0.05950458768406416
28.827,0.023566289399692394
28.828,0.07513989152734801
28.829,0.09762827756285947
28.830000000000002,-0.007455699127870805
28.831,0.029121790321197615
28.832,0.06953760852761742
28.833000000000002,-0.03842918417522871
28.834,-0.00871965231894631
28.835,-0.028956500394138197
28.836000000000002,0.02416062685108028
28.837,-0.09503089816726616
28.838,0.0704700058524623
28.839000000000002,0.024112364371005755
28.84,0.02573951882459339
28.841,-0.12305102442868986
28.842000000000002,-0.05795222378149338
28.843,0.06760064662084866
28.844,-0.016674796500939976
28.845,-0.09478142283831
28.846,0.0018477449433141092
28.847,0.0241969771827538
28.848,0.01642091631999263
28.849,-0.01792658932117784
28.85,0.046262797922186585
28.851,-0.0455800183025443
28.852,0.016705454572734684
28.853,-0.0032257817309434165
28.854,-0.016171240293289396
28.855,-0.027876007543925958
28.856,-0.025392224831157637
28.857,-0.005773445914017314
28.858,-0.02109418669513405
28.859,0.0312119642224709
28.86,-0.031149589093202344
28.861,0.07521495211800833
28.862000000000002,-0.031038670148768557
28.863,0.04522029209297242
28.864,0.048608885802498614
28.865000000000002,0.009966246048855596
28.866,0.006712650962326455
28.867,-0.03241232053314895
28.868000000000002,-0.02071229426217739
28.869,0.017164361748747196
28.87,0.00486673754925953
28.871000000000002,0.06712745536104547
28.872,-0.014016793877056679
28.873,-0.010371505914066511
28.874000000000002,-0.07341470338460254
28.875,0.04235271575766837
28.876,0.038051314724426265
28.877,0.0593151829026229
28.878,0.062059364764107894
28.879,0.04961816452968973
28.88,0.051369792262284976
28.881,0.03982543949585408
28.882,0.04690636273442534
28.883,-0.08413639840635363
28.884,-0.047877311036656926
28.885,-0.05699463518494654
28.886,0.06864196124159787
28.887,-0.03511675957647778
28.888,-0.02826909671086849
28.889,0.0020105331542152566
28.89,-0.06172527186901657
28.891000000000002,0.018261158110067743
28.892,-0.10849929647646177
28.893,-0.062040171733580854
28.894000000000002,0.005633361639807907
28.895,-0.0674711552847106
28.896,0.058559170039373026
28.897000000000002,-0.005001046770223644
28.898,0.04847118844214393
28.899,0.009058674123156219
28.900000000000002,-0.010016357855605151
28.901,-0.05970057650039112
28.902,0.036268540930839456
28.903000000000002,0.011698258866716636
28.904,0.09383518185785697
28.905,0.03113342067898861
28.906000000000002,-0.029904361434926433
28.907,0.004827481628643621
28.908,0.011986704711454478
28.909,0.049676639120602134
28.91,0.0583876573918844
28.911,-0.014933255457661242
28.912,-0.06664533669749675
28.913,-0.09751549449876327
28.914,-0.06068925644064366
28.915,-0.032138120067650926
28.916,0.07386461407714287
28.917,0.07583840218453874
28.918,0.049087789263981024
28.919,0.06380099171430423
28.92,-0.03191927934144012
28.921,-0.07119418104282392
28.922,-0.044697066849402806
28.923000000000002,-0.09513186824077247
28.924,-0.04820052985248286
28.925,-0.017015676906009674
28.926000000000002,0.017286790713862618
28.927,0.016270711315237787
28.928,-0.024568911713039692
28.929000000000002,0.03863854889986526
28.93,-0.023193216889084354
28.931,0.010826162566042248
28.932000000000002,-0.04532235297567139
28.933,0.06432271642126357
28.934,0.01050745511083095
28.935000000000002,0.04285302651381636
28.936,-0.052574471188594527
28.937,0.016166578873233067
28.938,0.03516991488765421
28.939,-0.09662224996132232
28.94,0.06291745903748452
28.941,-0.05907889545988938
28.942,0.012770771376166251
28.943,0.09041413781473823
28.944,0.04756369019399773
28.945,-0.07588579874748416
28.946,-0.011478445148670632
28.947,0.057943032825620445
28.948,-0.0456670848767985
28.949,-0.023855172673234226
28.95,-0.026206917533774847
28.951,0.020831859535744734
28.952,-0.08527084320517186
28.953,0.022249469192816992
28.954,-0.04070565302542647
28.955000000000002,-0.010510105434392838
28.956,-0.021427139622387403
28.957,0.019704943291768567
28.958000000000002,-0.011293416130368397
28.959,0.061963479376917915
28.96,0.03973496692516957
28.961000000000002,-0.04904676772542602
28.962,0.059567864645111025
28.963,0.007976554577831365
28.964000000000002,0.0013135851144280676
28.965,0.03614169988224079
28.966,-0.05732831283656265
28.967000000000002,-0.07317267714397914
28.968,-0.0018261072665039313
28.969,-0.03221879466306665
28.97,0.10297745785261499
28.971,-0.03772011392537728
28.972,0.003705547444615893
28.973,0.01246471126733448
28.974,0.06556349170464558
28.975,-0.04465059010370114
28.976,-0.07451858452849557
28.977,0.07672934084950729
28.978,0.011859462069521643
28.979,0.04903821790155591
28.98,0.05198533673860771
28.981,0.061123882251473166
28.982,-0.008929613554690127
28.983,-0.02228059680808032
28.984,-0.08958433030762655
28.985,-0.039595231332664835
28.986,0.013038816462270139
28.987000000000002,-0.025493954272424936
28.988,-0.047956457310461886
28.989,0.010997296650828482
28.990000000000002,0.07489435362137958
28.991,0.00411099103584881
28.992,-0.05065960335540614
28.993000000000002,0.06859013363133655
28.994,-0.034817531228666175
28.995,0.07672321783106019
28.996000000000002,-0.01157325832384098
28.997,0.005547378758308529
28.998,0.07723809099848465
28.999000000000002,-0.06956724720936178
29.0,-0.055655487931044856
29.001,-0.020591553598709945
29.002,-0.012317226407170827
29.003,0.1258037529025589
29.004,-0.05159644400884376
29.005,-0.07319984780648132
29.006,-0.055462860592865475
29.007,0.0023717253497699074
29.008,0.01493060381437742
29.009,-0.04532828154552873
29.01,-0.00908722992891248
29.011,0.08709582070556293
29.012,-0.00829099080587443
29.013,0.006253465447406138
29.014,0.08504170062095737
29.015,-0.04379113398654003
29.016000000000002,-0.046420080081991506
29.017,-0.030980080339711984
29.018,-0.03303480571893686
29.019000000000002,-0.09674206739778182
29.02,0.0022342299512663573
29.021,0.007271412210532946
29.022000000000002,-0.011729918053513344
29.023,0.01110833330818455
29.024,0.012828965630974552
29.025000000000002,-0.0646947872036423
29.026,0.016718255114662437
29.027,0.03135329599142013
29.028000000000002,-0.07533368200010769
29.029,0.07870809819820924
29.03,-0.05528359175287831
29.031000000000002,-0.0495418546948809
29.032,0.018229674811318486
29.033,0.03551627643446646
29.034,0.04819299335834029
29.035,0.037758570108899076
29.036,-0.01601069222357812
29.037,0.01553040413499424
29.038,-0.005742627658179258
29.039,0.018653281325785177
29.04,0.013075621981242723
29.041,-0.016013139214840683
29.042,-0.008676206524799453
29.043,-0.08459263032872348
29.044,0.048746729394390724
29.045,0.021241255380023354
29.046,-0.10993483624336711
29.047,0.044018945164397735
29.048000000000002,0.0006116158648545702
29.049,-0.0447205493054378
29.05,-0.05032190752132739
29.051000000000002,-0.03464555846975406
29.052,-0.047990788877254546
29.053,-0.04243399753566102
29.054000000000002,0.08133301973970458
29.055,0.013784979034147125
29.056,0.0960227957375074
29.057000000000002,0.004582888186542285
29.058,0.0214257351064633
29.059,-0.05230205254602486
29.060000000000002,-0.01728317780264174
29.061,-0.013458026589070476
29.062,0.021267786318663016
29.063,-0.012439443840838615
29.064,0.00751016279141873
29.065,0.005767913036549804
29.066,-0.024965671767680827
29.067,-0.029786304972632408
29.068,-0.0424995111751577
29.069,0.04564180321865777
29.07,-0.022901912542708604
29.071,0.00946456488796593
29.072,-0.013912147443173636
29.073,0.04802590469276755
29.074,-0.10345995395889607
29.075,0.012197786717690028
29.076,-0.06455114924937005
29.077,0.018898944380511446
29.078,-0.006785685570872749
29.079,-0.07220660273532206
29.080000000000002,0.019739166592117146
29.081,0.015172121271587399
29.082,-0.006547275150537802
29.083000000000002,0.0007666926293903014
29.084,0.01496865283480673
29.085,0.06660682736081762
29.086000000000002,-0.007324243048819224
29.087,0.05962399145740761
29.088,0.007556231954387451
29.089000000000002,0.07454164769995103
29.09,-0.0018106189001843125
29.091,-0.023315405437672198
29.092000000000002,-0.044966577719555006
29.093,0.008006226389771148
29.094,-0.03031549471360539
29.095,0.07908507354542535
29.096,-0.035304427758080084
29.097,-0.02696299642955513
29.098,0.0357706768453335
29.099,0.06509221616563765
29.1,0.041361370457480964
29.101,0.056683935451137465
29.102,-0.0013717538774787848
29.103,-0.0018137731682074392
29.104,0.1009137151105427
29.105,0.08366859339352821
29.106,0.03370675070263527
29.107,0.05219654031138259
29.108,0.03870610550984075
29.109,-0.06554734809203655
29.11,-0.008186537074231332
29.111,0.06776540811822225
29.112000000000002,0.02817215889737301
29.113,-0.01168730058187681
29.114,0.06638462620447139
29.115000000000002,0.008991427031945887
29.116,0.028015694082071954
29.117,0.008808387992945158
29.118000000000002,0.017121834395341103
29.119,0.02081607886931397
29.12,0.05542052094006757
29.121000000000002,0.062320575671914104
29.122,-0.031219513966331124
29.123,0.009742132865124882
29.124000000000002,0.056259048507125126
29.125,-0.013027132375553401
29.126,-0.07096317784622808
29.127,-0.049944298385915624
29.128,-0.04542257945837145
29.129,-0.025237289540259455
29.13,-0.03849283535847805
29.131,0.05143660971750443
29.132,-0.01269740367134111
29.133,0.065345123967219
29.134,-0.053110444160685784
29.135,-0.013195130799727135
29.136,0.01068957315788023
29.137,0.04693757026559641
29.138,0.06442592790156347
29.139,-0.018931405734856757
29.14,0.05828486522389516
29.141000000000002,-0.07497024070453248
29.142,0.05307541265771336
29.143,-0.057291200276095154
29.144000000000002,0.03221275559921777
29.145,0.06632212430833137
29.146,0.05407058836305378
29.147000000000002,-0.07253734002287551
29.148,-0.013357350356558228
29.149,0.0443096790607629
29.150000000000002,0.042220073423739256
29.151,0.02083686020461555
29.152,-0.1039018288598134
29.153000000000002,0.06513439157884594
29.154,0.07302665011084335
29.155,0.011324641714252837
29.156000000000002,0.013447759241236899
29.157,0.02602573143074762
29.158,0.07273715224520833
29.159,0.011089436027900516
29.16,-0.012129977642681611
29.161,0.015407712249996548
29.162,-0.005269801846065022
29.163,-0.005682415730865512
29.164,-0.09488951538974737
29.165,0.018734697434801426
29.166,0.05045798966076427
29.167,0.042308166275512746
29.168,0.038363729324809935
29.169,-0.012184491841292795
29.17,-0.002467506902558054
29.171,0.04973640546029342
29.172,0.033587179559513194
29.173000000000002,0.06472528869759105
29.174,-0.0429081669034177
29.175,-0.042772264756817245
29.176000000000002,-0.02488353477700243
29.177,-0.05472383313911962
29.178,-0.07285793039592528
29.179000000000002,0.017526924908848142
29.18,0.015083860603602058
29.181,0.008396664781952114
29.182000000000002,0.014855198480444535
29.183,-0.07489649266805895
29.184,-0.024569259767327226
29.185000000000002,-0.014088453899411749
29.186,0.0041533260219976725
29.187,-0.07014137480043202
29.188,-0.04246374769929747
29.189,-0.016873651895698012
29.19,0.0588203229890482
29.191,0.019873524482150514
29.192,0.05863843754310466
29.193,0.0021141334438667895
29.194,0.00884687262673073
29.195,0.03419144004133316
29.196,0.0006897800630738891
29.197,-0.02150507314337048
29.198,-0.0647114249860904
29.199,-0.02020618909437731
29.2,0.05127730649898619
29.201,0.07214948830419138
29.202,-0.030019753080485167
29.203,-0.07864535965547578
29.204,0.05366486702079426
29.205000000000002,0.009991248006122904
29.206,-0.06172367079869292
29.207,-0.15088566752565152
29.208000000000002,-0.044555345951467984
29.209,-0.02062012901509372
29.21,-0.05617778720400267
29.211000000000002,0.0348587760947068
29.212,-0.04150938739240573
29.213,-0.0013927263313473018
29.214000000000002,0.11555803841900518
29.215,0.0016964644739562908
29.216,-0.010954668199126601
29.217000000000002,-0.010755466295827965
29.218,0.026495925595154814
29.219,0.019549973643028858
29.22,-0.05852495317527778
29.221,-0.02943247752359831
29.222,-0.042646306111385375
29.223,-0.02368893680178847
29.224,0.08162921991953462
29.225,0.021159310597306403
29.226,-0.013578517465075123
29.227,0.05289106656602124
29.228,0.00047146296682980433
29.229,-0.09034791998179899
29.23,0.07537575155780053
29.231,-0.014911928941371392
29.232,-0.11906535103836641
29.233,-0.0853313452978704
29.234,0.05202158990649221
29.235,-0.08248557410413913
29.236,0.06523798682784607
29.237000000000002,0.0029516865503016266
29.238,0.03573126581238994
29.239,-0.011667493314853051
29.240000000000002,0.02846069336722073
29.241,0.019208358844438316
29.242,0.0024939846850866544
29.243000000000002,-0.04787233151316511
29.244,0.024230284408496092
29.245,-0.08373036656825479
29.246000000000002,0.05441436271579796
29.247,0.018299128845608966
29.248,0.032152539298361496
29.249000000000002,-0.12153277354539996
29.25,-0.046732831528594636
29.251,-0.015624972765270223
29.252,0.04332346256930018
29.253,-0.03765766783592663
29.254,0.13659572528171035
29.255,-0.004384088628459338
29.256,-0.042553120207119
29.257,-0.0017441938904573335
29.258,-0.040701910301131065
29.259,-0.05321850726732179
29.26,0.0556183092065976
29.261,0.029732621219435724
29.262,0.02882337513319953
29.263,0.06575823189530394
29.264,0.02513258259846337
29.265,-0.0537035088187593
29.266000000000002,0.03397195385904562
29.267,-0.05889762689083344
29.268,-0.02753923997115048
29.269000000000002,-0.006943231506951431
29.27,-0.01297171957657826
29.271,-0.09604946954150835
29.272000000000002,-0.055658295009279234
29.273,-0.009090586284134446
29.274,-0.03907647515498386
29.275000000000002,0.047311775131908006
29.276,0.05553847985158928
29.277,-0.06556095030027298
29.278000000000002,-0.00662812425945976
29.279,0.06957840222132679
29.28,-0.016078238259384463
29.281000000000002,-0.029397124892896812
29.282,0.034406696897270536
29.283,-0.02175220364419632
29.284,0.05617426917282511
29.285,-0.03633237931178651
29.286,-0.029459665018820455
29.287,0.034720976729603274
29.288,0.0012493588554907953
29.289,0.0027031540924354683
29.29,-0.09708602955729403
29.291,-0.018170563308157712
29.292,0.043827956329079126
29.293,-0.03744253943545197
29.294,0.03786874083195235
29.295,0.01728765849585053
29.296,-0.00509880437702271
29.297,0.0737056744853707
29.298000000000002,-0.01032386948515909
29.299,-0.006080919385524414
29.3,-0.002474989046151531
29.301000000000002,0.012651778186958656
29.302,0.047397969780441376
29.303,-0.06427805700981587
29.304000000000002,0.05292255216317586
29.305,0.012964455260129333
29.306,0.037168734915214954
29.307000000000002,0.12883650296112553
29.308,-0.016689410061100154
29.309,-0.05281275516811955
29.310000000000002,0.017521993927708163
29.311,0.02474392433453481
29.312,0.049921506869920404
29.313,-0.02145942591414338
29.314,-0.037002457250915326
29.315,-0.0731638586416182
29.316,-0.06595580869423964
29.317,-0.01947795970749879
29.318,-0.0056255507094717955
29.319,0.1023416096957627
29.32,-0.08664997333490315
29.321,0.013671874012007486
29.322,-0.040429204231389175
29.323,0.006034111093866241
29.324,-0.03367698385345308
29.325,0.04493138278629288
29.326,0.04389363206836052
29.327,-0.013844367851835751
29.328,0.06325601656320319
29.329,0.028915738847943337
29.330000000000002,0.060273618354136735
29.331,-0.011646751202265632
29.332,0.0380953752533659
29.333000000000002,-0.0477814895380266
29.334,-0.05259595656517324
29.335,0.10025913657010278
29.336000000000002,-0.06252465481543949
29.337,-0.02942199003598945
29.338,-0.10179794821425853
29.339000000000002,-0.04837686943707535
29.34,-0.054898066927265954
29.341,-0.03773227554164898
29.342000000000002,0.011802738303733323
29.343,0.024930175947162236
29.344,-0.05136341187001195
29.345,-0.039393964068145465
29.346,0.05537547459903613
29.347,0.08755820677256185
29.348,0.06615090722661877
29.349,-0.07794668098315116
29.35,0.0647943714639765
29.351,0.09888879644578437
29.352,-0.07779867734797304
29.353,0.061831426024736666
29.354,0.019548440908033808
29.355,-0.0075925685972168845
29.356,0.01442913672815736
29.357,0.031512818289634585
29.358,0.06732984069387513
29.359,0.06472178013062303
29.36,-0.06608471748961853
29.361,-0.023458987967412224
29.362000000000002,0.013242268897804721
29.363,0.08664640300712173
29.364,-0.12897819550048775
29.365000000000002,-0.02388617698725068
29.366,-0.07057117377838058
29.367,-0.0635576856075561
29.368000000000002,0.05321845443240057
29.369,-0.023695865629239667
29.37,-0.1148592954021725
29.371000000000002,-0.007193878026300025
29.372,0.10141394334113776
29.373,-0.09181500609850447
29.374000000000002,0.024085879983490325
29.375,0.07477942002578701
29.376,-0.007071536717066018
29.377,0.0908688221115299
29.378,-0.03937587941107651
29.379,0.06514590888105173
29.38,0.0526789234373569
29.381,-0.010003354312713448
29.382,-0.08317999073845805
29.383,-0.05922756198239132
29.384,-0.12654554484316852
29.385,0.02030497630219967
29.386,0.014375831393046268
29.387,-0.0051862674724894925
29.388,-0.014964752168204382
29.389,0.05949019583647372
29.39,0.00705566080303752
29.391000000000002,-0.03490358794509919
29.392,0.0009515894049360032
29.393,0.09681498767826827
29.394000000000002,0.02647393216227893
29.395,-0.02314096408759069
29.396,-0.004829479563854014
29.397000000000002,0.021637764529788297
29.398,-0.02149013056979824
29.399,-0.024812163481985967
29.400000000000002,0.0011902255896823065
29.401,0.07877741896423292
29.402,0.04339896204036189
29.403000000000002,-0.015652594692204785
29.404,0.04918129397243799
29.405,0.006986731183183687
29.406000000000002,0.024524130933211843
29.407,0.020611679817282805
29.408,-0.097056185342982
29.409,-0.14350577020430466
29.41,0.02048406342311414
29.411,-0.033329416221490576
29.412,-0.07261729741886659
29.413,-0.03185130879770731
29.414,0.055257136242030706
29.415,0.026567817633733653
29.416,0.04679664437975647
29.417,0.030282442069937812
29.418,-0.03899976985707617
29.419,0.04498782132293056
29.42,0.034581707647715045
29.421,-0.001517928198015747
29.422,0.006300096937313052
29.423000000000002,0.041937353274935106
29.424,-0.0362338967654272
29.425,0.05454060195097925
29.426000000000002,0.02730747612684528
29.427,-0.0019144849700206755
29.428,0.07348268672881633
29.429000000000002,-0.06880457354724269
29.43,-0.028049312678508475
29.431,-0.040034808256983655
29.432000000000002,0.011182107448136119
29.433,0.051691046688352865
29.434,-0.05718514013112377
29.435000000000002,0.1567474385692768
29.436,-0.042040930308015104
29.437,0.008878307862215672
29.438000000000002,-0.009147967640848268
29.439,-0.006972850973741493
29.44,-0.04877169755170196
29.441,0.04448186111050552
29.442,-0.051213334854555606
29.443,-0.09646827142140031
29.444,-0.06351584933558795
29.445,0.06555762857768858
29.446,0.05661536693651463
29.447,-0.10538880010330726
29.448,0.03660952532731343
29.449,-0.10216773148379897
29.45,-0.0033846915069468447
29.451,-0.06133563634783693
29.452,0.04467887789205839
29.453,0.0289583215291173
29.454,0.0512723664795626
29.455000000000002,-0.011432526226360823
29.456,-0.005247258568212474
29.457,-0.06971333895850582
29.458000000000002,-0.04541827235651198
29.459,0.05430509688810071
29.46,0.025918987241680704
29.461000000000002,0.01334535124756836
29.462,0.07169484656094033
29.463,-0.05607600132718604
29.464000000000002,0.04515718013613413
29.465,-0.04971560367800565
29.466,0.0831009062633182
29.467000000000002,0.036268986466092515
29.468,0.056983776395520505
29.469,-0.026730830734640866
29.47,0.11693425089412803
29.471,0.10712734657640934
29.472,0.027989524823616704
29.473,0.06441588084485368
29.474,-0.010336911784075722
29.475,-0.059627213382239995
29.476,0.042573852700512206
29.477,-0.04423165988755637
29.478,0.06617090690589873
29.479,0.05197021506723002
29.48,0.010262131152480099
29.481,0.006410601148728589
29.482,0.04589069600159786
29.483,0.00918463504285327
29.484,-0.025673443375028887
29.485,-0.08200698708782783
29.486,0.040919042285286956
29.487000000000002,0.010648863135516643
29.488,0.12956883088173152
29.489,-0.013437345117514224
29.490000000000002,0.0061517204379020005
29.491,0.007140320321316167
29.492,0.023344200178424895
29.493000000000002,-0.057469551909124464
29.494,-0.012792574658978394
29.495,0.032768009380949814
29.496000000000002,-0.02481764556518687
29.497,0.031878033769067816
29.498,-0.0021425542344899393
29.499000000000002,0.013864184239556689
29.5,0.05216200161325282
29.501,-0.01585402360865133
29.502,-0.07610876118606985
29.503,-0.015815085255088495
29.504,-0.04272372354232906
29.505,-0.10666114985121068
29.506,-0.004632100473797834
29.507,0.011719712187675388
29.508,0.05384762004585048
29.509,-0.05315376737230373
29.51,0.0091872876679296
29.511,0.062048748199393114
29.512,-0.02228316768809762
29.513,0.03397604162050534
29.514,0.08766753518988035
29.515,-0.08482993825911375
29.516000000000002,0.022318117998545293
29.517,0.0671046153811067
29.518,-0.008424444923315783
29.519000000000002,0.07847459649490791
29.52,0.04074711579756091
29.521,0.09727878065266778
29.522000000000002,0.037587682383042074
29.523,0.10062834562362265
29.524,0.02242826444097512
29.525000000000002,-0.061636835132917595
29.526,-0.025565204684119547
29.527,0.056052668356598695
29.528000000000002,0.05414822817157801
29.529,-0.012294781075145833
29.53,0.09242768484608592
29.531000000000002,-0.016538460274440517
29.532,0.023190499552211565
29.533,0.02073672585445605
29.534,-0.06855610858902914
29.535,-0.00858389188603428
29.536,0.11497309429431952
29.537,-0.05108466046871562
29.538,0.025427557984641472
29.539,-0.06432771357367376
29.54,-0.05392987281643948
29.541,-0.07859576303131444
29.542,0.03869511290068151
29.543,-0.05228944209107812
29.544,0.054413390577278106
29.545,-0.03564493188869966
29.546,-0.002671355254359847
29.547,0.011630388531639165
29.548000000000002,-0.08952662661167156
29.549,0.001875092377278769
29.55,0.009677331158292337
29.551000000000002,0.049780674342896916
29.552,-0.05449867150022935
29.553,-0.04658827781054971
29.554000000000002,0.02810529469734452
29.555,0.06667938325484718
29.556,-0.03257952248782885
29.557000000000002,-0.0636884448765696
29.558,-0.01671238054007683
29.559,-0.05047820139914046
29.560000000000002,0.021137888939452457
29.561,-0.051699682374403665
29.562,0.05194847703451377
29.563000000000002,0.014899296491135788
29.564,0.05537942686815957
29.565,-0.1151567507837113
29.566,-0.08114779389984131
29.567,0.07205092589551165
29.568,-0.028003735845292702
29.569,-0.06490194906191148
29.57,-0.0013890866944536503
29.571,0.021071053812013643
29.572,0.001137445054740895
29.573,0.03239864289808349
29.574,0.025458676443651997
29.575,0.02255524966719863
29.576,0.07556252487826154
29.577,0.006919144864036822
29.578,0.0048283853846491954
29.579,0.046430862601071196
29.580000000000002,0.0331197438097938
29.581,-0.040534989092266036
29.582,-0.0009397577171977099
29.583000000000002,0.024585246435669332
29.584,-0.027696199179737396
29.585,-0.026364398367450893
29.586000000000002,-0.07003713696986427
29.587,-0.14565492230258514
29.588,-0.021250287036573334
29.589000000000002,0.0028230720955079755
29.59,-0.05925755130590814
29.591,0.06352339598759174
29.592000000000002,-0.05851418203350484
29.593,0.038723921250130654
29.594,0.013402928443196061
29.595,0.10076231307016772
29.596,0.018524889151560427
29.597,-0.08107659617852135
29.598,0.043780753588780204
29.599,0.07589002245596345
29.6,-0.09752722609360333
29.601,0.023235187727416853
29.602,0.03460999313209673
29.603,-0.018615896660798117
29.604,-0.12853120008456637
29.605,-0.02158808670463675
29.606,-0.03510703533954283
29.607,0.07125498429439402
29.608,-0.00877179617672581
29.609,-0.0240067228174079
29.61,-0.03171936802074565
29.611,0.014923638662896895
29.612000000000002,0.002528038540609825
29.613,-0.038760338731085794
29.614,0.014979616358793588
29.615000000000002,-0.02506744187887372
29.616,-0.12583992908709699
29.617,0.03809953277061666
29.618000000000002,0.03421775738452876
29.619,0.01632867927322435
29.62,-0.01508625143368841
29.621000000000002,0.004032228833112984
29.622,0.04909195763934175
29.623,-0.02308243058664506
29.624000000000002,0.05175331325636767
29.625,-0.06482952144588212
29.626,0.017339892382478572
29.627,0.010115390728494681
29.628,0.058735867010333585
29.629,-0.037689245639573
29.63,-0.03269136684534589
29.631,-0.06249099121838242
29.632,-0.02176790369170311
29.633,0.018584530170312846
29.634,-0.08491356050272357
29.635,-0.018070320665146127
29.636,0.033655710823747596
29.637,-0.003029446603415062
29.638,0.004844397920776981
29.639,-0.07526575259621697
29.64,-0.006008089798165532
29.641000000000002,-0.0006022448562337536
29.642,-0.011225223983540632
29.643,0.0036414780439074567
29.644000000000002,-0.020359242346825228
29.645,-0.02854122514433555
29.646,-0.058484803350547857
29.647000000000002,0.041559791907695
29.648,-0.0690641979657646
29.649,-0.00029509685328505016
29.650000000000002,0.0821193793299539
29.651,0.046301138725332994
29.652,0.016588498410278606
29.653000000000002,0.0036207102098516093
29.654,-0.01511938924138172
29.655,-0.05354242118218937
29.656000000000002,-0.02079389985291194
29.657,0.02112561111471903
29.658,0.01245656086492977
29.659,0.033092583145970654
29.66,0.055412863948976945
29.661,-0.012644299485958082
29.662,0.005785157317810026
29.663,-0.09779485413682584
29.664,0.11097349938734333
29.665,-0.021499042877573975
29.666,0.032818508697576375
29.667,-0.019455661209039066
29.668,-0.019597702940418182
29.669,-0.008573658843181741
29.67,-0.0580382098943858
29.671,-0.11891016485296166
29.672,0.06389702667051599
29.673000000000002,0.0339278528561843
29.674,-0.03851170251632078
29.675,0.03041423059135457
29.676000000000002,0.04944505684014672
29.677,-0.02608690420873563
29.678,0.02935405916096745
29.679000000000002,0.0591785015731654
29.68,-0.06312448518170322
29.681,0.035297277491141296
29.682000000000002,0.026560801379635138
29.683,0.10196382164591716
29.684,0.03528358170818425
29.685000000000002,-0.013723942302807473
29.686,-0.008644826540927054
29.687,0.10649482191397783
29.688000000000002,-0.013279956174596572
29.689,0.03284614652121059
29.69,-0.009352317511158312
29.691,0.055622703100746754
29.692,0.0570649198013147
29.693,-0.001637052390839048
29.694,-0.021869425254601265
29.695,-0.024067927345019897
29.696,-0.08987128611631333
29.697,0.0005976915416699129
29.698,-0.0012709555397475642
29.699,-0.04688457646136229
29.7,-0.09852162182067783
29.701,0.0029239052813185753
29.702,0.008733619869695931
29.703,0.011436662610024444
29.704,-0.058076056990585816
29.705000000000002,0.011094380833803777
29.706,-0.017717916320673932
29.707,0.034512272233142724
29.708000000000002,-0.05725642659371221
29.709,0.049308842522716834
29.71,0.06772499613685638
29.711000000000002,-0.001436391568975245
29.712,0.013576964680282556
29.713,0.03331230117165361
29.714000000000002,-0.05636222929265882
29.715,-0.028515502438342364
29.716,0.005941383320143307
29.717000000000002,0.09905199663367754
29.718,-0.06108973204482133
29.719,0.0816274066985498
29.72,-0.008891406446233771
29.721,6.575098566393789e-05
29.722,0.06368243297853643
29.723,0.10480655857251207
29.724,0.02577836275474495
29.725,0.06371111728492619
29.726,-0.039779735234854126
29.727,-0.019562176272532258
29.728,-0.06013111782828266
29.729,-0.0178116352485472
29.73,0.03659596537520707
29.731,0.019192902005416602
29.732,0.09507369641150422
29.733,0.11146679084753605
29.734,0.0017983178783326252
29.735,-0.02558722531931297
29.736,0.06605657680552027
29.737000000000002,0.07081284706874275
29.738,0.029106344966910128
29.739,0.04166738784953995
29.740000000000002,0.03310455427873436
29.741,-0.044610869559441164
29.742,-0.0569877718115025
29.743000000000002,0.0004555978783746936
29.744,-0.008026168602793458
29.745,0.014858273576694508
29.746000000000002,-0.006572194347315581
29.747,-0.08619564407033527
29.748,-0.10764886540028035
29.749000000000002,0.03385406031685712
29.75,-0.03709323061174681
29.751,-0.016441273299650765
29.752,-0.03354810290094851
29.753,-0.052037916024236956
29.754,-0.05402580171225124
29.755,0.04340809624517544
29.756,-0.019986967489720585
29.757,0.02337391915154627
29.758,0.029870560371259458
29.759,0.007143564062950752
29.76,0.03143634530991383
29.761,-0.007812091033023008
29.762,0.05991900404374479
29.763,0.033268770887217435
29.764,0.040398612696115485
29.765,-0.053768784525823905
29.766000000000002,0.006994030113062447
29.767,-0.09715982015465283
29.768,0.06547622645908883
29.769000000000002,-0.03484479611726366
29.77,-0.026966753716050895
29.771,-0.07011574316992683
29.772000000000002,-0.002553428868303591
29.773,-0.013134936231809344
29.774,0.09242582280145967
29.775000000000002,0.04524775094049054
29.776,-0.0224834654262998
29.777,-0.07914464668950597
29.778000000000002,-0.10915644772999833
29.779,-0.045495176023417586
29.78,-0.06003346390990145
29.781000000000002,0.024577622451248782
29.782,0.000420396752274196
29.783,0.008948928440036684
29.784,-0.039060219226300485
29.785,0.016175018422212462
29.786,-0.062377678617377266
29.787,0.004177715960491285
29.788,0.04993669325685082
29.789,-0.010131751533981638
29.79,0.029925530256521886
29.791,-0.09160303527539282
29.792,-0.09621677725597985
29.793,0.0223064041468403
29.794,0.057518776219500245
29.795,-0.007590438339609668
29.796,0.11067589823206074
29.797,-0.06970691369841858
29.798000000000002,-0.03252224982465561
29.799,0.00747553149604003
29.8,0.022677624680254752
29.801000000000002,-0.03074043188931508
29.802,-0.05549100014561322
29.803,0.02753820110205374
29.804000000000002,0.002288203617284974
29.805,-0.022443090143490316
29.806,0.018962686689728225
29.807000000000002,-0.013478698109945276
29.808,-0.014239556282049539
29.809,-0.016572201228846083
29.810000000000002,-0.049180190139006624
29.811,-0.05453621622405688
29.812,-0.03483999041950971
29.813000000000002,-0.006989151043736888
29.814,-0.10207572127667552
29.815,0.03892316013270687
29.816,-0.007079502332770224
29.817,-0.06083335182535165
29.818,0.07377788579320689
29.819,-0.004338256693808185
29.82,-0.07247295918493792
29.821,0.07366138111167085
29.822,0.06367715844295428
29.823,-0.048591186471167405
29.824,-0.0183439552245718
29.825,-0.024087249732037415
29.826,-0.0946780573997058
29.827,0.017035438427040455
29.828,0.04405255063937991
29.829,0.0356087701764224
29.830000000000002,0.005332551390614307
29.831,0.051682016372437446
29.832,-0.05137745615986123
29.833000000000002,0.0970450386256188
29.834,-0.03181685874080306
29.835,-0.025700696141659554
29.836000000000002,-0.020950224568987593
29.837,-0.024243768677154033
29.838,-0.0012323273429187195
29.839000000000002,-0.0030440177418724484
29.84,0.015016943565055462
29.841,-0.03251086108859663
29.842000000000002,0.016527174547272372
29.843,-0.04666435893901572
29.844,0.044032613046255394
29.845,0.042862298299613355
29.846,0.005925038105216595
29.847,-0.027000286868956346
29.848,0.020236113946915452
29.849,-0.040572205748965084
29.85,0.004615704445060322
29.851,-0.005662968732082157
29.852,0.13243614557229233
29.853,-0.06141152820651803
29.854,-0.13442279472816882
29.855,-0.03391971788956862
29.856,-0.08877212857853918
29.857,-0.040243443539495743
29.858,-0.06964778957277636
29.859,-0.050785409169456494
29.86,-0.05952166141872411
29.861,0.041242420255433065
29.862000000000002,-0.009865141305063035
29.863,0.045903236262891806
29.864,-0.006167393877084474
29.865000000000002,0.03802903063554979
29.866,-0.02360081748607959
29.867,0.07125807784616629
29.868000000000002,0.01521967873154092
29.869,-0.04706422801587861
29.87,0.02325105969451012
29.871000000000002,-0.005878658617481885
29.872,-0.016786593486050817
29.873,-0.0011961818564295134
29.874000000000002,0.03231160610522928
29.875,-0.11030806657322836
29.876,-0.021100252522345698
29.877,0.03150813020105527
29.878,0.010749587830556613
29.879,-0.05699468938548871
29.88,-0.11806872232823772
29.881,0.0863559444723506
29.882,-0.0070727471339153206
29.883,0.07892371506398813
29.884,0.04386445717926836
29.885,-0.03472640349932272
29.886,-0.11934811436526074
29.887,-0.016693826362738813
29.888,0.005152884913451455
29.889,0.030052397976957045
29.89,-0.047624017604135996
29.891000000000002,0.017111401796755424
29.892,0.01727100387391054
29.893,0.05774867444902822
29.894000000000002,-0.006943762762902414
29.895,0.03036439296068292
29.896,0.022364763854202573
29.897000000000002,0.05132935747886757
29.898,-0.033942313387841996
29.899,-0.14708343760577117
29.900000000000002,-0.006066437402827741
29.901,-0.006533599906027851
29.902,-0.05369205045971652
29.903000000000002,-0.07210729285380146
29.904,-0.02637251898721165
29.905,-0.004346726074657292
29.906000000000002,0.005184281029340099
29.907,-0.1148419182654868
29.908,-0.08923480328359952
29.909,0.053960697734848344
29.91,-0.01292165510849222
29.911,-0.004439268550949832
29.912,-0.07179686482887997
29.913,-0.006099540184355879
29.914,-0.025326860690376943
29.915,-0.03804338598670551
29.916,-0.08068359759623928
29.917,-0.051386491349166195
29.918,0.09037841821234216
29.919,-0.025842836706248824
29.92,0.03108026600453944
29.921,-0.018136182790060552
29.922,-0.023723055139845586
29.923000000000002,-0.03960652164125504
29.924,0.05989356577045901
29.925,0.011785596169817072
29.926000000000002,-0.045733951432014947
29.927,-0.025258538847330855
29.928,0.04901903341019797
29.929000000000002,-0.14586099444908468
29.93,0.012487163881350807
29.931,0.024779759650548114
29.932000000000002,-0.038621440177845016
29.933,0.007577021471824056
29.934,0.025945917383725828
29.935000000000002,-0.05975564402552356
29.936,0.04484445074359106
29.937,0.018522428250636935
29.938000000000002,-0.0031363063673053365
29.939,0.010553182181013034
29.94,0.04138727316534321
29.941,0.1224709635350799
29.942,0.03770779148335389
29.943,0.048185290668526
29.944,0.017672463890286177
29.945,0.10330826213088436
29.946,-0.06495790167532989
29.947,-0.07852729511200673
29.948,0.015880436188147697
29.949,0.04100851511305715
29.95,-0.12106698379184946
29.951,0.007048890282833176
29.952,-0.0023463024502316503
29.953,0.04325176782708658
29.954,0.026763251205012984
29.955000000000002,-0.08587513496768119
29.956,-0.05031962361765641
29.957,-0.03755938529039188
29.958000000000002,0.038786266423964384
29.959,0.01960527424516811
29.96,-0.031140947868544464
29.961000000000002,0.006146825791406012
29.962,-0.05494138033558857
29.963,0.09950890989717767
29.964000000000002,0.024854250366655593
29.965,0.03460827431669375
29.966,0.06336817820672941
29.967000000000002,0.044643756006692306
29.968,-0.005202785373725401
29.969,-0.016544330096322606
29.97,0.056701962415484725
29.971,-0.006695171071145802
29.972,-0.04567177695255453
29.973,0.09002520418818746
29.974,-0.05507379349242616
29.975,-0.09486952865348205
29.976,0.04175975034669382
29.977,-0.04407766237399801
29.978,0.01470667352967137
29.979,0.0843765364580162
29.98,-0.07457301805822855
29.981,-0.007143043487034166
29.982,0.0698765723590672
29.983,0.03066267865579763
29.984,-0.011513491698276647
29.985,0.11789011754736081
29.986,-0.00537977266608584
29.987000000000002,0.02020284329434613
29.988,0.0837944995409888
29.989,0.05131891330550539
29.990000000000002,0.06927890188293089
29.991,-0.04091127013041001
29.992,0.06629080840251499
29.993000000000002,0.014110389063911839
29.994,-0.030987389087564307
29.995,0.017982382964914743
29.996000000000002,0.016885932010706425
29.997,0.10116462818938222
29.998,0.027104425574796014
29.999000000000002,-0.03083211788933964
